dataset,dataset_name,architecture,method,modalities,seed,train_size,val_size,test_size,channels,time_steps,num_classes,batch_size,num_params,best_epoch,duration_sec,checkpoint_path,accuracy,val_accuracy,balanced_accuracy,val_balanced_accuracy,macro_f1,val_macro_f1,weighted_f1,val_weighted_f1,delta_macro_f1_vs_raw,delta_macro_f1_vs_raw_larger
FordA,FordA,raw_only,raw_only,raw,42,2880,721,1320,1,500,2,32,157634,11,24.177079708002566,results/fusion_over_raw/checkpoints/FordA/raw_only__raw__seed_42.pt,0.9083333333333333,0.9348127600554785,0.9078302413600545,0.934589843148131,0.9081498333159854,0.9347142992002806,0.9082804604469787,0.9348022106781358,0.0,
FordA,FordA,raw_larger,raw_larger,raw_larger,42,2880,721,1320,1,500,2,32,420610,40,121.06397024999751,results/fusion_over_raw/checkpoints/FordA/raw_larger__raw_larger__seed_42.pt,0.925,0.941747572815534,0.9248033477418599,0.9415811531231704,0.9249047949334297,0.9416657676956033,0.9249898718014288,0.9417415131770206,0.016754961617444275,0.0
FordA,FordA,stats_only,stats_only,stats,42,2880,721,1320,1,500,2,32,44900,21,10.274963208001282,results/fusion_over_raw/checkpoints/FordA/stats_only__stats__seed_42.pt,0.8568181818181818,0.8515950069348127,0.8560215921077123,0.8503089273057841,0.8564258744192551,0.8509343293329752,0.8566646702272974,0.851278432250599,-0.051723958896730315,-0.06847892051417459
FordA,FordA,gaf_only,gaf_only,gaf,42,2880,721,1320,1,500,2,32,126690,52,257.55240558399964,results/fusion_over_raw/checkpoints/FordA/gaf_only__gaf__seed_42.pt,0.9416666666666667,0.941747572815534,0.9421625199065169,0.941773751194108,0.9416545783418167,0.9416882336630004,0.9416812999020115,0.9417527327418412,0.03350474502583123,0.016749783408386953
FordA,FordA,stft_only,stft_only,stft,42,2880,721,1320,1,500,2,32,126690,8,8.525527208999847,results/fusion_over_raw/checkpoints/FordA/stft_only__stft__seed_42.pt,0.9409090909090909,0.9375866851595007,0.941331789070202,0.9382337986502727,0.9408926722069262,0.9375746766177769,0.9409240170019679,0.9376046979720865,0.03274283889094076,0.015987877273496487
FordA,FordA,minirocket_ridge,minirocket_ridge,raw,42,2880,721,1320,1,500,2,32,9997,,5.183951499995601,,0.9462121212121212,0.9472954230235784,0.9458921911301386,0.9473282795599519,0.9461252673760672,0.9472417352189051,0.9461940949442609,0.9473000915283325,0.03797543406008175,0.021220472442637472
FordA,FordA,concat__raw+stats,concat__raw+stats,raw+stats,42,2880,721,1320,1,500,2,32,235428,28,39.013584207998065,results/fusion_over_raw/checkpoints/FordA/concat__raw_stats__raw_stats__seed_42.pt,0.9212121212121213,0.9292649098474342,0.9216148580174144,0.9296131089951003,0.9211902296092349,0.9292300586044632,0.9212320226692906,0.9292845136716054,0.01304039629324949,-0.003714565324194785
FordA,FordA,gated__raw+stats,gated__raw+stats,raw+stats,42,2880,721,1320,1,500,2,32,218662,20,31.685072208005295,results/fusion_over_raw/checkpoints/FordA/gated__raw_stats__raw_stats__seed_42.pt,0.9030303030303031,0.9334257975034674,0.9021599001744189,0.9326715663615913,0.9027245866831248,0.9332304367958018,0.9028981013666584,0.9333556680186643,-0.005425246632860592,-0.022180208250304867
FordA,FordA,raw_centered_residual__raw+stats,raw_centered_residual__raw+stats,raw+stats,42,2880,721,1320,1,500,2,32,317604,33,43.80768416700448,results/fusion_over_raw/checkpoints/FordA/raw_centered_residual__raw_stats__raw_stats__seed_42.pt,0.9196969696969697,0.9403606102635229,0.9194708141162196,0.9400480724785061,0.9195906432748537,0.940257177598224,0.9196836788942052,0.940343371485973,0.011440809958868314,-0.005314151658575961
FordA,FordA,film__raw+stats,film__raw+stats,raw+stats,42,2880,721,1320,1,500,2,32,284836,41,50.95155895900098,results/fusion_over_raw/checkpoints/FordA/film__raw_stats__raw_stats__seed_42.pt,0.9212121212121213,0.9375866851595007,0.9216631162402708,0.938041200579335,0.9211940298507463,0.937563144069509,0.9212320217096337,0.9376051817302086,0.013044196534760855,-0.0037107650826834204
FordA,FordA,concat__raw+gaf,concat__raw+gaf,raw+gaf,42,2880,721,1320,1,500,2,32,317218,74,351.2653550410032,results/fusion_over_raw/checkpoints/FordA/concat__raw_gaf__raw_gaf__seed_42.pt,0.9348484848484848,0.955617198335645,0.9353132992768161,0.9558526701796555,0.934833524684271,0.9555863555863555,0.9348649410291201,0.95562693815121,0.026683691368285523,0.009928729750841248
FordA,FordA,gated__raw+gaf,gated__raw+gaf,raw+gaf,42,2880,721,1320,1,500,2,32,300452,31,180.44812554200325,results/fusion_over_raw/checkpoints/FordA/gated__raw_gaf__raw_gaf__seed_42.pt,0.943939393939394,0.9459084604715673,0.944558195969749,0.946180395057163,0.9439330870552474,0.9458747259473703,0.9439520077076874,0.9459215794531994,0.035783253739261944,0.01902829212181767
FordA,FordA,raw_centered_residual__raw+gaf,raw_centered_residual__raw+gaf,raw+gaf,42,2880,721,1320,1,500,2,32,399394,34,192.62636533300247,results/fusion_over_raw/checkpoints/FordA/raw_centered_residual__raw_gaf__raw_gaf__seed_42.pt,0.9363636363636364,0.9459084604715673,0.9365404369437378,0.9463729931281009,0.9363262155904297,0.9458880581935745,0.9363753303552634,0.9459244908328472,0.0281763822744443,0.011421420657000025
FordA,FordA,film__raw+gaf,film__raw+gaf,raw+gaf,42,2880,721,1320,1,500,2,32,366626,31,181.58054524999898,results/fusion_over_raw/checkpoints/FordA/film__raw_gaf__raw_gaf__seed_42.pt,0.9386363636363636,0.9472954230235784,0.9388878547841134,0.9472319805244831,0.93860673109553,0.9472319805244831,0.9386496471891512,0.9472954230235784,0.030456897779544523,0.013701936162100248
FordA,FordA,concat__raw+stft,concat__raw+stft,raw+stft,42,2880,721,1320,1,500,2,32,317218,24,41.81203912499768,results/fusion_over_raw/checkpoints/FordA/concat__raw_stft__raw_stft__seed_42.pt,0.9454545454545454,0.9472954230235784,0.9459301083052402,0.9477134757018273,0.9454420206659013,0.9472726013055796,0.9454683227220539,0.9473106375022444,0.037292187349915906,0.02053722573247163
FordA,FordA,gated__raw+stft,gated__raw+stft,raw+stft,42,2880,721,1320,1,500,2,32,300452,25,42.972123999999894,results/fusion_over_raw/checkpoints/FordA/gated__raw_stft__raw_stft__seed_42.pt,0.9409090909090909,0.9403606102635229,0.9408492068416372,0.9402406705494437,0.9408492068416372,0.940282954359404,0.9409090909090909,0.9403576234979799,0.032699373525651776,0.0159444119082075
FordA,FordA,raw_centered_residual__raw+stft,raw_centered_residual__raw+stft,raw+stft,42,2880,721,1320,1,500,2,32,399394,39,58.56978770800197,results/fusion_over_raw/checkpoints/FordA/raw_centered_residual__raw_stft__raw_stft__seed_42.pt,0.9401515151515152,0.9472954230235784,0.9407906075710257,0.9480023728082339,0.9401457097250594,0.9472872094812991,0.9401644657182241,0.9473100248765194,0.031995876409073976,0.0152409147916297
FordA,FordA,film__raw+stft,film__raw+stft,raw+stft,42,2880,721,1320,1,500,2,32,366626,33,52.04271804200107,results/fusion_over_raw/checkpoints/FordA/film__raw_stft__raw_stft__seed_42.pt,0.943939393939394,0.9459084604715673,0.9442203884097538,0.9460840960216943,0.94391415788555,0.9458668068173286,0.9439520119663161,0.945918873885127,0.035764324569564576,0.0190093629521203
FordA,FordA,concat__raw+stats+gaf,concat__raw+stats+gaf,raw+stats+gaf,42,2880,721,1320,1,500,2,32,361476,30,179.8724448330031,results/fusion_over_raw/checkpoints/FordA/concat__raw_stats_gaf__raw_stats_gaf__seed_42.pt,0.9340909090909091,0.9472954230235784,0.9342895355490752,0.9474245785954207,0.9340545376553528,0.9472506738544475,0.934103815084171,0.9473039466748413,0.025904704339367424,0.009149742721923149
FordA,FordA,gated__raw+stats+gaf,gated__raw+stats+gaf,raw+stats+gaf,42,2880,721,1320,1,500,2,32,344839,28,171.3106503750023,results/fusion_over_raw/checkpoints/FordA/gated__raw_stats_gaf__raw_stats_gaf__seed_42.pt,0.9318181818181818,0.9403606102635229,0.9317973430401302,0.9400480724785061,0.9317555147058824,0.940257177598224,0.9318213151737967,0.940343371485973,0.023605681389896938,0.0068507197724526625
FordA,FordA,raw_centered_residual__raw+stats+gaf,raw_centered_residual__raw+stats+gaf,raw+stats+gaf,42,2880,721,1320,1,500,2,32,443652,43,233.42195287499635,results/fusion_over_raw/checkpoints/FordA/raw_centered_residual__raw_stats_gaf__raw_stats_gaf__seed_42.pt,0.9431818181818182,0.9445214979195562,0.9434861740191516,0.9443584173060923,0.9431580361618239,0.944443588281527,0.9431950304151483,0.9445157268352579,0.0350082028458385,0.018253241228394224
FordA,FordA,film__raw+stats+gaf,film__raw+stats+gaf,raw+stats+gaf,42,2880,721,1320,1,500,2,32,410884,75,361.0081418339978,results/fusion_over_raw/checkpoints/FordA/film__raw_stats_gaf__raw_stats_gaf__seed_42.pt,0.9303030303030303,0.9486823855755895,0.929508524470366,0.9479946688853964,0.9300950486295314,0.9485394398501534,0.9302163712724058,0.9486334830905719,0.021945215313545985,0.00519025369610171
FordA,FordA,concat__raw+stats+stft,concat__raw+stats+stft,raw+stats+stft,42,2880,721,1320,1,500,2,32,361476,16,34.65423849999934,results/fusion_over_raw/checkpoints/FordA/concat__raw_stats_stft__raw_stats_stft__seed_42.pt,0.9409090909090909,0.9459084604715673,0.9411870144016325,0.9459877969862254,0.9408824907442284,0.9458580513981711,0.9409223909915222,0.9459153344361212,0.03273265742824294,0.015977695810798664
FordA,FordA,gated__raw+stats+stft,gated__raw+stats+stft,raw+stats+stft,42,2880,721,1320,1,500,2,32,344839,22,41.29635066699848,results/fusion_over_raw/checkpoints/FordA/gated__raw_stats_stft__raw_stats_stft__seed_42.pt,0.9371212121212121,0.9472954230235784,0.9374676842257658,0.9476171766663585,0.9370986493663074,0.9472661061837891,0.9371365547945474,0.9473092191834793,0.028948816050321957,0.012193854432877682
FordA,FordA,raw_centered_residual__raw+stats+stft,raw_centered_residual__raw+stats+stft,raw+stats+stft,42,2880,721,1320,1,500,2,32,443652,35,56.320142374999705,results/fusion_over_raw/checkpoints/FordA/raw_centered_residual__raw_stats_stft__raw_stats_stft__seed_42.pt,0.9371212121212121,0.9486823855755895,0.9380467829000434,0.9492465563464916,0.9371211760337328,0.948668166258416,0.9371226917078641,0.9486977898358607,0.028971342717747373,0.012216381100303098
FordA,FordA,film__raw+stats+stft,film__raw+stats+stft,raw+stats+stft,42,2880,721,1320,1,500,2,32,410884,5,22.544550292004715,results/fusion_over_raw/checkpoints/FordA/film__raw_stats_stft__raw_stats_stft__seed_42.pt,0.9272727272727272,0.9403606102635229,0.927922897147939,0.9408184647622568,0.9272667162575419,0.9403381154441974,0.9272877548106906,0.9403782847644214,0.019116882941556446,0.0023619213241121706
FordA,FordA,concat__raw+gaf+stft,concat__raw+gaf+stft,raw+gaf+stft,42,2880,721,1320,1,500,2,32,443266,18,137.0109042089971,results/fusion_over_raw/checkpoints/FordA/concat__raw_gaf_stft__raw_gaf_stft__seed_42.pt,0.9371212121212121,0.9486823855755895,0.9368885855514881,0.9485724630982095,0.937034446571521,0.948615565379022,0.9371088170426848,0.948679815568029,0.028884613255535596,0.012129651638091321
FordA,FordA,gated__raw+gaf+stft,gated__raw+gaf+stft,raw+gaf+stft,42,2880,721,1320,1,500,2,32,426629,17,132.76735212500353,results/fusion_over_raw/checkpoints/FordA/gated__raw_gaf_stft__raw_gaf_stft__seed_42.pt,0.9416666666666667,0.9472954230235784,0.9416316794550957,0.9475208776308897,0.9416103345801361,0.9472587972587972,0.9416680406199968,0.9473069890545619,0.03346050126415068,0.016705539646706402
FordA,FordA,raw_centered_residual__raw+gaf+stft,raw_centered_residual__raw+gaf+stft,raw+gaf+stft,42,2880,721,1320,1,500,2,32,525442,32,195.0928930000009,results/fusion_over_raw/checkpoints/FordA/raw_centered_residual__raw_gaf_stft__raw_gaf_stft__seed_42.pt,0.9401515151515152,0.9486823855755895,0.9394393773310445,0.9478983698499276,0.9399875348101648,0.9485239492822837,0.9400873489309868,0.9486229719655999,0.031837701494179416,0.01508273987673514
FordA,FordA,film__raw+gaf+stft,film__raw+gaf+stft,raw+gaf+stft,42,2880,721,1320,1,500,2,32,492674,5,83.50966070799768,results/fusion_over_raw/checkpoints/FordA/film__raw_gaf_stft__raw_gaf_stft__seed_42.pt,0.9333333333333333,0.9445214979195562,0.933651837604186,0.9449362115189054,0.9333074585870091,0.9444974750585047,0.9333492562541482,0.9445375131602571,0.02515762527102372,0.008402663653579445
FordA,FordA,concat__raw+stats+gaf+stft,concat__raw+stats+gaf+stft,raw+stats+gaf+stft,42,2880,721,1320,1,500,2,32,487524,27,176.22819754199736,results/fusion_over_raw/checkpoints/FordA/concat__raw_stats_gaf_stft__raw_stats_gaf_stft__seed_42.pt,0.9363636363636364,0.9542302357836339,0.9367334698351637,0.9543195895349912,0.9363425925925926,0.9541875819522987,0.9363794191919194,0.9542360522151797,0.028192759276607138,0.011437797659162863
FordA,FordA,gated__raw+stats+gaf+stft,gated__raw+stats+gaf+stft,raw+stats+gaf+stft,42,2880,721,1320,1,500,2,32,471016,14,121.93004658400605,results/fusion_over_raw/checkpoints/FordA/gated__raw_stats_gaf_stft__raw_stats_gaf_stft__seed_42.pt,0.9462121212121212,0.9500693481276006,0.9461817404672774,0.9499129456719362,0.9461601786388267,0.9499992294533742,0.9462133881041528,0.9500641541517318,0.03801034532284131,0.021255383705397035
FordA,FordA,film__raw+stats+gaf+stft,film__raw+stats+gaf+stft,raw+stats+gaf+stft,42,2880,721,1320,1,500,2,32,536932,31,192.83187850000104,results/fusion_over_raw/checkpoints/FordA/film__raw_stats_gaf_stft__raw_stats_gaf_stft__seed_42.pt,0.9318181818181818,0.9375866851595007,0.9324729581601208,0.9379449015438661,0.9318125464914455,0.9375559340627616,0.9318322701350223,0.9376039826514164,0.023662713175460093,0.006907751558015818
FordA,FordA,raw_centered_residual__raw+stats+gaf+stft,raw_centered_residual__raw+stats+gaf+stft,raw+stats+gaf+stft,42,2880,721,1320,1,500,2,32,569700,39,226.59915683300642,results/fusion_over_raw/checkpoints/FordA/raw_centered_residual__raw_stats_gaf_stft__raw_stats_gaf_stft__seed_42.pt,0.9363636363636364,0.9514563106796117,0.9368782445037331,0.9519275214939447,0.9363518009547229,0.9514380009429514,0.9363794169088542,0.9514706969012733,0.028201967638737502,0.011447006021293227
FordA,FordA,ordinary_bottleneck__raw+stats+gaf+stft,ordinary_bottleneck__raw+stats+gaf+stft,raw+stats+gaf+stft,42,2880,721,1320,1,500,2,32,670948,18,141.26861583299615,results/fusion_over_raw/checkpoints/FordA/ordinary_bottleneck__raw_stats_gaf_stft__raw_stats_gaf_stft__seed_42.pt,0.9454545454545454,0.9431345353675451,0.9459301083052402,0.9433068318387723,0.9454420206659013,0.9430907456284737,0.9454683227220539,0.9431454828023129,0.037292187349915906,0.02053722573247163
FordA,FordA,raw_residual_bottleneck__raw+stats+gaf+stft,raw_residual_bottleneck__raw+stats+gaf+stft,raw+stats+gaf+stft,42,2880,721,1320,1,500,2,32,753636,27,179.94064733300183,results/fusion_over_raw/checkpoints/FordA/raw_residual_bottleneck__raw_stats_gaf_stft__raw_stats_gaf_stft__seed_42.pt,0.943939393939394,0.941747572815534,0.9439308390726149,0.941773751194108,0.9438878676470588,0.9416882336630004,0.9439419702540106,0.9417527327418412,0.035738034331073365,0.01898307271362909
FordA,FordA,context_only_residual_bottleneck__raw+stats+gaf+stft,context_only_residual_bottleneck__raw+stats+gaf+stft,raw+stats+gaf+stft,42,2880,721,1320,1,500,2,32,753508,20,149.1542599999957,results/fusion_over_raw/checkpoints/FordA/context_only_residual_bottleneck__raw_stats_gaf_stft__raw_stats_gaf_stft__seed_42.pt,0.9371212121212121,0.9459084604715673,0.9376124588943351,0.9464692921635697,0.9371081818489713,0.9458934725426547,0.9371369856086617,0.945924697394556,0.028958348532985845,0.01220338691554157
FordA,FordA,raw_conditioned_context_bottleneck__raw+stats+gaf+stft,raw_conditioned_context_bottleneck__raw+stats+gaf+stft,raw+stats+gaf+stft,42,2880,721,1320,1,500,2,32,819812,18,140.66205970799638,results/fusion_over_raw/checkpoints/FordA/raw_conditioned_context_bottleneck__raw_stats_gaf_stft__raw_stats_gaf_stft__seed_42.pt,0.9401515151515152,0.9459084604715673,0.9410801569081646,0.9466618902345074,0.9401514808031914,0.9459018001950836,0.9401529234327864,0.945922613559095,0.03200164748720602,0.015246685869761745
FordA,FordA,raw_only,raw_only,raw,3407,2880,721,1320,1,500,2,32,157634,41,47.38024654200126,results/fusion_over_raw/checkpoints/FordA/raw_only__raw__seed_3407.pt,0.9204545454545454,0.9389736477115118,0.9196741880554005,0.9389725911448314,0.9202237418979036,0.9389725911448314,0.9203602735792973,0.9389736477115118,0.0,
FordA,FordA,raw_larger,raw_larger,raw_larger,3407,2880,721,1320,1,500,2,32,420610,90,212.6321629169979,results/fusion_over_raw/checkpoints/FordA/raw_larger__raw_larger__seed_3407.pt,0.9265151515151515,0.941747572815534,0.9265130676373463,0.9416888533218424,0.9264509480555513,0.9417286288274143,0.9265200902428131,0.9417330005169803,0.006227206157647713,0.0
FordA,FordA,stats_only,stats_only,stats,3407,2880,721,1320,1,500,2,32,44900,7,6.3221507499984,results/fusion_over_raw/checkpoints/FordA/stats_only__stats__seed_3407.pt,0.8446969696969697,0.8502080443828016,0.8436950631838018,0.8502977885162899,0.8441667036190066,0.8501593312704937,0.8444559396615319,0.8501480897830381,-0.07605703827889698,-0.0822842444365447
FordA,FordA,gaf_only,gaf_only,gaf,3407,2880,721,1320,1,500,2,32,126690,39,167.55283645899908,results/fusion_over_raw/checkpoints/FordA/gaf_only__gaf__seed_3407.pt,0.9356060606060606,0.9334257975034674,0.9356614478845664,0.9334246448852705,0.9355554266408812,0.9334246448852705,0.9356129030337876,0.9334257975034674,0.015331684742977636,0.009104478585329923
FordA,FordA,stft_only,stft_only,stft,3407,2880,721,1320,1,500,2,32,126690,45,21.43800008299877,results/fusion_over_raw/checkpoints/FordA/stft_only__stft__seed_3407.pt,0.9507575757575758,0.9403606102635229,0.9511661254851675,0.9402960956616753,0.9507426210092481,0.9403381154441974,0.9507699296801072,0.9403429357626243,0.030518879111344543,0.02429167295369683
FordA,FordA,minirocket_ridge,minirocket_ridge,raw,3407,2880,721,1320,1,500,2,32,9997,,4.569700709005701,,0.9477272727272728,0.9389736477115118,0.9477466856941945,0.9389610489542775,0.9476816022250829,0.9389707127137294,0.9477307858428259,0.9389724737123989,0.02745786032717934,0.021230654169531626
FordA,FordA,concat__raw+stats,concat__raw+stats,raw+stats,3407,2880,721,1320,1,500,2,32,235428,11,23.647074916996644,results/fusion_over_raw/checkpoints/FordA/concat__raw_stats__raw_stats__seed_3407.pt,0.906060606060606,0.9167822468793343,0.9051450159596837,0.9168616014404654,0.9057481642543233,0.9167628723158624,0.9059208294630585,0.9167575883440063,-0.014475577643580317,-0.02070278380122803
FordA,FordA,gated__raw+stats,gated__raw+stats,raw+stats,3407,2880,721,1320,1,500,2,32,218662,28,38.62765337499877,results/fusion_over_raw/checkpoints/FordA/gated__raw_stats__raw_stats__seed_3407.pt,0.9212121212121213,0.9237170596393898,0.9217113744631273,0.9236984256452084,0.9211974678487047,0.923711776531584,0.9212316590300099,0.9237144180854868,0.0009737259508011409,-0.0052534802068465725
FordA,FordA,raw_centered_residual__raw+stats,raw_centered_residual__raw+stats,raw+stats,3407,2880,721,1320,1,500,2,32,317604,24,35.565259459006484,results/fusion_over_raw/checkpoints/FordA/raw_centered_residual__raw_stats__raw_stats__seed_3407.pt,0.921969696969697,0.9403606102635229,0.921914748402308,0.9403653488049986,0.9218943436591431,0.9403601513551363,0.9219715348553202,0.9403608397177162,0.0016706017612395652,-0.004556604396408148
FordA,FordA,film__raw+stats,film__raw+stats,raw+stats,3407,2880,721,1320,1,500,2,32,284836,27,38.16242320799938,results/fusion_over_raw/checkpoints/FordA/film__raw_stats__raw_stats__seed_3407.pt,0.9106060606060606,0.9292649098474342,0.9102741756461432,0.929269456285877,0.9104671160938462,0.9292643655607431,0.9105793405075578,0.9292651819907797,-0.00975662580405734,-0.015983831961705053
FordA,FordA,concat__raw+gaf,concat__raw+gaf,raw+gaf,3407,2880,721,1320,1,500,2,32,317218,32,182.70016541699442,results/fusion_over_raw/checkpoints/FordA/concat__raw_gaf__raw_gaf__seed_3407.pt,0.9431818181818182,0.9472954230235784,0.9435344322420081,0.9472829683436187,0.9431614301502778,0.9472928882527664,0.9431956820432656,0.9472944091152534,0.02293768825237419,0.016710482094726475
FordA,FordA,gated__raw+gaf,gated__raw+gaf,raw+gaf,3407,2880,721,1320,1,500,2,32,300452,53,263.8755201660024,results/fusion_over_raw/checkpoints/FordA/gated__raw_gaf__raw_gaf__seed_3407.pt,0.9401515151515152,0.9472954230235784,0.9400667342281787,0.9473522214869419,0.9400879376703124,0.9472904546433958,0.9401500366054406,0.9472883253376033,0.019864195772408832,0.01363698961476112
FordA,FordA,raw_centered_residual__raw+gaf,raw_centered_residual__raw+gaf,raw+gaf,3407,2880,721,1320,1,500,2,32,399394,26,160.96035058299458,results/fusion_over_raw/checkpoints/FordA/raw_centered_residual__raw_gaf__raw_gaf__seed_3407.pt,0.9371212121212121,0.9361997226074896,0.937178134888627,0.9362217023961588,0.9370717695434487,0.9361995998768853,0.9371278935506395,0.9361992316850721,0.01684802764554516,0.010620821487897447
FordA,FordA,film__raw+gaf,film__raw+gaf,raw+gaf,3407,2880,721,1320,1,500,2,32,366626,36,199.40280662499572,results/fusion_over_raw/checkpoints/FordA/film__raw_gaf__raw_gaf__seed_3407.pt,0.9340909090909091,0.941747572815534,0.9345308266633576,0.9417119377029501,0.9340742233313184,0.9417384946898568,0.9341075948504998,0.9417415207317492,0.01385048143341483,0.007623275275767116
FordA,FordA,concat__raw+stft,concat__raw+stft,raw+stft,3407,2880,721,1320,1,500,2,32,317218,47,66.12231900000188,results/fusion_over_raw/checkpoints/FordA/concat__raw_stft__raw_stft__seed_3407.pt,0.9446969696969697,0.9459084604715673,0.9449546028003557,0.9458786684928977,0.9446702638268356,0.9459018001950836,0.9447089412939262,0.945904297798765,0.02444652192893204,0.018219315771284328
FordA,FordA,gated__raw+stft,gated__raw+stft,raw+stft,3407,2880,721,1320,1,500,2,32,300452,32,50.29268316699745,results/fusion_over_raw/checkpoints/FordA/gated__raw_stft__raw_stft__seed_3407.pt,0.9462121212121212,0.9459084604715673,0.9463265151358469,0.9459017528740055,0.9461742788634112,0.9459067955561968,0.9462196896818632,0.9459080442427248,0.025950536965507642,0.01972333080785993
FordA,FordA,raw_centered_residual__raw+stft,raw_centered_residual__raw+stft,raw+stft,3407,2880,721,1320,1,500,2,32,399394,27,45.482504874998995,results/fusion_over_raw/checkpoints/FordA/raw_centered_residual__raw_stft__raw_stft__seed_3407.pt,0.943939393939394,0.9403606102635229,0.9438343226269019,0.9403422644238908,0.9438770350894934,0.9403564798337838,0.9439365594462167,0.9403585450486532,0.02365329319158982,0.017426087033942106
FordA,FordA,film__raw+stft,film__raw+stft,raw+stft,3407,2880,721,1320,1,500,2,32,366626,9,26.04256025000359,results/fusion_over_raw/checkpoints/FordA/film__raw_stft__raw_stft__seed_3407.pt,0.9325757575757576,0.9403606102635229,0.932917623213584,0.9402614690900137,0.9325515637783296,0.9403146844396187,0.9325922093580086,0.9403215733132043,0.012327821880426026,0.006100615722778313
FordA,FordA,concat__raw+stats+gaf,concat__raw+stats+gaf,raw+stats+gaf,3407,2880,721,1320,1,500,2,32,361476,17,126.08899983299489,results/fusion_over_raw/checkpoints/FordA/concat__raw_stats_gaf__raw_stats_gaf__seed_3407.pt,0.9272727272727272,0.9153952843273232,0.9270059909136661,0.9154342172086367,0.9271682280590838,0.9153926802289232,0.9272560073985443,0.9153907271551232,0.006944486161180263,0.00071728000353255
FordA,FordA,gated__raw+stats+gaf,gated__raw+stats+gaf,raw+stats+gaf,3407,2880,721,1320,1,500,2,32,344839,47,243.01582812499691,results/fusion_over_raw/checkpoints/FordA/gated__raw_stats_gaf__raw_stats_gaf__seed_3407.pt,0.943939393939394,0.9486823855755895,0.9440756137411843,0.9486757260037859,0.943902175685889,0.9486808060404944,0.9439481511755127,0.9486819906918156,0.023678433787985398,0.017451227630337685
FordA,FordA,raw_centered_residual__raw+stats+gaf,raw_centered_residual__raw+stats+gaf,raw+stats+gaf,3407,2880,721,1320,1,500,2,32,443652,28,169.3642297500046,results/fusion_over_raw/checkpoints/FordA/raw_centered_residual__raw_stats_gaf__raw_stats_gaf__seed_3407.pt,0.928030303030303,0.9181692094313454,0.9284158204242587,0.9180581418612167,0.9280084460904395,0.9180929495510795,0.9280483587632337,0.9181033486256612,0.007784704192535963,0.0015574980348882494
FordA,FordA,film__raw+stats+gaf,film__raw+stats+gaf,raw+stats+gaf,3407,2880,721,1320,1,500,2,32,410884,28,169.3815407919974,results/fusion_over_raw/checkpoints/FordA/film__raw_stats_gaf__raw_stats_gaf__seed_3407.pt,0.921969696969697,0.9334257975034674,0.9224938470765858,0.9333323073608397,0.9219567524687003,0.9333795333795334,0.9219887330005745,0.9333868382412072,0.001733010570796778,-0.004494195586850935
FordA,FordA,concat__raw+stats+stft,concat__raw+stats+stft,raw+stats+stft,3407,2880,721,1320,1,500,2,32,361476,12,30.062479874999553,results/fusion_over_raw/checkpoints/FordA/concat__raw_stats_stft__raw_stats_stft__seed_3407.pt,0.9371212121212121,0.9486823855755895,0.9373229095571963,0.9486641838132319,0.9370865129355666,0.9486788314848837,0.9371335247354735,0.9486806085302367,0.016862771037662982,0.010635564880015269
FordA,FordA,gated__raw+stats+stft,gated__raw+stats+stft,raw+stats+stft,3407,2880,721,1320,1,500,2,32,344839,10,27.83809904199734,results/fusion_over_raw/checkpoints/FordA/gated__raw_stats_stft__raw_stats_stft__seed_3407.pt,0.9386363636363636,0.941747572815534,0.9385500472241181,0.9417696486557195,0.9385711765986748,0.9417474607571561,0.9386348476587432,0.9417471245820223,0.01834743470077127,0.012120228543123557
FordA,FordA,raw_centered_residual__raw+stats+stft,raw_centered_residual__raw+stats+stft,raw+stats+stft,3407,2880,721,1320,1,500,2,32,443652,21,40.360084666994226,results/fusion_over_raw/checkpoints/FordA/raw_centered_residual__raw_stats_stft__raw_stats_stft__seed_3407.pt,0.921969696969697,0.9431345353675451,0.9224938470765858,0.9431393219347789,0.9219567524687003,0.9431340978037346,0.9219887330005745,0.9431347541494501,0.001733010570796778,-0.004494195586850935
FordA,FordA,film__raw+stats+stft,film__raw+stats+stft,raw+stats+stft,3407,2880,721,1320,1,500,2,32,410884,27,46.99689541599946,results/fusion_over_raw/checkpoints/FordA/film__raw_stats_stft__raw_stats_stft__seed_3407.pt,0.9348484848484848,0.941747572815534,0.9350237499396772,0.9417350220840579,0.9348101731044874,0.9417447712267417,0.934860457268484,0.9417464521800171,0.014586431206583872,0.008359225048936159
FordA,FordA,concat__raw+gaf+stft,concat__raw+gaf+stft,raw+gaf+stft,3407,2880,721,1320,1,500,2,32,443266,10,102.64203929199721,results/fusion_over_raw/checkpoints/FordA/concat__raw_gaf_stft__raw_gaf_stft__seed_3407.pt,0.9409090909090909,0.9431345353675451,0.9408492068416372,0.943127779744225,0.9408492068416372,0.9431327850718991,0.9409090909090909,0.9431340977936336,0.02062546494373363,0.014398258786085916
FordA,FordA,gated__raw+gaf+stft,gated__raw+gaf+stft,raw+gaf+stft,3407,2880,721,1320,1,500,2,32,426629,47,254.09157825000148,results/fusion_over_raw/checkpoints/FordA/gated__raw_gaf_stft__raw_gaf_stft__seed_3407.pt,0.9409090909090909,0.9500693481276006,0.9401735917216466,0.9501723633789378,0.9407424460431655,0.9500477275526542,0.9408424329627206,0.950043403437665,0.020518704145261912,0.014291497987614199
FordA,FordA,raw_centered_residual__raw+gaf+stft,raw_centered_residual__raw+gaf+stft,raw+gaf+stft,3407,2880,721,1320,1,500,2,32,525442,26,169.79711824999686,results/fusion_over_raw/checkpoints/FordA/raw_centered_residual__raw_gaf_stft__raw_gaf_stft__seed_3407.pt,0.943939393939394,0.9459084604715673,0.9446064541926054,0.9458555841117899,0.943934760448522,0.9458934725426547,0.943950977666574,0.9458972195248829,0.023711018550618412,0.0174838123929707
FordA,FordA,film__raw+gaf+stft,film__raw+gaf+stft,raw+gaf+stft,3407,2880,721,1320,1,500,2,32,492674,19,140.65576458400028,results/fusion_over_raw/checkpoints/FordA/film__raw_gaf_stft__raw_gaf_stft__seed_3407.pt,0.943939393939394,0.9459084604715673,0.9441721301868972,0.9459132950645593,0.943910422049957,0.9459080442523329,0.9439509826951686,0.9459086685811844,0.02368668015205344,0.017459473994405728
FordA,FordA,concat__raw+stats+gaf+stft,concat__raw+stats+gaf+stft,raw+stats+gaf+stft,3407,2880,721,1320,1,500,2,32,487524,50,270.24572608300514,results/fusion_over_raw/checkpoints/FordA/concat__raw_stats_gaf_stft__raw_stats_gaf_stft__seed_3407.pt,0.9462121212121212,0.9459084604715673,0.9466643226958422,0.9458671263023438,0.9461985040979725,0.94589805306874,0.9462257383262699,0.9459011752895882,0.02597476220006889,0.019747556042421177
FordA,FordA,gated__raw+stats+gaf+stft,gated__raw+stats+gaf+stft,raw+stats+gaf+stft,3407,2880,721,1320,1,500,2,32,471016,6,87.30272487500042,results/fusion_over_raw/checkpoints/FordA/gated__raw_stats_gaf_stft__raw_stats_gaf_stft__seed_3407.pt,0.9333333333333333,0.9389736477115118,0.933748354049899,0.9389379645731698,0.9333148096693527,0.9389641372941357,0.9333501730278613,0.9389673074332611,0.013091067771449083,0.00686386161380137
FordA,FordA,film__raw+stats+gaf+stft,film__raw+stats+gaf+stft,raw+stats+gaf+stft,3407,2880,721,1320,1,500,2,32,536932,20,145.25020166699687,results/fusion_over_raw/checkpoints/FordA/film__raw_stats_gaf_stft__raw_stats_gaf_stft__seed_3407.pt,0.9492424242424242,0.9403606102635229,0.9497459549268199,0.9403307222333369,0.9492319058298924,0.9403532668817589,0.9492551570575942,0.9403560206499204,0.029008163931988795,0.022780957774341082
FordA,FordA,raw_centered_residual__raw+stats+gaf+stft,raw_centered_residual__raw+stats+gaf+stft,raw+stats+gaf+stft,3407,2880,721,1320,1,500,2,32,569700,45,248.7323866250008,results/fusion_over_raw/checkpoints/FordA/raw_centered_residual__raw_stats_gaf_stft__raw_stats_gaf_stft__seed_3407.pt,0.9492424242424242,0.9500693481276006,0.9496976967039634,0.9500223149017375,0.949229574289636,0.9500577233895173,0.9492552741952126,0.950060893772631,0.029005832391732378,0.022778626234084665
FordA,FordA,ordinary_bottleneck__raw+stats+gaf+stft,ordinary_bottleneck__raw+stats+gaf+stft,raw+stats+gaf+stft,3407,2880,721,1320,1,500,2,32,670948,40,231.60174574999837,results/fusion_over_raw/checkpoints/FordA/ordinary_bottleneck__raw_stats_gaf_stft__raw_stats_gaf_stft__seed_3407.pt,0.9515151515151515,0.9431345353675451,0.9513212412014919,0.9431508641253328,0.9514509544301004,0.9431345353675451,0.9515071268795202,0.9431345353675451,0.031227212532196846,0.025000006374549133
FordA,FordA,raw_residual_bottleneck__raw+stats+gaf+stft,raw_residual_bottleneck__raw+stats+gaf+stft,raw+stats+gaf+stft,3407,2880,721,1320,1,500,2,32,753636,30,190.74077725000097,results/fusion_over_raw/checkpoints/FordA/raw_residual_bottleneck__raw_stats_gaf_stft__raw_stats_gaf_stft__seed_3407.pt,0.9409090909090909,0.9445214979195562,0.9414283055159148,0.944451284261069,0.9408981008865285,0.9444974750585047,0.9409237442725075,0.944502279630715,0.020674358988624908,0.014447152830977195
FordA,FordA,context_only_residual_bottleneck__raw+stats+gaf+stft,context_only_residual_bottleneck__raw+stats+gaf+stft,raw+stats+gaf+stft,3407,2880,721,1320,1,500,2,32,753508,9,102.06524741699832,results/fusion_over_raw/checkpoints/FordA/context_only_residual_bottleneck__raw_stats_gaf_stft__raw_stats_gaf_stft__seed_3407.pt,0.9371212121212121,0.9472954230235784,0.937178134888627,0.9473060527247265,0.9370717695434487,0.9472953216374269,0.9371278935506395,0.9472956257958813,0.01684802764554516,0.010620821487897447
FordA,FordA,raw_conditioned_context_bottleneck__raw+stats+gaf+stft,raw_conditioned_context_bottleneck__raw+stats+gaf+stft,raw+stats+gaf+stft,3407,2880,721,1320,1,500,2,32,819812,24,165.66787954200117,results/fusion_over_raw/checkpoints/FordA/raw_conditioned_context_bottleneck__raw_stats_gaf_stft__raw_stats_gaf_stft__seed_3407.pt,0.9416666666666667,0.941747572815534,0.9414869047865263,0.9417465642746118,0.9415926182815564,0.9417465642746118,0.9416587891788891,0.941747572815534,0.021368876383652813,0.0151416702260051
FordA,FordA,raw_only,raw_only,raw,2025,2880,721,1320,1,500,2,32,157634,39,45.72662791699986,results/fusion_over_raw/checkpoints/FordA/raw_only__raw__seed_2025.pt,0.921969696969697,0.9320388349514563,0.9220595230708776,0.9325402325402325,0.9219147989145261,0.9320367431347087,0.921980676580731,0.9320466792642595,0.0,
FordA,FordA,raw_larger,raw_larger,raw_larger,2025,2880,721,1320,1,500,2,32,420610,17,68.40597916700062,results/fusion_over_raw/checkpoints/FordA/raw_larger__raw_larger__seed_2025.pt,0.9143939393939394,0.9251040221914009,0.9143795716048617,0.9257103257103256,0.9143191456729618,0.9251038781163435,0.9143996927570914,0.925106615542433,-0.007595653241564304,0.0
FordA,FordA,stats_only,stats_only,stats,2025,2880,721,1320,1,500,2,32,44900,5,5.743637999999919,results/fusion_over_raw/checkpoints/FordA/stats_only__stats__seed_2025.pt,0.8492424242424242,0.8377253814147018,0.8477142837445624,0.8368445368445369,0.8483896158314763,0.8372243801628971,0.8487514133391513,0.8374623557575044,-0.07352518308304978,-0.06592952984148548
FordA,FordA,gaf_only,gaf_only,gaf,2025,2880,721,1320,1,500,2,32,126690,23,117.84173379200365,results/fusion_over_raw/checkpoints/FordA/gaf_only__gaf__seed_2025.pt,0.9371212121212121,0.9292649098474342,0.9365990362143493,0.9285939785939786,0.9369866433079367,0.9290881215709341,0.937079297244946,0.9291814264946423,0.015071844393410583,0.022667497634974887
FordA,FordA,stft_only,stft_only,stft,2025,2880,721,1320,1,500,2,32,126690,34,17.649608249994344,results/fusion_over_raw/checkpoints/FordA/stft_only__stft__seed_2025.pt,0.946969696969697,0.9348127600554785,0.9471572459721619,0.9352429352429352,0.9469385129920247,0.9348082453997172,0.9469794419627195,0.9348225418096281,0.025023714077498593,0.0326193673190629
FordA,FordA,minirocket_ridge,minirocket_ridge,raw,2025,2880,721,1320,1,500,2,32,9997,,4.562742458001594,,0.9522727272727273,0.941747572815534,0.9521519720378069,0.9418533918533918,0.9522171945701358,0.9417223488114299,0.9522690250925545,0.9417542992166283,0.03030239565560966,0.037898048897173964
FordA,FordA,concat__raw+stats,concat__raw+stats,raw+stats,2025,2880,721,1320,1,500,2,32,235428,39,48.67690145799861,results/fusion_over_raw/checkpoints/FordA/concat__raw_stats__raw_stats__seed_2025.pt,0.9143939393939394,0.9223300970873787,0.9147173791648571,0.9226418726418726,0.9143632214264185,0.9223179929198091,0.9144148276118537,0.922343546162456,-0.007551577488107641,4.40757534566627e-05
FordA,FordA,gated__raw+stats,gated__raw+stats,raw+stats,2025,2880,721,1320,1,500,2,32,218662,29,39.5224350829958,results/fusion_over_raw/checkpoints/FordA/gated__raw_stats__raw_stats__seed_2025.pt,0.9151515151515152,0.9361997226074896,0.9142933962069038,0.9361553861553862,0.9148840133477343,0.9361553861553862,0.9150358386958259,0.9361997226074896,-0.0070307855667918195,0.0005648676747724846
FordA,FordA,raw_centered_residual__raw+stats,raw_centered_residual__raw+stats,raw+stats,2025,2880,721,1320,1,500,2,32,317604,23,34.65650416599965,results/fusion_over_raw/checkpoints/FordA/raw_centered_residual__raw_stats__raw_stats__seed_2025.pt,0.9128787878787878,0.9237170596393898,0.9123803023722363,0.9239200739200739,0.9127043870358539,0.9236959228165642,0.9128285367884509,0.9237293894527047,-0.00921041187867222,-0.001614758637107916
FordA,FordA,film__raw+stats,film__raw+stats,raw+stats,2025,2880,721,1320,1,500,2,32,284836,39,48.97499883399723,results/fusion_over_raw/checkpoints/FordA/film__raw_stats__raw_stats__seed_2025.pt,0.9234848484848485,0.9306518723994452,0.9240105340806464,0.9313351813351813,0.9234721553333858,0.9306517389966144,0.9235035148840584,0.9306492043428277,0.001557356418859679,0.009153009660423983
FordA,FordA,concat__raw+gaf,concat__raw+gaf,raw+gaf,2025,2880,721,1320,1,500,2,32,317218,26,159.38406391700119,results/fusion_over_raw/checkpoints/FordA/concat__raw_gaf__raw_gaf__seed_2025.pt,0.946969696969697,0.9375866851595007,0.9474467953093008,0.938018788018788,0.9469575200918484,0.9375823626167505,0.9469830915353303,0.9375960506687929,0.025042721177322314,0.03263837441888662
FordA,FordA,gated__raw+gaf,gated__raw+gaf,raw+gaf,2025,2880,721,1320,1,500,2,32,300452,57,279.31293133299914,results/fusion_over_raw/checkpoints/FordA/gated__raw_gaf__raw_gaf__seed_2025.pt,0.9340909090909091,0.9459084604715673,0.9343860519947881,0.9459074459074459,0.9340633219477157,0.9458747259473703,0.9341062352815722,0.9459103346118005,0.012148523033189584,0.01974417627475389
FordA,FordA,raw_centered_residual__raw+gaf,raw_centered_residual__raw+gaf,raw+gaf,2025,2880,721,1320,1,500,2,32,399394,51,258.1762261250042,results/fusion_over_raw/checkpoints/FordA/raw_centered_residual__raw_gaf__raw_gaf__seed_2025.pt,0.9371212121212121,0.9459084604715673,0.9371298766657704,0.9460537460537461,0.937066275140317,0.9458880581935745,0.9371254380428194,0.9459157469994219,0.015151476225790939,0.022747129467355243
FordA,FordA,film__raw+gaf,film__raw+gaf,raw+gaf,2025,2880,721,1320,1,500,2,32,366626,25,156.57290849999845,results/fusion_over_raw/checkpoints/FordA/film__raw_gaf__raw_gaf__seed_2025.pt,0.9340909090909091,0.941747572815534,0.9345790848862141,0.9422191422191422,0.9340772508537409,0.9417447712267417,0.9341074427464284,0.9417554172641521,0.012162451939214836,0.01975810518077914
FordA,FordA,concat__raw+stft,concat__raw+stft,raw+stft,2025,2880,721,1320,1,500,2,32,317218,37,55.56152800000564,results/fusion_over_raw/checkpoints/FordA/concat__raw_stft__raw_stft__seed_2025.pt,0.9446969696969697,0.9403606102635229,0.9444237623489344,0.9401362901362902,0.9446142916509321,0.9402944546618779,0.9446823794535514,0.9403468278465136,0.022699492736406035,0.03029514597797034
FordA,FordA,gated__raw+stft,gated__raw+stft,raw+stft,2025,2880,721,1320,1,500,2,32,300452,40,58.90717670899903,results/fusion_over_raw/checkpoints/FordA/gated__raw_stft__raw_stft__seed_2025.pt,0.9446969696969697,0.9403606102635229,0.9448580863546427,0.9403557403557403,0.9446623836867739,0.9403234157881263,0.9447064022452047,0.940362676623267,0.02274758477224781,0.030343238013812113
FordA,FordA,raw_centered_residual__raw+stft,raw_centered_residual__raw+stft,raw+stft,2025,2880,721,1320,1,500,2,32,399394,40,59.42583204100083,results/fusion_over_raw/checkpoints/FordA/raw_centered_residual__raw_stft__raw_stft__seed_2025.pt,0.9454545454545454,0.9445214979195562,0.9458818500823837,0.9446292446292446,0.9454393897294704,0.9444974750585047,0.9454683233864319,0.9445279040158364,0.02352459081494429,0.031120244056508595
FordA,FordA,film__raw+stft,film__raw+stft,raw+stft,2025,2880,721,1320,1,500,2,32,366626,17,34.64061295799911,results/fusion_over_raw/checkpoints/FordA/film__raw_stft__raw_stft__seed_2025.pt,0.9416666666666667,0.9306518723994452,0.9420177452379475,0.9307499807499807,0.9416457349542852,0.9306218438231308,0.9416809002310861,0.9306598800197957,0.01973093603975906,0.027326589281323366
FordA,FordA,concat__raw+stats+gaf,concat__raw+stats+gaf,raw+stats+gaf,2025,2880,721,1320,1,500,2,32,361476,40,215.35917283299932,results/fusion_over_raw/checkpoints/FordA/concat__raw_stats_gaf__raw_stats_gaf__seed_2025.pt,0.9356060606060606,0.9445214979195562,0.9356614478845664,0.9445560945560946,0.9355554266408812,0.9444906380881991,0.9356129030337876,0.9445251284879512,0.013640627726355103,0.021236280967919408
FordA,FordA,gated__raw+stats+gaf,gated__raw+stats+gaf,raw+stats+gaf,2025,2880,721,1320,1,500,2,32,344839,38,208.06911258300534,results/fusion_over_raw/checkpoints/FordA/gated__raw_stats_gaf__raw_stats_gaf__seed_2025.pt,0.9272727272727272,0.9361997226074896,0.9285502540450732,0.9371794871794872,0.9272645453689694,0.9361897798984147,0.9272399996576958,0.936168789734812,0.005349746454443305,0.012945399696007609
FordA,FordA,raw_centered_residual__raw+stats+gaf,raw_centered_residual__raw+stats+gaf,raw+stats+gaf,2025,2880,721,1320,1,500,2,32,443652,28,169.42291029199987,results/fusion_over_raw/checkpoints/FordA/raw_centered_residual__raw_stats_gaf__raw_stats_gaf__seed_2025.pt,0.9287878787878788,0.941747572815534,0.928763969032009,0.9418533918533918,0.9287224264705882,0.9417223488114299,0.9287911514037432,0.9417542992166283,0.0068076275560621236,0.014403280797626428
FordA,FordA,film__raw+stats+gaf,film__raw+stats+gaf,raw+stats+gaf,2025,2880,721,1320,1,500,2,32,410884,27,165.37240349999774,results/fusion_over_raw/checkpoints/FordA/film__raw_stats_gaf__raw_stats_gaf__seed_2025.pt,0.9303030303030303,0.9375866851595007,0.9306184635960649,0.9377993377993379,0.9302759794318732,0.9375693913953708,0.930319676992973,0.9375967731885764,0.008361180517347133,0.015956833758911437
FordA,FordA,concat__raw+stats+stft,concat__raw+stats+stft,raw+stats+stft,2025,2880,721,1320,1,500,2,32,361476,25,44.46821408300457,results/fusion_over_raw/checkpoints/FordA/concat__raw_stats_stft__raw_stats_stft__seed_2025.pt,0.943939393939394,0.9514563106796117,0.9441238719640408,0.9517517517517518,0.9439064280201404,0.9514469707027153,0.9439496957891607,0.9514647166588183,0.021991629105614252,0.029587282347178556
FordA,FordA,gated__raw+stats+stft,gated__raw+stats+stft,raw+stats+stft,2025,2880,721,1320,1,500,2,32,344839,6,23.374713541998062,results/fusion_over_raw/checkpoints/FordA/gated__raw_stats_stft__raw_stats_stft__seed_2025.pt,0.9295454545454546,0.9348127600554785,0.9302220567654581,0.9353892353892355,0.9295405615288941,0.9348122584579397,0.9295592439557614,0.9348170236345584,0.007625762614367981,0.015221415855932285
FordA,FordA,raw_centered_residual__raw+stats+stft,raw_centered_residual__raw+stats+stft,raw+stats+stft,2025,2880,721,1320,1,500,2,32,443652,43,64.97726162499748,results/fusion_over_raw/checkpoints/FordA/raw_centered_residual__raw_stats_stft__raw_stats_stft__seed_2025.pt,0.9363636363636364,0.941747572815534,0.9363474040523119,0.9417802417802419,0.9363051470588235,0.941715169992609,0.936366560828877,0.9417513849123487,0.014390348144297405,0.02198600138586171
FordA,FordA,film__raw+stats+stft,film__raw+stats+stft,raw+stats+stft,2025,2880,721,1320,1,500,2,32,410884,25,44.830003333001514,results/fusion_over_raw/checkpoints/FordA/film__raw_stats_stft__raw_stats_stft__seed_2025.pt,0.9401515151515152,0.9472954230235784,0.940308025342461,0.9474782474782475,0.94011408645555,0.9472782832248033,0.9401617229776875,0.947303333699936,0.018199287541023845,0.02579494078258815
FordA,FordA,concat__raw+gaf+stft,concat__raw+gaf+stft,raw+gaf+stft,2025,2880,721,1320,1,500,2,32,443266,36,208.5052193329975,results/fusion_over_raw/checkpoints/FordA/concat__raw_gaf_stft__raw_gaf_stft__seed_2025.pt,0.9462121212121212,0.9514563106796117,0.945940449352995,0.9512397012397013,0.9461317083180298,0.9514024630968774,0.9461979307013991,0.9514450924332086,0.02421690940350374,0.03181256264506804
FordA,FordA,gated__raw+gaf+stft,gated__raw+gaf+stft,raw+gaf+stft,2025,2880,721,1320,1,500,2,32,426629,16,127.24468962499668,results/fusion_over_raw/checkpoints/FordA/gated__raw_gaf_stft__raw_gaf_stft__seed_2025.pt,0.9424242424242424,0.9431345353675451,0.9420763445085589,0.942985292985293,0.9423277247735535,0.943081541213462,0.9424027940574227,0.9431273088919883,0.02041292585902743,0.028008579100591735
FordA,FordA,raw_centered_residual__raw+gaf+stft,raw_centered_residual__raw+gaf+stft,raw+gaf+stft,2025,2880,721,1320,1,500,2,32,525442,47,254.08943845799513,results/fusion_over_raw/checkpoints/FordA/raw_centered_residual__raw_gaf_stft__raw_gaf_stft__seed_2025.pt,0.946969696969697,0.941747572815534,0.9469642130807361,0.9417070917070918,0.9469209558823529,0.9417070917070918,0.9469721340240641,0.941747572815534,0.02500615696782682,0.032601810209391124
FordA,FordA,film__raw+gaf+stft,film__raw+gaf+stft,raw+gaf+stft,2025,2880,721,1320,1,500,2,32,492674,44,242.60855966700183,results/fusion_over_raw/checkpoints/FordA/film__raw_gaf_stft__raw_gaf_stft__seed_2025.pt,0.9484848484848485,0.9528432732316228,0.9482878671933708,0.9525910525910526,0.9484166390819817,0.9527865088903269,0.9484763223094901,0.9528296497897117,0.026501840167455604,0.03409749340901991
FordA,FordA,concat__raw+stats+gaf+stft,concat__raw+stats+gaf+stft,raw+stats+gaf+stft,2025,2880,721,1320,1,500,2,32,487524,36,210.82322116699652,results/fusion_over_raw/checkpoints/FordA/concat__raw_stats_gaf_stft__raw_stats_gaf_stft__seed_2025.pt,0.9454545454545454,0.9583911234396671,0.9451579767395366,0.9582890582890583,0.9453697657521773,0.958355795148248,0.9454382416656286,0.9583877588404842,0.023454966837651248,0.031050620079215552
FordA,FordA,gated__raw+stats+gaf+stft,gated__raw+stats+gaf+stft,raw+stats+gaf+stft,2025,2880,721,1320,1,500,2,32,471016,29,182.02520608300256,results/fusion_over_raw/checkpoints/FordA/gated__raw_stats_gaf_stft__raw_stats_gaf_stft__seed_2025.pt,0.9484848484848485,0.9472954230235784,0.948722191199079,0.9474782474782475,0.948458225667528,0.9472782832248033,0.9484954976117768,0.947303333699936,0.02654342675300192,0.034139079994566224
FordA,FordA,film__raw+stats+gaf+stft,film__raw+stats+gaf+stft,raw+stats+gaf+stft,2025,2880,721,1320,1,500,2,32,536932,38,220.19512837499497,results/fusion_over_raw/checkpoints/FordA/film__raw_stats_gaf_stft__raw_stats_gaf_stft__seed_2025.pt,0.946969696969697,0.9514563106796117,0.9472055041950184,0.9517517517517518,0.9469422911283376,0.9514469707027153,0.9469806593062406,0.9514647166588183,0.02502749221381151,0.03262314545537581
FordA,FordA,raw_centered_residual__raw+stats+gaf+stft,raw_centered_residual__raw+stats+gaf+stft,raw+stats+gaf+stft,2025,2880,721,1320,1,500,2,32,569700,34,203.31146908299706,results/fusion_over_raw/checkpoints/FordA/raw_centered_residual__raw_stats_gaf_stft__raw_stats_gaf_stft__seed_2025.pt,0.946969696969697,0.9459084604715673,0.9475915699778701,0.9464926464926464,0.9469637309982069,0.9459080442523329,0.9469816289126773,0.945911998335059,0.025048932083680753,0.03264458532524506
FordA,FordA,ordinary_bottleneck__raw+stats+gaf+stft,ordinary_bottleneck__raw+stats+gaf+stft,raw+stats+gaf+stft,2025,2880,721,1320,1,500,2,32,670948,51,277.82522624999547,results/fusion_over_raw/checkpoints/FordA/ordinary_bottleneck__raw_stats_gaf_stft__raw_stats_gaf_stft__seed_2025.pt,0.9477272727272728,0.9514563106796117,0.9481327514770463,0.951971201971202,0.9477113976867404,0.951454816524792,0.947740386891191,0.9514619137601854,0.025796598772214296,0.0333922520137786
FordA,FordA,raw_residual_bottleneck__raw+stats+gaf+stft,raw_residual_bottleneck__raw+stats+gaf+stft,raw+stats+gaf+stft,2025,2880,721,1320,1,500,2,32,753636,60,320.2344482920016,results/fusion_over_raw/checkpoints/FordA/raw_residual_bottleneck__raw_stats_gaf_stft__raw_stats_gaf_stft__seed_2025.pt,0.9424242424242424,0.9459084604715673,0.9414972458342812,0.9451759451759452,0.9422224986695971,0.9457577879501617,0.9423311299220984,0.9458331242108644,0.020307699755070963,0.027903352996635267
FordA,FordA,context_only_residual_bottleneck__raw+stats+gaf+stft,context_only_residual_bottleneck__raw+stats+gaf+stft,raw+stats+gaf+stft,2025,2880,721,1320,1,500,2,32,753508,38,225.7689582910025,results/fusion_over_raw/checkpoints/FordA/context_only_residual_bottleneck__raw_stats_gaf_stft__raw_stats_gaf_stft__seed_2025.pt,0.9446969696969697,0.9459084604715673,0.9451476356917816,0.9464926464926464,0.9446829690021408,0.9459080442523329,0.9447109703917986,0.945911998335059,0.02276817008761467,0.030363823329178974
FordA,FordA,raw_conditioned_context_bottleneck__raw+stats+gaf+stft,raw_conditioned_context_bottleneck__raw+stats+gaf+stft,raw+stats+gaf+stft,2025,2880,721,1320,1,500,2,32,819812,56,300.9510863329997,results/fusion_over_raw/checkpoints/FordA/raw_conditioned_context_bottleneck__raw_stats_gaf_stft__raw_stats_gaf_stft__seed_2025.pt,0.9424242424242424,0.9486823855755895,0.9422211191771284,0.9484638484638485,0.9423480083857443,0.9486254609881275,0.9424147131694302,0.948670526286535,0.020433209471218183,0.028028862712782487
ElectricDevices,ElectricDevices,raw_only,raw_only,raw,42,7140,1786,7711,1,96,7,32,158279,37,43.72025554199354,results/fusion_over_raw/checkpoints/ElectricDevices/raw_only__raw__seed_42.pt,0.7319413824406692,0.8812989921612542,0.6489923654961872,0.8610952573761109,0.6610178456708443,0.8557088097713745,0.7235231529617638,0.8816215669867843,0.0,
ElectricDevices,ElectricDevices,raw_larger,raw_larger,raw_larger,42,7140,1786,7711,1,96,7,32,421255,36,61.750842957990244,results/fusion_over_raw/checkpoints/ElectricDevices/raw_larger__raw_larger__seed_42.pt,0.749189469588899,0.8801791713325868,0.6796499933155277,0.8643731167137092,0.6808550511277923,0.8564147455112874,0.7381600137342424,0.8812712044004054,0.019837205456948004,0.0
ElectricDevices,ElectricDevices,stats_only,stats_only,stats,42,7140,1786,7711,1,96,7,32,39175,70,62.09341687501001,results/fusion_over_raw/checkpoints/ElectricDevices/stats_only__stats__seed_42.pt,0.7037997665672416,0.8790593505039194,0.6251942937341022,0.83577335568869,0.6368425799191646,0.8363659747523489,0.6992711326420248,0.8782337058869853,-0.02417526575167972,-0.044012471208627724
ElectricDevices,ElectricDevices,gaf_only,gaf_only,gaf,42,7140,1786,7711,1,96,7,32,127335,70,76.17780537500221,results/fusion_over_raw/checkpoints/ElectricDevices/gaf_only__gaf__seed_42.pt,0.666191155492154,0.8258678611422172,0.6101774898760327,0.7882042533938493,0.6193458023662615,0.7845700194835157,0.6652224111234044,0.8258162460005403,-0.04167204330458285,-0.061509248761530855
ElectricDevices,ElectricDevices,stft_only,stft_only,stft,42,7140,1786,7711,1,96,7,32,127335,40,59.76048599999922,results/fusion_over_raw/checkpoints/ElectricDevices/stft_only__stft__seed_42.pt,0.6490727532097005,0.8258678611422172,0.5751727945137498,0.7909575207445684,0.5843972838657207,0.780631412094287,0.6428304698958207,0.8263001948132571,-0.07662056180512367,-0.09645776726207167
ElectricDevices,ElectricDevices,minirocket_ridge,minirocket_ridge,raw,42,7140,1786,7711,1,96,7,32,69979,,31.882263583000167,,0.7286992607962651,0.9008958566629339,0.6447870941960926,0.8780612895835622,0.6507680637019926,0.8761795877920748,0.7138538514073256,0.900156409918854,-0.010249781968851734,-0.03008698742579974
ElectricDevices,ElectricDevices,concat__raw+stats,concat__raw+stats,raw+stats,42,7140,1786,7711,1,96,7,32,229703,100,130.99091391700495,results/fusion_over_raw/checkpoints/ElectricDevices/concat__raw_stats__raw_stats__seed_42.pt,0.7372584619374919,0.9059350503919373,0.6639173401103962,0.8900857638182067,0.6665436971141914,0.8880190102605846,0.7224455446249552,0.9057362743448362,0.005525851443347052,-0.014311354013600952
ElectricDevices,ElectricDevices,gated__raw+stats,gated__raw+stats,raw+stats,42,7140,1786,7711,1,96,7,32,212937,21,45.248771208993276,results/fusion_over_raw/checkpoints/ElectricDevices/gated__raw_stats__raw_stats__seed_42.pt,0.7174166774737388,0.8964165733482643,0.6610695110777703,0.8806388360195524,0.6598308655591314,0.8717335632227607,0.7102761395039212,0.8967308114070085,-0.0011869801117129208,-0.021024185568660925
ElectricDevices,ElectricDevices,raw_centered_residual__raw+stats,raw_centered_residual__raw+stats,raw+stats,42,7140,1786,7711,1,96,7,32,311879,18,47.67477729200618,results/fusion_over_raw/checkpoints/ElectricDevices/raw_centered_residual__raw_stats__raw_stats__seed_42.pt,0.7336272856957593,0.8947368421052632,0.6683750673694989,0.874591142055319,0.6773292719843608,0.8712131575865426,0.7244197895866604,0.8941552682465349,0.016311426313516453,-0.003525779143431551
ElectricDevices,ElectricDevices,film__raw+stats,film__raw+stats,raw+stats,42,7140,1786,7711,1,96,7,32,279111,20,50.80876154100406,results/fusion_over_raw/checkpoints/ElectricDevices/film__raw_stats__raw_stats__seed_42.pt,0.7289586305278174,0.8885778275475924,0.6808643062380827,0.8711466225591566,0.6897572441086034,0.8638859594902729,0.7244586742425771,0.8885118185223755,0.02873939843775908,0.008902192980811074
ElectricDevices,ElectricDevices,concat__raw+gaf,concat__raw+gaf,raw+gaf,42,7140,1786,7711,1,96,7,32,317863,29,63.805090665991884,results/fusion_over_raw/checkpoints/ElectricDevices/concat__raw_gaf__raw_gaf__seed_42.pt,0.729477369990922,0.8975363941769317,0.6488686283036788,0.8785123139918446,0.6578380414361086,0.8779256064746667,0.716138476853856,0.8966065195922708,-0.003179804234735739,-0.023017009691683743
ElectricDevices,ElectricDevices,gated__raw+gaf,gated__raw+gaf,raw+gaf,42,7140,1786,7711,1,96,7,32,301097,36,70.10317470799782,results/fusion_over_raw/checkpoints/ElectricDevices/gated__raw_gaf__raw_gaf__seed_42.pt,0.7337569705615354,0.8975363941769317,0.6545538310674807,0.878952653735429,0.6664952811886709,0.8785152959696211,0.7234945092943358,0.8973957907536195,0.005477435517826534,-0.01435976993912147
ElectricDevices,ElectricDevices,raw_centered_residual__raw+gaf,raw_centered_residual__raw+gaf,raw+gaf,42,7140,1786,7711,1,96,7,32,400039,22,57.279574667001725,results/fusion_over_raw/checkpoints/ElectricDevices/raw_centered_residual__raw_gaf__raw_gaf__seed_42.pt,0.7066528336143172,0.8919372900335947,0.6247453895686413,0.8742922202591882,0.6377268228811034,0.8691227025302389,0.7013537828288811,0.8917896618807083,-0.023291022789740934,-0.04312822824668894
ElectricDevices,ElectricDevices,film__raw+gaf,film__raw+gaf,raw+gaf,42,7140,1786,7711,1,96,7,32,367271,28,69.73672699999588,results/fusion_over_raw/checkpoints/ElectricDevices/film__raw_gaf__raw_gaf__seed_42.pt,0.7202697445208144,0.8919372900335947,0.6505085669587929,0.871662684159367,0.6653835805124867,0.8708293562094752,0.7135708620245546,0.8909525977412377,0.004365734841642377,-0.015471470615305627
ElectricDevices,ElectricDevices,concat__raw+stft,concat__raw+stft,raw+stft,42,7140,1786,7711,1,96,7,32,317863,23,57.57449529199221,results/fusion_over_raw/checkpoints/ElectricDevices/concat__raw_stft__raw_stft__seed_42.pt,0.7469848268707042,0.8840985442329228,0.6771333061295766,0.8680692171190338,0.6863508746982137,0.8635866722242224,0.7405765571281477,0.8843006457894815,0.025333029027369336,0.005495823570421332
ElectricDevices,ElectricDevices,gated__raw+stft,gated__raw+stft,raw+stft,42,7140,1786,7711,1,96,7,32,301097,52,93.4815828330029,results/fusion_over_raw/checkpoints/ElectricDevices/gated__raw_stft__raw_stft__seed_42.pt,0.7241602904940994,0.8958566629339306,0.6465012395808332,0.8819723853006823,0.6477461907154131,0.8743081182908324,0.7117018737037705,0.8958250806015402,-0.013271654955431256,-0.03310886041237926
ElectricDevices,ElectricDevices,raw_centered_residual__raw+stft,raw_centered_residual__raw+stft,raw+stft,42,7140,1786,7711,1,96,7,32,400039,34,73.70034783400479,results/fusion_over_raw/checkpoints/ElectricDevices/raw_centered_residual__raw_stft__raw_stft__seed_42.pt,0.7353131889508494,0.8863381858902576,0.6737262319002992,0.8719925740127854,0.6826123190174311,0.8677177117646269,0.7270003924622113,0.8860838248852947,0.021594473346586818,0.0017572678896388139
ElectricDevices,ElectricDevices,film__raw+stft,film__raw+stft,raw+stft,42,7140,1786,7711,1,96,7,32,367271,35,76.01822854101192,results/fusion_over_raw/checkpoints/ElectricDevices/film__raw_stft__raw_stft__seed_42.pt,0.7411490079107768,0.8885778275475924,0.6683492433303577,0.8737676790865664,0.6793875079250057,0.8700453411009766,0.7322907624257382,0.8888639099397738,0.018369662254161367,-0.0014675432027866364
ElectricDevices,ElectricDevices,concat__raw+stats+gaf,concat__raw+stats+gaf,raw+stats+gaf,42,7140,1786,7711,1,96,7,32,355751,60,131.25101579200418,results/fusion_over_raw/checkpoints/ElectricDevices/concat__raw_stats_gaf__raw_stats_gaf__seed_42.pt,0.7158604590844249,0.9092945128779395,0.638346111844875,0.8951518944075547,0.6481359041466891,0.8927648939998475,0.7082440710891281,0.909692680844465,-0.012881941524155227,-0.03271914698110323
ElectricDevices,ElectricDevices,gated__raw+stats+gaf,gated__raw+stats+gaf,raw+stats+gaf,42,7140,1786,7711,1,96,7,32,339114,24,69.1781970840093,results/fusion_over_raw/checkpoints/ElectricDevices/gated__raw_stats_gaf__raw_stats_gaf__seed_42.pt,0.6699520165996629,0.9076147816349384,0.6151230092925487,0.8921370329530721,0.624124716477745,0.8885241470751478,0.6671061143184314,0.908549016455813,-0.03689312919309928,-0.05673033465004729
ElectricDevices,ElectricDevices,raw_centered_residual__raw+stats+gaf,raw_centered_residual__raw+stats+gaf,raw+stats+gaf,42,7140,1786,7711,1,96,7,32,437927,10,47.4100822909968,results/fusion_over_raw/checkpoints/ElectricDevices/raw_centered_residual__raw_stats_gaf__raw_stats_gaf__seed_42.pt,0.7254571391518609,0.8908174692049272,0.6643006912515651,0.8656421255687841,0.6726072039201022,0.862129330482662,0.7162621807237423,0.8899539389608442,0.011589358249257886,-0.008247847207690118
ElectricDevices,ElectricDevices,film__raw+stats+gaf,film__raw+stats+gaf,raw+stats+gaf,42,7140,1786,7711,1,96,7,32,405159,49,125.00649316700583,results/fusion_over_raw/checkpoints/ElectricDevices/film__raw_stats_gaf__raw_stats_gaf__seed_42.pt,0.7416677473738814,0.9076147816349384,0.6675468235329693,0.893569047259587,0.6757415700324135,0.8885068857052897,0.7326796975427785,0.907833542599318,0.014723724361569213,-0.005113481095378791
ElectricDevices,ElectricDevices,concat__raw+stats+stft,concat__raw+stats+stft,raw+stats+stft,42,7140,1786,7711,1,96,7,32,355751,14,51.51313166700129,results/fusion_over_raw/checkpoints/ElectricDevices/concat__raw_stats_stft__raw_stats_stft__seed_42.pt,0.7272727272727273,0.8936170212765957,0.6759222972710168,0.8734911453344726,0.6864192830810399,0.8699120702828763,0.7201377234876807,0.8927047800861361,0.025401437410195626,0.0055642319532476225
ElectricDevices,ElectricDevices,gated__raw+stats+stft,gated__raw+stats+stft,raw+stats+stft,42,7140,1786,7711,1,96,7,32,339114,17,54.934387459012214,results/fusion_over_raw/checkpoints/ElectricDevices/gated__raw_stats_stft__raw_stats_stft__seed_42.pt,0.7543768642199455,0.9076147816349384,0.6897030586533547,0.8864867482610836,0.6956341124156175,0.8856899755294588,0.7434899923451965,0.9070678618944922,0.03461626674477314,0.014779061287825135
ElectricDevices,ElectricDevices,raw_centered_residual__raw+stats+stft,raw_centered_residual__raw+stats+stft,raw+stats+stft,42,7140,1786,7711,1,96,7,32,437927,21,67.57670037500793,results/fusion_over_raw/checkpoints/ElectricDevices/raw_centered_residual__raw_stats_stft__raw_stats_stft__seed_42.pt,0.7297367397224744,0.8936170212765957,0.6853987105538216,0.8807285793219009,0.6897736788077138,0.8748757923641924,0.7240251343191454,0.894715862577029,0.02875583313686947,0.008918627679921465
ElectricDevices,ElectricDevices,film__raw+stats+stft,film__raw+stats+stft,raw+stats+stft,42,7140,1786,7711,1,96,7,32,405159,17,61.36618250000174,results/fusion_over_raw/checkpoints/ElectricDevices/film__raw_stats_stft__raw_stats_stft__seed_42.pt,0.7245493450914279,0.893057110862262,0.6688993029728036,0.8809810937370343,0.6692717546152548,0.8702334186937601,0.7159397820581282,0.8940470315504517,0.00825390894441047,-0.011583296512537533
ElectricDevices,ElectricDevices,concat__raw+gaf+stft,concat__raw+gaf+stft,raw+gaf+stft,42,7140,1786,7711,1,96,7,32,443911,19,65.01484599999094,results/fusion_over_raw/checkpoints/ElectricDevices/concat__raw_gaf_stft__raw_gaf_stft__seed_42.pt,0.7069122033458696,0.8896976483762598,0.6330793741668514,0.8769891200231292,0.6438339259580603,0.8731233595650402,0.700594114014493,0.8909177852855593,-0.01718391971278399,-0.037021125169731994
ElectricDevices,ElectricDevices,gated__raw+gaf+stft,gated__raw+gaf+stft,raw+gaf+stft,42,7140,1786,7711,1,96,7,32,427274,31,85.11245420800697,results/fusion_over_raw/checkpoints/ElectricDevices/gated__raw_gaf_stft__raw_gaf_stft__seed_42.pt,0.7345350797561925,0.8986562150055991,0.6594755733482163,0.8841739122174911,0.6710190516502855,0.8805750441574876,0.7258878064056196,0.8984692995554029,0.010001205979441208,-0.009835999477506796
ElectricDevices,ElectricDevices,raw_centered_residual__raw+gaf+stft,raw_centered_residual__raw+gaf+stft,raw+gaf+stft,42,7140,1786,7711,1,96,7,32,526087,26,85.48062637500698,results/fusion_over_raw/checkpoints/ElectricDevices/raw_centered_residual__raw_gaf_stft__raw_gaf_stft__seed_42.pt,0.7458176630787187,0.8924972004479284,0.6923602870403115,0.8737355991170837,0.7050013622057761,0.8716318416213101,0.742341351236034,0.8923124075826153,0.04398351653493182,0.024146311077983817
ElectricDevices,ElectricDevices,film__raw+gaf+stft,film__raw+gaf+stft,raw+gaf+stft,42,7140,1786,7711,1,96,7,32,493319,87,210.38805470800435,results/fusion_over_raw/checkpoints/ElectricDevices/film__raw_gaf_stft__raw_gaf_stft__seed_42.pt,0.7583970950590067,0.9098544232922733,0.6878378001976041,0.896606402962539,0.695071663701205,0.889473968235855,0.747773827655546,0.9095690257196353,0.03405381803036067,0.014216612573412668
ElectricDevices,ElectricDevices,concat__raw+stats+gaf+stft,concat__raw+stats+gaf+stft,raw+stats+gaf+stft,42,7140,1786,7711,1,96,7,32,481799,56,159.34088879199408,results/fusion_over_raw/checkpoints/ElectricDevices/concat__raw_stats_gaf_stft__raw_stats_gaf_stft__seed_42.pt,0.7372584619374919,0.9076147816349384,0.6554555811095613,0.8923359804042105,0.6725351305229755,0.8915919244471534,0.7299317791896724,0.9067959485681528,0.011517284852131215,-0.008319920604816788
ElectricDevices,ElectricDevices,gated__raw+stats+gaf+stft,gated__raw+stats+gaf+stft,raw+stats+gaf+stft,42,7140,1786,7711,1,96,7,32,465291,23,84.94156991699128,results/fusion_over_raw/checkpoints/ElectricDevices/gated__raw_stats_gaf_stft__raw_stats_gaf_stft__seed_42.pt,0.7248087148229801,0.9176931690929452,0.6544103851098191,0.8998810893611814,0.6652049263656228,0.8977496164317812,0.7168871057978025,0.9172451829329964,0.004187080694778467,-0.015650124762169537
ElectricDevices,ElectricDevices,film__raw+stats+gaf+stft,film__raw+stats+gaf+stft,raw+stats+gaf+stft,42,7140,1786,7711,1,96,7,32,531207,53,163.78224129100272,results/fusion_over_raw/checkpoints/ElectricDevices/film__raw_stats_gaf_stft__raw_stats_gaf_stft__seed_42.pt,0.7451692387498379,0.9092945128779395,0.6702328145252487,0.8946462195722964,0.6710336560257987,0.8897017948006357,0.7316129146614845,0.9092017414671442,0.010015810354954358,-0.009821395101993646
ElectricDevices,ElectricDevices,raw_centered_residual__raw+stats+gaf+stft,raw_centered_residual__raw+stats+gaf+stft,raw+stats+gaf+stft,42,7140,1786,7711,1,96,7,32,563975,51,158.09189020800113,results/fusion_over_raw/checkpoints/ElectricDevices/raw_centered_residual__raw_stats_gaf_stft__raw_stats_gaf_stft__seed_42.pt,0.7390740500583582,0.9120940649496081,0.653555578922374,0.8925663171703252,0.6566320699522024,0.8923316395631627,0.722897508099024,0.9122581074866779,-0.00438577571864196,-0.024222981175589964
ElectricDevices,ElectricDevices,ordinary_bottleneck__raw+stats+gaf+stft,ordinary_bottleneck__raw+stats+gaf+stft,raw+stats+gaf+stft,42,7140,1786,7711,1,96,7,32,665223,14,81.60298312500527,results/fusion_over_raw/checkpoints/ElectricDevices/ordinary_bottleneck__raw_stats_gaf_stft__raw_stats_gaf_stft__seed_42.pt,0.7047075606276747,0.8913773796192609,0.6268426903652707,0.8650198664752444,0.6395106329804213,0.8677858531699233,0.6954898524993323,0.890702153963176,-0.021507212690422994,-0.041344418147371
ElectricDevices,ElectricDevices,raw_residual_bottleneck__raw+stats+gaf+stft,raw_residual_bottleneck__raw+stats+gaf+stft,raw+stats+gaf+stft,42,7140,1786,7711,1,96,7,32,747911,17,97.31878549999965,results/fusion_over_raw/checkpoints/ElectricDevices/raw_residual_bottleneck__raw_stats_gaf_stft__raw_stats_gaf_stft__seed_42.pt,0.7480223057969135,0.8936170212765957,0.691103807092425,0.877044497959634,0.6943643252452588,0.870484050705301,0.7380787706952868,0.8930745358537422,0.0333464795744145,0.013509274117466497
ElectricDevices,ElectricDevices,context_only_residual_bottleneck__raw+stats+gaf+stft,context_only_residual_bottleneck__raw+stats+gaf+stft,raw+stats+gaf+stft,42,7140,1786,7711,1,96,7,32,747783,19,102.3878771669988,results/fusion_over_raw/checkpoints/ElectricDevices/context_only_residual_bottleneck__raw_stats_gaf_stft__raw_stats_gaf_stft__seed_42.pt,0.727791466735832,0.8986562150055991,0.6472754134631431,0.879032160011995,0.65686634712707,0.8764061085097169,0.7161455280576517,0.8976920720480359,-0.004151498543774279,-0.023988704000722283
ElectricDevices,ElectricDevices,raw_conditioned_context_bottleneck__raw+stats+gaf+stft,raw_conditioned_context_bottleneck__raw+stats+gaf+stft,raw+stats+gaf+stft,42,7140,1786,7711,1,96,7,32,814087,21,111.29538562500966,results/fusion_over_raw/checkpoints/ElectricDevices/raw_conditioned_context_bottleneck__raw_stats_gaf_stft__raw_stats_gaf_stft__seed_42.pt,0.7408896381792245,0.8980963045912654,0.6764660506905438,0.8825471073562398,0.684747775672595,0.8771114510723933,0.7374751758320832,0.8991406372944509,0.02372993000175072,0.003892724544802717
ElectricDevices,ElectricDevices,raw_only,raw_only,raw,3407,7140,1786,7711,1,96,7,32,158279,54,58.88873699998658,results/fusion_over_raw/checkpoints/ElectricDevices/raw_only__raw__seed_3407.pt,0.7030216573725846,0.8868980963045913,0.612369419328594,0.87305150458398,0.6151492676309767,0.872909075548037,0.6866684008423917,0.8878630282357448,0.0,
ElectricDevices,ElectricDevices,raw_larger,raw_larger,raw_larger,3407,7140,1786,7711,1,96,7,32,421255,39,65.3671149580041,results/fusion_over_raw/checkpoints/ElectricDevices/raw_larger__raw_larger__seed_3407.pt,0.7135261315004539,0.8818589025755879,0.6365447508116258,0.8729738168842924,0.638440717973804,0.8673496872933935,0.7001454625649621,0.8823345132596224,0.023291450342827313,0.0
ElectricDevices,ElectricDevices,stats_only,stats_only,stats,3407,7140,1786,7711,1,96,7,32,39175,97,73.5296784999955,results/fusion_over_raw/checkpoints/ElectricDevices/stats_only__stats__seed_3407.pt,0.6939437167682532,0.8784994400895857,0.6207683755257845,0.8415580088857512,0.6241604620108909,0.8368370642970717,0.6873318439529126,0.8787244743831213,0.009011194379914267,-0.014280255962913047
ElectricDevices,ElectricDevices,gaf_only,gaf_only,gaf,3407,7140,1786,7711,1,96,7,32,127335,55,68.14216645799752,results/fusion_over_raw/checkpoints/ElectricDevices/gaf_only__gaf__seed_3407.pt,0.6568538451562702,0.8197088465845465,0.5699379736160316,0.7826146158395902,0.5729374383673511,0.7761293153798167,0.6450175567271182,0.8213417867020291,-0.042211829263625544,-0.06550327960645286
ElectricDevices,ElectricDevices,stft_only,stft_only,stft,3407,7140,1786,7711,1,96,7,32,127335,57,77.79585141599819,results/fusion_over_raw/checkpoints/ElectricDevices/stft_only__stft__seed_3407.pt,0.6454415769679679,0.8197088465845465,0.5878869779316813,0.7972533484435024,0.5933278208239995,0.7831392161766499,0.6448185321746723,0.8229309476284168,-0.021821446806977174,-0.04511289714980449
ElectricDevices,ElectricDevices,minirocket_ridge,minirocket_ridge,raw,3407,7140,1786,7711,1,96,7,32,69979,,29.699783083007787,,0.7329788613668785,0.8964165733482643,0.6475683094528338,0.8784341532750682,0.655128211437569,0.875615159278931,0.7177180905146893,0.8961742625317934,0.03997894380659239,0.01668749346376508
ElectricDevices,ElectricDevices,concat__raw+stats,concat__raw+stats,raw+stats,3407,7140,1786,7711,1,96,7,32,229703,60,96.74772370899154,results/fusion_over_raw/checkpoints/ElectricDevices/concat__raw_stats__raw_stats__seed_3407.pt,0.7508753728439891,0.9059350503919373,0.6890788592598754,0.8925736698316563,0.6884993234921908,0.8888089547739291,0.7371973407621173,0.905719501093327,0.07335005586121413,0.05005860551838681
ElectricDevices,ElectricDevices,gated__raw+stats,gated__raw+stats,raw+stats,3407,7140,1786,7711,1,96,7,32,212937,47,76.87395700000343,results/fusion_over_raw/checkpoints/ElectricDevices/gated__raw_stats__raw_stats__seed_3407.pt,0.7434833354947478,0.9081746920492721,0.6739088090936037,0.8948974310115175,0.6803860543219858,0.8923923386742085,0.7338082502265783,0.9082515993748967,0.06523678669100919,0.04194533634818187
ElectricDevices,ElectricDevices,raw_centered_residual__raw+stats,raw_centered_residual__raw+stats,raw+stats,3407,7140,1786,7711,1,96,7,32,311879,28,62.003666624994366,results/fusion_over_raw/checkpoints/ElectricDevices/raw_centered_residual__raw_stats__raw_stats__seed_3407.pt,0.7354428738166257,0.8980963045912654,0.6703711904667183,0.8844433440382281,0.6815976625685903,0.8846728740313827,0.7282341902691076,0.8983566717073341,0.06644839493761368,0.04315694459478636
ElectricDevices,ElectricDevices,film__raw+stats,film__raw+stats,raw+stats,3407,7140,1786,7711,1,96,7,32,279111,40,79.46941841700755,results/fusion_over_raw/checkpoints/ElectricDevices/film__raw_stats__raw_stats__seed_3407.pt,0.7395927895214628,0.9048152295632699,0.6692794502077739,0.8903736165963283,0.6713941588137711,0.8878451897195702,0.7258745733828461,0.9044817329068319,0.05624489118279441,0.032953440839967096
ElectricDevices,ElectricDevices,concat__raw+gaf,concat__raw+gaf,raw+gaf,3407,7140,1786,7711,1,96,7,32,317863,37,74.02051220899739,results/fusion_over_raw/checkpoints/ElectricDevices/concat__raw_gaf__raw_gaf__seed_3407.pt,0.7429645960316431,0.896976483762598,0.6734868438294822,0.8882971169443857,0.6826552657185594,0.8861890569595496,0.7336334048831811,0.8975677296904371,0.06750599808758273,0.04421454774475542
ElectricDevices,ElectricDevices,gated__raw+gaf,gated__raw+gaf,raw+gaf,3407,7140,1786,7711,1,96,7,32,301097,26,57.001974999991944,results/fusion_over_raw/checkpoints/ElectricDevices/gated__raw_gaf__raw_gaf__seed_3407.pt,0.7307742186486837,0.8980963045912654,0.6336497799904942,0.8895144513692052,0.6395508899220073,0.887467332217391,0.7161894325069909,0.8985892658007526,0.0244016222910306,0.0011101719482032868
ElectricDevices,ElectricDevices,raw_centered_residual__raw+gaf,raw_centered_residual__raw+gaf,raw+gaf,3407,7140,1786,7711,1,96,7,32,400039,23,58.95833262499946,results/fusion_over_raw/checkpoints/ElectricDevices/raw_centered_residual__raw_gaf__raw_gaf__seed_3407.pt,0.7071715730774218,0.8880179171332587,0.6306512796275054,0.8738383342851411,0.6388526170678427,0.8761319626919627,0.6960615302249098,0.8885504004311864,0.023703349436866028,0.0004118990940387146
ElectricDevices,ElectricDevices,film__raw+gaf,film__raw+gaf,raw+gaf,3407,7140,1786,7711,1,96,7,32,367271,53,104.54829195799539,results/fusion_over_raw/checkpoints/ElectricDevices/film__raw_gaf__raw_gaf__seed_3407.pt,0.7377772014005965,0.9053751399776035,0.6547098817700284,0.8964151366814377,0.6658122691174703,0.8935281722133992,0.7252154297501002,0.9055472194847608,0.05066300148649361,0.027371551143666295
ElectricDevices,ElectricDevices,concat__raw+stft,concat__raw+stft,raw+stft,3407,7140,1786,7711,1,96,7,32,317863,41,79.97313708301226,results/fusion_over_raw/checkpoints/ElectricDevices/concat__raw_stft__raw_stft__seed_3407.pt,0.7316820127091168,0.8852183650615901,0.6554008647063577,0.8715864170071301,0.660938395503905,0.8693404962081651,0.7190001827371765,0.8848053117747006,0.045789127872928326,0.022497677530101012
ElectricDevices,ElectricDevices,gated__raw+stft,gated__raw+stft,raw+stft,3407,7140,1786,7711,1,96,7,32,301097,26,56.971880958997644,results/fusion_over_raw/checkpoints/ElectricDevices/gated__raw_stft__raw_stft__seed_3407.pt,0.7255868240176372,0.8880179171332587,0.6487968355412456,0.8779011842976134,0.6580525984151825,0.8734372828201662,0.7197456032090763,0.8892379167324084,0.04290333078420583,0.019611880441378515
ElectricDevices,ElectricDevices,raw_centered_residual__raw+stft,raw_centered_residual__raw+stft,raw+stft,3407,7140,1786,7711,1,96,7,32,400039,83,151.6482400419918,results/fusion_over_raw/checkpoints/ElectricDevices/raw_centered_residual__raw_stft__raw_stft__seed_3407.pt,0.7288289456620413,0.8964165733482643,0.6362309907139728,0.8855414376240871,0.6391613767498087,0.8830700613935374,0.7133782813774835,0.8968530260485816,0.024012109118832003,0.0007206587760046901
ElectricDevices,ElectricDevices,film__raw+stft,film__raw+stft,raw+stft,3407,7140,1786,7711,1,96,7,32,367271,58,112.50883158300712,results/fusion_over_raw/checkpoints/ElectricDevices/film__raw_stft__raw_stft__seed_3407.pt,0.7459473479444949,0.8924972004479284,0.6750098597365568,0.8905250229076176,0.6745074433457201,0.8794093755567728,0.7344821601762579,0.8930921636096935,0.059358175714743444,0.03606672537191613
ElectricDevices,ElectricDevices,concat__raw+stats+gaf,concat__raw+stats+gaf,raw+stats+gaf,3407,7140,1786,7711,1,96,7,32,355751,42,99.49599300000409,results/fusion_over_raw/checkpoints/ElectricDevices/concat__raw_stats_gaf__raw_stats_gaf__seed_3407.pt,0.7153417196213202,0.9076147816349384,0.6318375106582126,0.891286266060093,0.6389352833806484,0.8911196604810491,0.7026676270004916,0.9070836410888008,0.023786015749671763,0.0004945654068444494
ElectricDevices,ElectricDevices,gated__raw+stats+gaf,gated__raw+stats+gaf,raw+stats+gaf,3407,7140,1786,7711,1,96,7,32,339114,47,104.54840425000293,results/fusion_over_raw/checkpoints/ElectricDevices/gated__raw_stats_gaf__raw_stats_gaf__seed_3407.pt,0.697834262741538,0.9081746920492721,0.6247647540387138,0.8941526381360403,0.635360904660658,0.8940672652179973,0.6880322788697794,0.9080144440385279,0.020211637029681317,-0.003079813313145996
ElectricDevices,ElectricDevices,raw_centered_residual__raw+stats+gaf,raw_centered_residual__raw+stats+gaf,raw+stats+gaf,3407,7140,1786,7711,1,96,7,32,437927,47,115.76644070899056,results/fusion_over_raw/checkpoints/ElectricDevices/raw_centered_residual__raw_stats_gaf__raw_stats_gaf__seed_3407.pt,0.7425755414343146,0.9081746920492721,0.658375340967585,0.8956360474550383,0.6605151543400511,0.894120373456805,0.7274480471138218,0.9092444117325748,0.04536588670907449,0.022074436366247174
ElectricDevices,ElectricDevices,film__raw+stats+gaf,film__raw+stats+gaf,raw+stats+gaf,3407,7140,1786,7711,1,96,7,32,405159,63,146.44608362499275,results/fusion_over_raw/checkpoints/ElectricDevices/film__raw_stats_gaf__raw_stats_gaf__seed_3407.pt,0.7523019063675269,0.9115341545352743,0.6736481782742286,0.9031302267048626,0.6742523014464302,0.8984346267213726,0.7378737859602481,0.9117289020653746,0.059103033815453565,0.03581158347262625
ElectricDevices,ElectricDevices,concat__raw+stats+stft,concat__raw+stats+stft,raw+stats+stft,3407,7140,1786,7711,1,96,7,32,355751,28,74.82398283400107,results/fusion_over_raw/checkpoints/ElectricDevices/concat__raw_stats_stft__raw_stats_stft__seed_3407.pt,0.7337569705615354,0.9048152295632699,0.6693835253405831,0.8927648702815346,0.6665046878707495,0.8900653079706393,0.7189124821748071,0.9049611789932906,0.0513554202397728,0.028063969896945484
ElectricDevices,ElectricDevices,gated__raw+stats+stft,gated__raw+stats+stft,raw+stats+stft,3407,7140,1786,7711,1,96,7,32,339114,51,121.63365716699627,results/fusion_over_raw/checkpoints/ElectricDevices/gated__raw_stats_stft__raw_stats_stft__seed_3407.pt,0.7309039035144599,0.9014557670772676,0.6553547439642038,0.8877831657183785,0.6699273035941052,0.8856973126961031,0.7263782836740834,0.9015728658507182,0.05477803596312858,0.031486585620301266
ElectricDevices,ElectricDevices,raw_centered_residual__raw+stats+stft,raw_centered_residual__raw+stats+stft,raw+stats+stft,3407,7140,1786,7711,1,96,7,32,437927,50,125.88357162498869,results/fusion_over_raw/checkpoints/ElectricDevices/raw_centered_residual__raw_stats_stft__raw_stats_stft__seed_3407.pt,0.7473738814680326,0.9081746920492721,0.6704891802549177,0.8934364211024143,0.6816861001176291,0.891492017230929,0.7357603897809437,0.9082907702114231,0.06653683248665243,0.04324538214382512
ElectricDevices,ElectricDevices,film__raw+stats+stft,film__raw+stats+stft,raw+stats+stft,3407,7140,1786,7711,1,96,7,32,405159,74,170.16323258299963,results/fusion_over_raw/checkpoints/ElectricDevices/film__raw_stats_stft__raw_stats_stft__seed_3407.pt,0.7423161717027623,0.9092945128779395,0.6618165164484073,0.8960896266741981,0.6622208487419942,0.8938654156517485,0.7251177470150671,0.9097072351459609,0.0470715811110175,0.02378013076819019
ElectricDevices,ElectricDevices,concat__raw+gaf+stft,concat__raw+gaf+stft,raw+gaf+stft,3407,7140,1786,7711,1,96,7,32,443911,40,105.54725783399772,results/fusion_over_raw/checkpoints/ElectricDevices/concat__raw_gaf_stft__raw_gaf_stft__seed_3407.pt,0.7583970950590067,0.9008958566629339,0.6804501466401415,0.8925575197394707,0.690486558384028,0.8910642081457948,0.7480903854600699,0.9012607864100136,0.07533729075305129,0.052045840410223976
ElectricDevices,ElectricDevices,gated__raw+gaf+stft,gated__raw+gaf+stft,raw+gaf+stft,3407,7140,1786,7711,1,96,7,32,427274,38,98.8183827920002,results/fusion_over_raw/checkpoints/ElectricDevices/gated__raw_gaf_stft__raw_gaf_stft__seed_3407.pt,0.7135261315004539,0.8997760358342665,0.6396387126102615,0.8886079410393303,0.6525855179080222,0.8865736719854296,0.7053200373831866,0.9002777880058558,0.03743625027704556,0.014144799934218244
ElectricDevices,ElectricDevices,raw_centered_residual__raw+gaf+stft,raw_centered_residual__raw+gaf+stft,raw+gaf+stft,3407,7140,1786,7711,1,96,7,32,526087,46,125.9799912909948,results/fusion_over_raw/checkpoints/ElectricDevices/raw_centered_residual__raw_gaf_stft__raw_gaf_stft__seed_3407.pt,0.7372584619374919,0.9076147816349384,0.662703173667319,0.8941986544517374,0.6775605720641893,0.8945328045211929,0.7281156133813754,0.9067389809077215,0.06241130443321263,0.03911985409038532
ElectricDevices,ElectricDevices,film__raw+gaf+stft,film__raw+gaf+stft,raw+gaf+stft,3407,7140,1786,7711,1,96,7,32,493319,48,134.91895270899113,results/fusion_over_raw/checkpoints/ElectricDevices/film__raw_gaf_stft__raw_gaf_stft__seed_3407.pt,0.761898586434963,0.9025755879059351,0.6872373887853003,0.8961616544915131,0.6957717313749099,0.8913241692294224,0.7539945339846088,0.9034357068398188,0.08062246374393323,0.05733101340110591
ElectricDevices,ElectricDevices,concat__raw+stats+gaf+stft,concat__raw+stats+gaf+stft,raw+stats+gaf+stft,3407,7140,1786,7711,1,96,7,32,481799,54,162.01957787500578,results/fusion_over_raw/checkpoints/ElectricDevices/concat__raw_stats_gaf_stft__raw_stats_gaf_stft__seed_3407.pt,0.7354428738166257,0.910414333706607,0.6633566676029491,0.8978935354531493,0.6713424435687578,0.8941390488595957,0.7237762000825222,0.9101268077468393,0.05619317593778117,0.03290172559495386
ElectricDevices,ElectricDevices,gated__raw+stats+gaf+stft,gated__raw+stats+gaf+stft,raw+stats+gaf+stft,3407,7140,1786,7711,1,96,7,32,465291,22,82.52610166699742,results/fusion_over_raw/checkpoints/ElectricDevices/gated__raw_stats_gaf_stft__raw_stats_gaf_stft__seed_3407.pt,0.709635585527169,0.910414333706607,0.6402853886684143,0.8974299697166094,0.6437711440320977,0.8961150854589707,0.6965925269419254,0.9105912600697902,0.028621876401121016,0.005330426058293702
ElectricDevices,ElectricDevices,film__raw+stats+gaf+stft,film__raw+stats+gaf+stft,raw+stats+gaf+stft,3407,7140,1786,7711,1,96,7,32,531207,40,134.42375633399934,results/fusion_over_raw/checkpoints/ElectricDevices/film__raw_stats_gaf_stft__raw_stats_gaf_stft__seed_3407.pt,0.7595642588509921,0.9081746920492721,0.6974022593833914,0.898145838710777,0.701369279490961,0.8924935579878961,0.7487564293915908,0.9078797636309669,0.08622001185998429,0.06292856151715698
ElectricDevices,ElectricDevices,raw_centered_residual__raw+stats+gaf+stft,raw_centered_residual__raw+stats+gaf+stft,raw+stats+gaf+stft,3407,7140,1786,7711,1,96,7,32,563975,30,117.08910962499795,results/fusion_over_raw/checkpoints/ElectricDevices/raw_centered_residual__raw_stats_gaf_stft__raw_stats_gaf_stft__seed_3407.pt,0.7485410452600182,0.9115341545352743,0.692757307601166,0.9004481494914102,0.6995549720385149,0.8976911978372526,0.7394610737013098,0.9115367452803259,0.08440570440753825,0.06111425406471094
ElectricDevices,ElectricDevices,ordinary_bottleneck__raw+stats+gaf+stft,ordinary_bottleneck__raw+stats+gaf+stft,raw+stats+gaf+stft,3407,7140,1786,7711,1,96,7,32,665223,67,246.29994733299827,results/fusion_over_raw/checkpoints/ElectricDevices/ordinary_bottleneck__raw_stats_gaf_stft__raw_stats_gaf_stft__seed_3407.pt,0.7158604590844249,0.9059350503919373,0.6353881687708512,0.8961981977147255,0.6452131813150822,0.8938223945125193,0.7059190155189335,0.906664956677504,0.030063913684105548,0.006772463341278234
ElectricDevices,ElectricDevices,raw_residual_bottleneck__raw+stats+gaf+stft,raw_residual_bottleneck__raw+stats+gaf+stft,raw+stats+gaf+stft,3407,7140,1786,7711,1,96,7,32,747911,58,231.92183562499122,results/fusion_over_raw/checkpoints/ElectricDevices/raw_residual_bottleneck__raw_stats_gaf_stft__raw_stats_gaf_stft__seed_3407.pt,0.7049669303592271,0.9120940649496081,0.6233838878603987,0.9023691476385512,0.6215911013776952,0.8984282365625142,0.689037276066079,0.912396000418475,0.006441833746718584,-0.01684961659610873
ElectricDevices,ElectricDevices,context_only_residual_bottleneck__raw+stats+gaf+stft,context_only_residual_bottleneck__raw+stats+gaf+stft,raw+stats+gaf+stft,3407,7140,1786,7711,1,96,7,32,747783,85,306.00308208299975,results/fusion_over_raw/checkpoints/ElectricDevices/context_only_residual_bottleneck__raw_stats_gaf_stft__raw_stats_gaf_stft__seed_3407.pt,0.734924134353521,0.9126539753639418,0.6633341668759022,0.9070304057959842,0.6670382568538367,0.8999388560243203,0.7237930372189115,0.9129792571622047,0.051888989222860005,0.02859753888003269
ElectricDevices,ElectricDevices,raw_conditioned_context_bottleneck__raw+stats+gaf+stft,raw_conditioned_context_bottleneck__raw+stats+gaf+stft,raw+stats+gaf+stft,3407,7140,1786,7711,1,96,7,32,814087,42,177.99342495801102,results/fusion_over_raw/checkpoints/ElectricDevices/raw_conditioned_context_bottleneck__raw_stats_gaf_stft__raw_stats_gaf_stft__seed_3407.pt,0.7473738814680326,0.9109742441209406,0.6719177158519487,0.8994237639018878,0.6741195117370997,0.894302364788858,0.7337763122071593,0.911082289863006,0.05897024410612306,0.035678793763295746
ElectricDevices,ElectricDevices,raw_only,raw_only,raw,2025,7140,1786,7711,1,96,7,32,158279,47,52.69417625000642,results/fusion_over_raw/checkpoints/ElectricDevices/raw_only__raw__seed_2025.pt,0.7091168460640643,0.8880179171332587,0.6369410291534707,0.8607201584621454,0.6383128667577334,0.8603639940758125,0.6963057807977646,0.8881500932570108,0.0,
ElectricDevices,ElectricDevices,raw_larger,raw_larger,raw_larger,2025,7140,1786,7711,1,96,7,32,421255,91,121.25309225000092,results/fusion_over_raw/checkpoints/ElectricDevices/raw_larger__raw_larger__seed_2025.pt,0.7350538192192971,0.9059350503919373,0.6496012067382211,0.879906537628999,0.6564011108834613,0.8798366331162174,0.7219383525070989,0.9056754458771191,0.01808824412572796,0.0
ElectricDevices,ElectricDevices,stats_only,stats_only,stats,2025,7140,1786,7711,1,96,7,32,39175,65,59.51752395799849,results/fusion_over_raw/checkpoints/ElectricDevices/stats_only__stats__seed_2025.pt,0.6932952924393724,0.8779395296752519,0.6145621958988133,0.8218176735827178,0.6225819172015197,0.8241011226840208,0.6863123335792374,0.8769290285020398,-0.01573094955621368,-0.03381919368194164
ElectricDevices,ElectricDevices,gaf_only,gaf_only,gaf,2025,7140,1786,7711,1,96,7,32,127335,43,55.50668824999593,results/fusion_over_raw/checkpoints/ElectricDevices/gaf_only__gaf__seed_2025.pt,0.6603553365322267,0.8286674132138858,0.5721028232626358,0.7689836132122931,0.5860150308773637,0.778708437182357,0.6509346533144774,0.8278708878861863,-0.052297835880369625,-0.07038608000609758
ElectricDevices,ElectricDevices,stft_only,stft_only,stft,2025,7140,1786,7711,1,96,7,32,127335,62,80.1089857499901,results/fusion_over_raw/checkpoints/ElectricDevices/stft_only__stft__seed_2025.pt,0.6564647905589418,0.8202687569988801,0.5822834139157186,0.779248791997726,0.5924546100914637,0.7736647074742434,0.6509659513716469,0.8207698954066831,-0.04585825666626964,-0.0639465007919976
ElectricDevices,ElectricDevices,minirocket_ridge,minirocket_ridge,raw,2025,7140,1786,7711,1,96,7,32,69979,,31.17397883400554,,0.7272727272727273,0.8980963045912654,0.6424591782399636,0.8638891864637651,0.6480582147216488,0.8690886197752451,0.7124225503140754,0.8975787190955086,0.009745347963915463,-0.008342896161812496
ElectricDevices,ElectricDevices,concat__raw+stats,concat__raw+stats,raw+stats,2025,7140,1786,7711,1,96,7,32,229703,43,77.89369250000163,results/fusion_over_raw/checkpoints/ElectricDevices/concat__raw_stats__raw_stats__seed_2025.pt,0.7274024121385034,0.9031354983202687,0.6546670747617018,0.8837692279621479,0.6526083742653517,0.8773788353747204,0.7164608512084355,0.9048893280657629,0.014295507507618321,-0.003792736618109638
ElectricDevices,ElectricDevices,gated__raw+stats,gated__raw+stats,raw+stats,2025,7140,1786,7711,1,96,7,32,212937,87,130.58239791599044,results/fusion_over_raw/checkpoints/ElectricDevices/gated__raw_stats__raw_stats__seed_2025.pt,0.7478926209311373,0.9165733482642777,0.674180487655163,0.8900661693221406,0.679638705383071,0.8902554284543399,0.7363246188667325,0.9170071622143906,0.041325838625337674,0.023237594499609715
ElectricDevices,ElectricDevices,raw_centered_residual__raw+stats,raw_centered_residual__raw+stats,raw+stats,2025,7140,1786,7711,1,96,7,32,311879,56,105.37559266699827,results/fusion_over_raw/checkpoints/ElectricDevices/raw_centered_residual__raw_stats__raw_stats__seed_2025.pt,0.7430942808974192,0.9092945128779395,0.6813544651804133,0.8817724741859179,0.6956086451440067,0.8841987944269684,0.7361401328825284,0.9089728436917429,0.05729577838627331,0.03920753426054535
ElectricDevices,ElectricDevices,film__raw+stats,film__raw+stats,raw+stats,2025,7140,1786,7711,1,96,7,32,279111,27,61.102027792003355,results/fusion_over_raw/checkpoints/ElectricDevices/film__raw_stats__raw_stats__seed_2025.pt,0.7421864868369861,0.9014557670772676,0.6658087091600081,0.880747092903914,0.6714173616085128,0.8758731275753936,0.7335495971757447,0.9018648136696044,0.03310449485077949,0.015016250725051528
ElectricDevices,ElectricDevices,concat__raw+gaf,concat__raw+gaf,raw+gaf,2025,7140,1786,7711,1,96,7,32,317863,66,115.51265037499252,results/fusion_over_raw/checkpoints/ElectricDevices/concat__raw_gaf__raw_gaf__seed_2025.pt,0.7481519906626897,0.8986562150055991,0.6623088942768769,0.8764228451678175,0.6668867511355795,0.8769158906944637,0.7342033178325071,0.8988239848421232,0.028573884377846137,0.010485640252118178
ElectricDevices,ElectricDevices,gated__raw+gaf,gated__raw+gaf,raw+gaf,2025,7140,1786,7711,1,96,7,32,301097,33,67.19721541600302,results/fusion_over_raw/checkpoints/ElectricDevices/gated__raw_gaf__raw_gaf__seed_2025.pt,0.7393334197899105,0.8891377379619261,0.6587663697501384,0.8722444670699236,0.6627429975322927,0.866298117599987,0.726478464892691,0.8885447617715617,0.024430130774559355,0.006341886648831396
ElectricDevices,ElectricDevices,raw_centered_residual__raw+gaf,raw_centered_residual__raw+gaf,raw+gaf,2025,7140,1786,7711,1,96,7,32,400039,58,115.70223450000049,results/fusion_over_raw/checkpoints/ElectricDevices/raw_centered_residual__raw_gaf__raw_gaf__seed_2025.pt,0.7556737128777071,0.9003359462486002,0.6854955662283172,0.881287004267909,0.6909625434068695,0.8767286197366155,0.7471522745585792,0.8999831212100292,0.05264967664913611,0.03456143252340815
ElectricDevices,ElectricDevices,film__raw+gaf,film__raw+gaf,raw+gaf,2025,7140,1786,7711,1,96,7,32,367271,70,137.26454541600833,results/fusion_over_raw/checkpoints/ElectricDevices/film__raw_gaf__raw_gaf__seed_2025.pt,0.7331085462326546,0.906494960806271,0.6476785933340208,0.8803114177855139,0.6531429655507893,0.8827681878993383,0.7189855782013788,0.9063025768948958,0.014830098793055968,-0.003258145332671991
ElectricDevices,ElectricDevices,concat__raw+stft,concat__raw+stft,raw+stft,2025,7140,1786,7711,1,96,7,32,317863,34,72.14296391699463,results/fusion_over_raw/checkpoints/ElectricDevices/concat__raw_stft__raw_stft__seed_2025.pt,0.7218259629101283,0.8829787234042553,0.6484586621242018,0.8562460560561372,0.658355657704009,0.8566428436181409,0.7127066150138642,0.8833353395821186,0.02004279094627559,0.0019545468205476313
ElectricDevices,ElectricDevices,gated__raw+stft,gated__raw+stft,raw+stft,2025,7140,1786,7711,1,96,7,32,301097,43,80.99433816700184,results/fusion_over_raw/checkpoints/ElectricDevices/gated__raw_stft__raw_stft__seed_2025.pt,0.7425755414343146,0.8924972004479284,0.6597188029106658,0.8633783140762256,0.6712743237968312,0.8651876049313939,0.7319412957628532,0.8926319461867411,0.03296145703909781,0.014873212913369849
ElectricDevices,ElectricDevices,raw_centered_residual__raw+stft,raw_centered_residual__raw+stft,raw+stft,2025,7140,1786,7711,1,96,7,32,400039,51,106.36316775000887,results/fusion_over_raw/checkpoints/ElectricDevices/raw_centered_residual__raw_stft__raw_stft__seed_2025.pt,0.7355725586824018,0.8908174692049272,0.6472540867876103,0.8631082204110092,0.6564674024813701,0.8639264060774726,0.7230033680998662,0.8900718689600924,0.01815453572363679,6.629159790882966e-05
ElectricDevices,ElectricDevices,film__raw+stft,film__raw+stft,raw+stft,2025,7140,1786,7711,1,96,7,32,367271,90,160.8966883749963,results/fusion_over_raw/checkpoints/ElectricDevices/film__raw_stft__raw_stft__seed_2025.pt,0.7467254571391518,0.9003359462486002,0.6750750847049555,0.8764800288788587,0.6886598612623676,0.8756452909594962,0.7397544869679604,0.8995852313239164,0.0503469945046342,0.03225875037890624
ElectricDevices,ElectricDevices,concat__raw+stats+gaf,concat__raw+stats+gaf,raw+stats+gaf,2025,7140,1786,7711,1,96,7,32,355751,27,74.20649308300926,results/fusion_over_raw/checkpoints/ElectricDevices/concat__raw_stats_gaf__raw_stats_gaf__seed_2025.pt,0.7025029179094799,0.9053751399776035,0.623380820053452,0.8789181579230261,0.6268538432952594,0.8781707562592004,0.6914997924696548,0.9055411328904888,-0.01145902346247396,-0.02954726758820192
ElectricDevices,ElectricDevices,gated__raw+stats+gaf,gated__raw+stats+gaf,raw+stats+gaf,2025,7140,1786,7711,1,96,7,32,339114,25,68.5829301670019,results/fusion_over_raw/checkpoints/ElectricDevices/gated__raw_stats_gaf__raw_stats_gaf__seed_2025.pt,0.6979639476073142,0.9126539753639418,0.6291001215560569,0.8831819083931013,0.634483104447996,0.8865818318891563,0.6845797668441519,0.912052715126985,-0.0038297623097373057,-0.021918006435465265
ElectricDevices,ElectricDevices,raw_centered_residual__raw+stats+gaf,raw_centered_residual__raw+stats+gaf,raw+stats+gaf,2025,7140,1786,7711,1,96,7,32,437927,28,81.61154883299605,results/fusion_over_raw/checkpoints/ElectricDevices/raw_centered_residual__raw_stats_gaf__raw_stats_gaf__seed_2025.pt,0.7344053948904163,0.9042553191489362,0.6523062094441243,0.8768940389066622,0.6641216315018293,0.8781083110593352,0.726108450710225,0.9045679878082646,0.02580876474409599,0.007720520618368032
ElectricDevices,ElectricDevices,film__raw+stats+gaf,film__raw+stats+gaf,raw+stats+gaf,2025,7140,1786,7711,1,96,7,32,405159,30,85.88752379200014,results/fusion_over_raw/checkpoints/ElectricDevices/film__raw_stats_gaf__raw_stats_gaf__seed_2025.pt,0.7419271171054338,0.9081746920492721,0.6552389602326273,0.879462209248545,0.6576081343471725,0.8818431233759753,0.7257683305245555,0.9081810609854574,0.019295267589439113,0.0012070234637111543
ElectricDevices,ElectricDevices,concat__raw+stats+stft,concat__raw+stats+stft,raw+stats+stft,2025,7140,1786,7711,1,96,7,32,355751,46,113.37331241699576,results/fusion_over_raw/checkpoints/ElectricDevices/concat__raw_stats_stft__raw_stats_stft__seed_2025.pt,0.7550252885488263,0.9092945128779395,0.688219866764423,0.8848228047818169,0.6971781453048759,0.8842089639828596,0.7454141152507006,0.9087299102472504,0.05886527854714252,0.04077703442141456
ElectricDevices,ElectricDevices,gated__raw+stats+stft,gated__raw+stats+stft,raw+stats+stft,2025,7140,1786,7711,1,96,7,32,339114,40,99.07283116600593,results/fusion_over_raw/checkpoints/ElectricDevices/gated__raw_stats_stft__raw_stats_stft__seed_2025.pt,0.7497082090520036,0.9048152295632699,0.6796991811392957,0.8789299204265204,0.6847738370044061,0.8792751547463943,0.7365958158035719,0.9045588923071232,0.04646097024667273,0.02837272612094477
ElectricDevices,ElectricDevices,raw_centered_residual__raw+stats+stft,raw_centered_residual__raw+stats+stft,raw+stats+stft,2025,7140,1786,7711,1,96,7,32,437927,26,80.39517941701342,results/fusion_over_raw/checkpoints/ElectricDevices/raw_centered_residual__raw_stats_stft__raw_stats_stft__seed_2025.pt,0.7264946180780703,0.9092945128779395,0.6541255924246416,0.8783090583691359,0.6645708433729386,0.8801843043171145,0.7143709444535723,0.9084219591409958,0.026257976615205236,0.008169732489477277
ElectricDevices,ElectricDevices,film__raw+stats+stft,film__raw+stats+stft,raw+stats+stft,2025,7140,1786,7711,1,96,7,32,405159,75,182.56329170899699,results/fusion_over_raw/checkpoints/ElectricDevices/film__raw_stats_stft__raw_stats_stft__seed_2025.pt,0.7617689015691869,0.9115341545352743,0.6958604656948612,0.8853458517748999,0.7030958244561922,0.8824458406285417,0.751505480373405,0.9106238613686192,0.06478295769845888,0.04669471357273092
ElectricDevices,ElectricDevices,concat__raw+gaf+stft,concat__raw+gaf+stft,raw+gaf+stft,2025,7140,1786,7711,1,96,7,32,443911,38,107.62561929100775,results/fusion_over_raw/checkpoints/ElectricDevices/concat__raw_gaf_stft__raw_gaf_stft__seed_2025.pt,0.7360912981455064,0.896976483762598,0.6711101506782431,0.877923910681648,0.6804028055739834,0.8720834716691994,0.7282920947961391,0.8967574410745371,0.042089938816250005,0.024001694690522046
ElectricDevices,ElectricDevices,gated__raw+gaf+stft,gated__raw+gaf+stft,raw+gaf+stft,2025,7140,1786,7711,1,96,7,32,427274,40,110.4164289170003,results/fusion_over_raw/checkpoints/ElectricDevices/gated__raw_gaf_stft__raw_gaf_stft__seed_2025.pt,0.7424458565685385,0.8997760358342665,0.6580939252611747,0.8750004270786794,0.6594095469838798,0.8781511489575837,0.7241171157233609,0.8998776784808628,0.021096680226146414,0.0030084361004184546
ElectricDevices,ElectricDevices,raw_centered_residual__raw+gaf+stft,raw_centered_residual__raw+gaf+stft,raw+gaf+stft,2025,7140,1786,7711,1,96,7,32,526087,59,154.32391570799518,results/fusion_over_raw/checkpoints/ElectricDevices/raw_centered_residual__raw_gaf_stft__raw_gaf_stft__seed_2025.pt,0.7285695759304889,0.8964165733482643,0.649906331015559,0.8743508936574872,0.6580649303449665,0.8750529976112521,0.7185958273561083,0.8956271066600011,0.019752063587233137,0.0016638194615051782
ElectricDevices,ElectricDevices,film__raw+gaf+stft,film__raw+gaf+stft,raw+gaf+stft,2025,7140,1786,7711,1,96,7,32,493319,36,111.80360995800584,results/fusion_over_raw/checkpoints/ElectricDevices/film__raw_gaf_stft__raw_gaf_stft__seed_2025.pt,0.7420568019712099,0.8936170212765957,0.6522803853410798,0.8658482851004592,0.6622141412715159,0.8690450441413863,0.7282585204389501,0.8923334129128205,0.023901274513782544,0.005813030388054585
ElectricDevices,ElectricDevices,concat__raw+stats+gaf+stft,concat__raw+stats+gaf+stft,raw+stats+gaf+stft,2025,7140,1786,7711,1,96,7,32,481799,40,133.54677375000028,results/fusion_over_raw/checkpoints/ElectricDevices/concat__raw_stats_gaf_stft__raw_stats_gaf_stft__seed_2025.pt,0.7517831669044223,0.910414333706607,0.6691614873003946,0.8770510068152282,0.6817564594102469,0.8790598938159642,0.7415015716787949,0.9093094358680063,0.04344359265251352,0.02535534852678556
ElectricDevices,ElectricDevices,gated__raw+stats+gaf+stft,gated__raw+stats+gaf+stft,raw+stats+gaf+stft,2025,7140,1786,7711,1,96,7,32,465291,25,88.88362612499623,results/fusion_over_raw/checkpoints/ElectricDevices/gated__raw_stats_gaf_stft__raw_stats_gaf_stft__seed_2025.pt,0.7454286084813903,0.906494960806271,0.6629820002896026,0.8793714015097345,0.6696884233251704,0.8802428911135829,0.7329525441836567,0.9066359678773281,0.03137555656743707,0.01328731244170911
ElectricDevices,ElectricDevices,film__raw+stats+gaf+stft,film__raw+stats+gaf+stft,raw+stats+gaf+stft,2025,7140,1786,7711,1,96,7,32,531207,27,100.53616333298851,results/fusion_over_raw/checkpoints/ElectricDevices/film__raw_stats_gaf_stft__raw_stats_gaf_stft__seed_2025.pt,0.7102840098560498,0.9120940649496081,0.6214274253503821,0.8795602525351569,0.6372475975033867,0.8855062116398746,0.7009389389688743,0.9108171958224769,-0.0010652692543466902,-0.01915351338007465
ElectricDevices,ElectricDevices,raw_centered_residual__raw+stats+gaf+stft,raw_centered_residual__raw+stats+gaf+stft,raw+stats+gaf+stft,2025,7140,1786,7711,1,96,7,32,563975,32,120.4820720419957,results/fusion_over_raw/checkpoints/ElectricDevices/raw_centered_residual__raw_stats_gaf_stft__raw_stats_gaf_stft__seed_2025.pt,0.7340163402930878,0.9087346024636058,0.6633693498472223,0.8819413272741998,0.6702207587440858,0.8814568878873456,0.7236688810177242,0.9078539399426527,0.031907891986352466,0.013819647860624507
ElectricDevices,ElectricDevices,ordinary_bottleneck__raw+stats+gaf+stft,ordinary_bottleneck__raw+stats+gaf+stft,raw+stats+gaf+stft,2025,7140,1786,7711,1,96,7,32,665223,54,205.03671212500194,results/fusion_over_raw/checkpoints/ElectricDevices/ordinary_bottleneck__raw_stats_gaf_stft__raw_stats_gaf_stft__seed_2025.pt,0.7044481908961224,0.9148936170212766,0.6356548606887638,0.8898404930876392,0.6407349687408737,0.8881367908702954,0.6938153145749038,0.9144691079033793,0.0024221019831403012,-0.015666142142587658
ElectricDevices,ElectricDevices,raw_residual_bottleneck__raw+stats+gaf+stft,raw_residual_bottleneck__raw+stats+gaf+stft,raw+stats+gaf+stft,2025,7140,1786,7711,1,96,7,32,747911,22,116.50645658299618,results/fusion_over_raw/checkpoints/ElectricDevices/raw_residual_bottleneck__raw_stats_gaf_stft__raw_stats_gaf_stft__seed_2025.pt,0.7377772014005965,0.9036954087346024,0.6683995297409825,0.8728831395220334,0.6755459733135171,0.8733426385988947,0.7281997176650175,0.9041962608472699,0.03723310655578371,0.019144862430055753
ElectricDevices,ElectricDevices,context_only_residual_bottleneck__raw+stats+gaf+stft,context_only_residual_bottleneck__raw+stats+gaf+stft,raw+stats+gaf+stft,2025,7140,1786,7711,1,96,7,32,747783,51,203.8814741249953,results/fusion_over_raw/checkpoints/ElectricDevices/context_only_residual_bottleneck__raw_stats_gaf_stft__raw_stats_gaf_stft__seed_2025.pt,0.749189469588899,0.9092945128779395,0.6696025787208095,0.8822225237370291,0.679065688064233,0.8830848547964866,0.7394714820719599,0.9093488042875747,0.0407528213064996,0.02266457718077164
ElectricDevices,ElectricDevices,raw_conditioned_context_bottleneck__raw+stats+gaf+stft,raw_conditioned_context_bottleneck__raw+stats+gaf+stft,raw+stats+gaf+stft,2025,7140,1786,7711,1,96,7,32,814087,53,212.73010287499346,results/fusion_over_raw/checkpoints/ElectricDevices/raw_conditioned_context_bottleneck__raw_stats_gaf_stft__raw_stats_gaf_stft__seed_2025.pt,0.7427052263000907,0.9115341545352743,0.6518803582634591,0.8855664665446257,0.6604885346556557,0.8863659744066189,0.7288419576636521,0.9113569261375849,0.022175667897922358,0.0040874237721943985
Crop,Crop,raw_only,raw_only,raw,42,5760,1440,16800,1,46,24,32,160472,75,61.999306500001694,results/fusion_over_raw/checkpoints/Crop/raw_only__raw__seed_42.pt,0.7185714285714285,0.7423611111111111,0.7185714285714285,0.747847366692703,0.7150414259883623,0.7384479757856872,0.7150414259883623,0.7366424719263326,0.0,
Crop,Crop,raw_larger,raw_larger,raw_larger,42,5760,1440,16800,1,46,24,32,423448,45,43.223550624999916,results/fusion_over_raw/checkpoints/Crop/raw_larger__raw_larger__seed_42.pt,0.7202380952380952,0.7458333333333333,0.7202380952380952,0.7497319103379629,0.7167947274967382,0.7430681669221771,0.7167947274967383,0.7414316473694721,0.0017533015083759373,0.0
Crop,Crop,stats_only,stats_only,stats,42,5760,1440,16800,1,46,24,32,40458,94,56.87458170800528,results/fusion_over_raw/checkpoints/Crop/stats_only__stats__seed_42.pt,0.61625,0.6215277777777778,0.61625,0.6260262053564053,0.601130158519979,0.6049782245364886,0.6011301585199791,0.6048791533831596,-0.11391126746838331,-0.11566456897675925
Crop,Crop,gaf_only,gaf_only,gaf,42,5760,1440,16800,1,46,24,32,129528,50,55.76177883299533,results/fusion_over_raw/checkpoints/Crop/gaf_only__gaf__seed_42.pt,0.6835714285714286,0.6854166666666667,0.6835714285714286,0.6922048486249658,0.6770815231939314,0.6786057253776135,0.6770815231939312,0.6764920156104999,-0.037959902794430844,-0.03971320430280678
Crop,Crop,stft_only,stft_only,stft,42,5760,1440,16800,1,46,24,32,129528,85,76.89735149999615,results/fusion_over_raw/checkpoints/Crop/stft_only__stft__seed_42.pt,0.5926190476190476,0.5972222222222222,0.5926190476190476,0.6000606164844865,0.5826389003247464,0.5865454530418148,0.5826389003247463,0.585641618767969,-0.13240252566361588,-0.13415582717199181
Crop,Crop,minirocket_ridge,minirocket_ridge,raw,42,5760,1440,16800,1,46,24,32,239928,,18.996055042007356,,0.7019047619047619,0.6916666666666667,0.7019047619047619,0.6978273538269812,0.6892258750137304,0.6757456402031997,0.6892258750137306,0.6745723149155529,-0.02581555097463184,-0.027568852483007777
Crop,Crop,concat__raw+stats,concat__raw+stats,raw+stats,42,5760,1440,16800,1,46,24,32,230986,71,90.97702837499673,results/fusion_over_raw/checkpoints/Crop/concat__raw_stats__raw_stats__seed_42.pt,0.7104761904761905,0.7381944444444445,0.7104761904761904,0.7421940411072473,0.7078914812804422,0.7346338717190308,0.7078914812804421,0.7347207946414959,-0.007149944707920075,-0.008903246216296012
Crop,Crop,gated__raw+stats,gated__raw+stats,raw+stats,42,5760,1440,16800,1,46,24,32,214220,35,50.28673937500571,results/fusion_over_raw/checkpoints/Crop/gated__raw_stats__raw_stats__seed_42.pt,0.6956547619047619,0.7173611111111111,0.6956547619047618,0.7231562530295363,0.6910136695380903,0.71518665583064,0.6910136695380903,0.7137419309988663,-0.024027756450271998,-0.025781057958647935
Crop,Crop,raw_centered_residual__raw+stats,raw_centered_residual__raw+stats,raw+stats,42,5760,1440,16800,1,46,24,32,313162,39,63.3929284170008,results/fusion_over_raw/checkpoints/Crop/raw_centered_residual__raw_stats__raw_stats__seed_42.pt,0.7075595238095238,0.7284722222222222,0.7075595238095239,0.7313880094789277,0.7059106403881131,0.7266989829651492,0.7059106403881131,0.7253055039926337,-0.009130785600249158,-0.010884087108625096
Crop,Crop,film__raw+stats,film__raw+stats,raw+stats,42,5760,1440,16800,1,46,24,32,280394,48,73.72716754100111,results/fusion_over_raw/checkpoints/Crop/film__raw_stats__raw_stats__seed_42.pt,0.7104166666666667,0.7340277777777777,0.7104166666666666,0.7392477288534299,0.7047625063275097,0.7310750762454368,0.7047625063275097,0.729302114320733,-0.010278919660852592,-0.01203222116922853
Crop,Crop,concat__raw+gaf,concat__raw+gaf,raw+gaf,42,5760,1440,16800,1,46,24,32,320056,58,85.16352108299907,results/fusion_over_raw/checkpoints/Crop/concat__raw_gaf__raw_gaf__seed_42.pt,0.7079166666666666,0.7243055555555555,0.7079166666666666,0.7293794650770892,0.7033528670206691,0.7200119481343363,0.7033528670206691,0.7175761104547672,-0.011688558967693163,-0.0134418604760691
Crop,Crop,gated__raw+gaf,gated__raw+gaf,raw+gaf,42,5760,1440,16800,1,46,24,32,303290,28,49.10422841699619,results/fusion_over_raw/checkpoints/Crop/gated__raw_gaf__raw_gaf__seed_42.pt,0.7073809523809523,0.7131944444444445,0.7073809523809523,0.7182764548679753,0.7017394985965849,0.709741454371537,0.701739498596585,0.7077121715612427,-0.01330192739177738,-0.015055228900153317
Crop,Crop,raw_centered_residual__raw+gaf,raw_centered_residual__raw+gaf,raw+gaf,42,5760,1440,16800,1,46,24,32,402232,39,73.28943266600254,results/fusion_over_raw/checkpoints/Crop/raw_centered_residual__raw_gaf__raw_gaf__seed_42.pt,0.7102380952380952,0.7243055555555555,0.7102380952380952,0.7301856176336363,0.7077227272017074,0.7239050261082417,0.7077227272017073,0.7215787105674972,-0.00731869878665492,-0.009072000295030858
Crop,Crop,film__raw+gaf,film__raw+gaf,raw+gaf,42,5760,1440,16800,1,46,24,32,369464,67,103.4792011660029,results/fusion_over_raw/checkpoints/Crop/film__raw_gaf__raw_gaf__seed_42.pt,0.7223809523809523,0.7416666666666667,0.7223809523809525,0.7455745656363645,0.717693483381367,0.7383533132703354,0.7176934833813668,0.7375945355041734,0.00265205739300467,0.0008987558846287325
Crop,Crop,concat__raw+stft,concat__raw+stft,raw+stft,42,5760,1440,16800,1,46,24,32,320056,78,107.13325141700625,results/fusion_over_raw/checkpoints/Crop/concat__raw_stft__raw_stft__seed_42.pt,0.7039285714285715,0.7256944444444444,0.7039285714285715,0.7277029192022338,0.7051056765750929,0.7240568317630774,0.705105676575093,0.7229868508565488,-0.009935749413269357,-0.011689050921645294
Crop,Crop,gated__raw+stft,gated__raw+stft,raw+stft,42,5760,1440,16800,1,46,24,32,303290,51,72.29040983300365,results/fusion_over_raw/checkpoints/Crop/gated__raw_stft__raw_stft__seed_42.pt,0.7033928571428572,0.7222222222222222,0.7033928571428572,0.7295468009160863,0.703130656489155,0.7206939763026464,0.7031306564891551,0.7181924324184904,-0.01191076949920733,-0.013664071007583267
Crop,Crop,raw_centered_residual__raw+stft,raw_centered_residual__raw+stft,raw+stft,42,5760,1440,16800,1,46,24,32,402232,48,84.36908925000171,results/fusion_over_raw/checkpoints/Crop/raw_centered_residual__raw_stft__raw_stft__seed_42.pt,0.7111904761904762,0.7326388888888888,0.7111904761904763,0.7379389433824862,0.7055893495338615,0.7280057560543249,0.7055893495338614,0.7274873621681962,-0.009452076454500746,-0.011205377962876684
Crop,Crop,film__raw+stft,film__raw+stft,raw+stft,42,5760,1440,16800,1,46,24,32,369464,45,76.10315566700592,results/fusion_over_raw/checkpoints/Crop/film__raw_stft__raw_stft__seed_42.pt,0.710952380952381,0.7270833333333333,0.7109523809523809,0.7328078677936724,0.7079414428862277,0.7249211623176204,0.7079414428862278,0.7225301230970957,-0.007099983102134555,-0.008853284610510492
Crop,Crop,concat__raw+stats+gaf,concat__raw+stats+gaf,raw+stats+gaf,42,5760,1440,16800,1,46,24,32,357034,26,60.718490125000244,results/fusion_over_raw/checkpoints/Crop/concat__raw_stats_gaf__raw_stats_gaf__seed_42.pt,0.6954761904761905,0.7034722222222223,0.6954761904761906,0.7082603230827074,0.6915137151152378,0.6994599484239497,0.6915137151152378,0.6986024216508943,-0.02352771087312444,-0.02528101238150038
Crop,Crop,gated__raw+stats+gaf,gated__raw+stats+gaf,raw+stats+gaf,42,5760,1440,16800,1,46,24,32,340397,43,82.61512195899559,results/fusion_over_raw/checkpoints/Crop/gated__raw_stats_gaf__raw_stats_gaf__seed_42.pt,0.7094047619047619,0.725,0.709404761904762,0.7305283319103717,0.7010368940490359,0.7191498862290647,0.701036894049036,0.7160750820766708,-0.014004531939326381,-0.01575783344770232
Crop,Crop,raw_centered_residual__raw+stats+gaf,raw_centered_residual__raw+stats+gaf,raw+stats+gaf,42,5760,1440,16800,1,46,24,32,439210,60,117.70764116699866,results/fusion_over_raw/checkpoints/Crop/raw_centered_residual__raw_stats_gaf__raw_stats_gaf__seed_42.pt,0.7238690476190476,0.7298611111111111,0.7238690476190476,0.7333284238397457,0.7203456359535391,0.7253490998160902,0.720345635953539,0.7239300730846531,0.005304209965176776,0.0035509084568008387
Crop,Crop,film__raw+stats+gaf,film__raw+stats+gaf,raw+stats+gaf,42,5760,1440,16800,1,46,24,32,406442,64,122.59616229200037,results/fusion_over_raw/checkpoints/Crop/film__raw_stats_gaf__raw_stats_gaf__seed_42.pt,0.7210119047619048,0.7208333333333333,0.7210119047619047,0.7261264089147831,0.7168185733352045,0.7168478908363461,0.7168185733352045,0.7150396866365004,0.0017771473468422005,2.3845838466263203e-05
Crop,Crop,concat__raw+stats+stft,concat__raw+stats+stft,raw+stats+stft,42,5760,1440,16800,1,46,24,32,357034,32,67.35933270900568,results/fusion_over_raw/checkpoints/Crop/concat__raw_stats_stft__raw_stats_stft__seed_42.pt,0.6832738095238096,0.70625,0.6832738095238096,0.711403668367696,0.6788636134758607,0.7036531123886247,0.6788636134758608,0.7014595182192392,-0.03617781251250163,-0.037931114020877565
Crop,Crop,gated__raw+stats+stft,gated__raw+stats+stft,raw+stats+stft,42,5760,1440,16800,1,46,24,32,340397,74,124.0026964580029,results/fusion_over_raw/checkpoints/Crop/gated__raw_stats_stft__raw_stats_stft__seed_42.pt,0.7072619047619048,0.73125,0.7072619047619048,0.7353683203136633,0.702793099970853,0.7243374110282383,0.7027930999708529,0.7234533374978488,-0.012248326017509248,-0.014001627525885185
Crop,Crop,raw_centered_residual__raw+stats+stft,raw_centered_residual__raw+stats+stft,raw+stats+stft,42,5760,1440,16800,1,46,24,32,439210,43,90.19009712499974,results/fusion_over_raw/checkpoints/Crop/raw_centered_residual__raw_stats_stft__raw_stats_stft__seed_42.pt,0.7043452380952381,0.7298611111111111,0.7043452380952381,0.7334709582244404,0.6982286517080482,0.7257630342890379,0.698228651708048,0.7243530545503647,-0.016812774280314136,-0.018566075788690073
Crop,Crop,film__raw+stats+stft,film__raw+stats+stft,raw+stats+stft,42,5760,1440,16800,1,46,24,32,406442,96,151.73456162499497,results/fusion_over_raw/checkpoints/Crop/film__raw_stats_stft__raw_stats_stft__seed_42.pt,0.7250595238095238,0.7486111111111111,0.7250595238095238,0.7535968390093989,0.7183657112835502,0.7426231386470822,0.7183657112835501,0.739967098978017,0.003324285295187912,0.0015709837868119747
Crop,Crop,concat__raw+gaf+stft,concat__raw+gaf+stft,raw+gaf+stft,42,5760,1440,16800,1,46,24,32,446104,49,97.93255904098623,results/fusion_over_raw/checkpoints/Crop/concat__raw_gaf_stft__raw_gaf_stft__seed_42.pt,0.7097619047619048,0.7222222222222222,0.7097619047619048,0.7238511008303306,0.7074743346849052,0.7189865621893107,0.7074743346849052,0.7183826614268267,-0.0075670913034571186,-0.009320392811833056
Crop,Crop,gated__raw+gaf+stft,gated__raw+gaf+stft,raw+gaf+stft,42,5760,1440,16800,1,46,24,32,429467,26,65.84518950000347,results/fusion_over_raw/checkpoints/Crop/gated__raw_gaf_stft__raw_gaf_stft__seed_42.pt,0.7127380952380953,0.7173611111111111,0.7127380952380952,0.7213632704242628,0.7094639827225774,0.7159847508604438,0.7094639827225774,0.7143288164418664,-0.005577443265784909,-0.007330744774160847
Crop,Crop,raw_centered_residual__raw+gaf+stft,raw_centered_residual__raw+gaf+stft,raw+gaf+stft,42,5760,1440,16800,1,46,24,32,528280,53,109.52683958300622,results/fusion_over_raw/checkpoints/Crop/raw_centered_residual__raw_gaf_stft__raw_gaf_stft__seed_42.pt,0.7170238095238095,0.7354166666666667,0.7170238095238096,0.7389128821805911,0.7124174330945946,0.7324340424058601,0.7124174330945945,0.7319380401493443,-0.0026239928937676904,-0.004377294402143628
Crop,Crop,film__raw+gaf+stft,film__raw+gaf+stft,raw+gaf+stft,42,5760,1440,16800,1,46,24,32,495512,49,106.36566870899696,results/fusion_over_raw/checkpoints/Crop/film__raw_gaf_stft__raw_gaf_stft__seed_42.pt,0.7128571428571429,0.7375,0.7128571428571427,0.7442963546529945,0.7079557326003242,0.7346768006547287,0.7079557326003242,0.7317868191509124,-0.007085693388038106,-0.008838994896414043
Crop,Crop,concat__raw+stats+gaf+stft,concat__raw+stats+gaf+stft,raw+stats+gaf+stft,42,5760,1440,16800,1,46,24,32,483082,59,133.40300933299295,results/fusion_over_raw/checkpoints/Crop/concat__raw_stats_gaf_stft__raw_stats_gaf_stft__seed_42.pt,0.7051190476190476,0.7229166666666667,0.7051190476190476,0.7254684343644214,0.698633011973937,0.7157021667821061,0.698633011973937,0.7145303320071504,-0.016408414014425277,-0.018161715522801214
Crop,Crop,gated__raw+stats+gaf+stft,gated__raw+stats+gaf+stft,raw+stats+gaf+stft,42,5760,1440,16800,1,46,24,32,466574,41,98.36024883300706,results/fusion_over_raw/checkpoints/Crop/gated__raw_stats_gaf_stft__raw_stats_gaf_stft__seed_42.pt,0.7083333333333334,0.7222222222222222,0.7083333333333334,0.7261133294892571,0.7064392871554674,0.7205858941061206,0.7064392871554673,0.7185408869255825,-0.008602138832894846,-0.010355440341270783
Crop,Crop,film__raw+stats+gaf+stft,film__raw+stats+gaf+stft,raw+stats+gaf+stft,42,5760,1440,16800,1,46,24,32,532490,35,99.13289495800564,results/fusion_over_raw/checkpoints/Crop/film__raw_stats_gaf_stft__raw_stats_gaf_stft__seed_42.pt,0.7060119047619048,0.7243055555555555,0.7060119047619048,0.7309842505178129,0.7009168475365563,0.72060643820505,0.7009168475365563,0.717607592875693,-0.014124578451806036,-0.015877879960181973
Crop,Crop,raw_centered_residual__raw+stats+gaf+stft,raw_centered_residual__raw+stats+gaf+stft,raw+stats+gaf+stft,42,5760,1440,16800,1,46,24,32,565258,73,173.44224225000653,results/fusion_over_raw/checkpoints/Crop/raw_centered_residual__raw_stats_gaf_stft__raw_stats_gaf_stft__seed_42.pt,0.7201785714285714,0.7409722222222223,0.7201785714285714,0.7468650174425066,0.7173181027789312,0.739022074688975,0.717318102778931,0.7362429025989903,0.0022766767905688656,0.0005233752821929283
Crop,Crop,ordinary_bottleneck__raw+stats+gaf+stft,ordinary_bottleneck__raw+stats+gaf+stft,raw+stats+gaf+stft,42,5760,1440,16800,1,46,24,32,666506,55,155.20446841599187,results/fusion_over_raw/checkpoints/Crop/ordinary_bottleneck__raw_stats_gaf_stft__raw_stats_gaf_stft__seed_42.pt,0.7096428571428571,0.7208333333333333,0.7096428571428571,0.7268789476742779,0.7071328003686389,0.7196720930795969,0.7071328003686388,0.7174996083539917,-0.007908625619723386,-0.009661927128099324
Crop,Crop,raw_residual_bottleneck__raw+stats+gaf+stft,raw_residual_bottleneck__raw+stats+gaf+stft,raw+stats+gaf+stft,42,5760,1440,16800,1,46,24,32,749194,69,201.75398308300646,results/fusion_over_raw/checkpoints/Crop/raw_residual_bottleneck__raw_stats_gaf_stft__raw_stats_gaf_stft__seed_42.pt,0.7088095238095238,0.7319444444444444,0.7088095238095239,0.7368990182464975,0.7037758732813124,0.7268751926707834,0.7037758732813124,0.7260029707749197,-0.011265552707049875,-0.013018854215425812
Crop,Crop,context_only_residual_bottleneck__raw+stats+gaf+stft,context_only_residual_bottleneck__raw+stats+gaf+stft,raw+stats+gaf+stft,42,5760,1440,16800,1,46,24,32,749066,75,219.10069483300322,results/fusion_over_raw/checkpoints/Crop/context_only_residual_bottleneck__raw_stats_gaf_stft__raw_stats_gaf_stft__seed_42.pt,0.7191071428571428,0.7361111111111112,0.7191071428571428,0.740239121326867,0.7138598014799697,0.7302247258667185,0.7138598014799697,0.7282470013454159,-0.0011816245083925425,-0.00293492601676848
Crop,Crop,raw_conditioned_context_bottleneck__raw+stats+gaf+stft,raw_conditioned_context_bottleneck__raw+stats+gaf+stft,raw+stats+gaf+stft,42,5760,1440,16800,1,46,24,32,815370,86,246.70610070799012,results/fusion_over_raw/checkpoints/Crop/raw_conditioned_context_bottleneck__raw_stats_gaf_stft__raw_stats_gaf_stft__seed_42.pt,0.7188095238095238,0.7409722222222223,0.7188095238095239,0.745517886305746,0.7124020491259762,0.7339218580562147,0.7124020491259762,0.7337723056136483,-0.0026393768623861336,-0.004392678370762071
Crop,Crop,raw_only,raw_only,raw,3407,5760,1440,16800,1,46,24,32,160472,46,41.520179833998554,results/fusion_over_raw/checkpoints/Crop/raw_only__raw__seed_3407.pt,0.7035119047619047,0.7020833333333333,0.7035119047619048,0.7108242899900468,0.6991804476491996,0.7007955655117497,0.6991804476491996,0.6955467628708834,0.0,
Crop,Crop,raw_larger,raw_larger,raw_larger,3407,5760,1440,16800,1,46,24,32,423448,55,50.784537874991656,results/fusion_over_raw/checkpoints/Crop/raw_larger__raw_larger__seed_3407.pt,0.7151785714285714,0.7194444444444444,0.7151785714285714,0.7265863945105918,0.7139031049620411,0.7211850660424638,0.7139031049620412,0.718133679825705,0.014722657312841503,0.0
Crop,Crop,stats_only,stats_only,stats,3407,5760,1440,16800,1,46,24,32,40458,7,14.088117374994908,results/fusion_over_raw/checkpoints/Crop/stats_only__stats__seed_3407.pt,0.5402976190476191,0.5194444444444445,0.5402976190476191,0.5327350313825813,0.5132754988418397,0.4983793250988342,0.5132754988418397,0.4932093376557312,-0.18590494880735997,-0.20062760612020147
Crop,Crop,gaf_only,gaf_only,gaf,3407,5760,1440,16800,1,46,24,32,129528,48,54.22964591700293,results/fusion_over_raw/checkpoints/Crop/gaf_only__gaf__seed_3407.pt,0.6779761904761905,0.6743055555555556,0.6779761904761905,0.6800675505303221,0.6737093059195196,0.6705835503624042,0.6737093059195197,0.6675693660999139,-0.025471141729680014,-0.040193799042521516
Crop,Crop,stft_only,stft_only,stft,3407,5760,1440,16800,1,46,24,32,129528,79,72.17098366600112,results/fusion_over_raw/checkpoints/Crop/stft_only__stft__seed_3407.pt,0.5842261904761905,0.6048611111111111,0.5842261904761905,0.6139321892148547,0.5734909864105718,0.6019130961682656,0.5734909864105717,0.59651046119254,-0.1256894612386278,-0.1404121185514693
Crop,Crop,minirocket_ridge,minirocket_ridge,raw,3407,5760,1440,16800,1,46,24,32,239928,,18.32379787499667,,0.6980357142857143,0.6902777777777778,0.6980357142857144,0.7014141521791905,0.6852706500047995,0.6812914099277864,0.6852706500047997,0.6768251177281397,-0.013909797644400146,-0.02863245495724165
Crop,Crop,concat__raw+stats,concat__raw+stats,raw+stats,3407,5760,1440,16800,1,46,24,32,230986,62,82.74240112499683,results/fusion_over_raw/checkpoints/Crop/concat__raw_stats__raw_stats__seed_3407.pt,0.7036904761904762,0.7,0.7036904761904763,0.709956728061815,0.696664942719918,0.6940647963397143,0.696664942719918,0.6898362478095464,-0.0025155049292816534,-0.017238162242123156
Crop,Crop,gated__raw+stats,gated__raw+stats,raw+stats,3407,5760,1440,16800,1,46,24,32,214220,37,52.376348792007775,results/fusion_over_raw/checkpoints/Crop/gated__raw_stats__raw_stats__seed_3407.pt,0.6981547619047619,0.6951388888888889,0.6981547619047618,0.7065998468643119,0.6899914363194878,0.6916930910812393,0.6899914363194878,0.6865053009019172,-0.009189011329711838,-0.02391166864255334
Crop,Crop,raw_centered_residual__raw+stats,raw_centered_residual__raw+stats,raw+stats,3407,5760,1440,16800,1,46,24,32,313162,47,72.98807495798974,results/fusion_over_raw/checkpoints/Crop/raw_centered_residual__raw_stats__raw_stats__seed_3407.pt,0.7038690476190477,0.7131944444444445,0.7038690476190476,0.7241494332178743,0.6954913392908578,0.7088269090002365,0.6954913392908578,0.7032995650717793,-0.003689108358341797,-0.0184117656711833
Crop,Crop,film__raw+stats,film__raw+stats,raw+stats,3407,5760,1440,16800,1,46,24,32,280394,45,74.75165383399872,results/fusion_over_raw/checkpoints/Crop/film__raw_stats__raw_stats__seed_3407.pt,0.7060119047619048,0.7020833333333333,0.7060119047619047,0.7116045924278142,0.7001387550209528,0.6999144606690786,0.7001387550209528,0.6949543723971401,0.0009583073717531754,-0.013764349941088327
Crop,Crop,concat__raw+gaf,concat__raw+gaf,raw+gaf,3407,5760,1440,16800,1,46,24,32,320056,90,119.81301699999312,results/fusion_over_raw/checkpoints/Crop/concat__raw_gaf__raw_gaf__seed_3407.pt,0.71375,0.6979166666666666,0.7137500000000001,0.7060038160903245,0.7116640638466759,0.6999366401261327,0.711664063846676,0.6937522035222489,0.012483616197476288,-0.0022390411153652146
Crop,Crop,gated__raw+gaf,gated__raw+gaf,raw+gaf,3407,5760,1440,16800,1,46,24,32,303290,43,68.11957483299193,results/fusion_over_raw/checkpoints/Crop/gated__raw_gaf__raw_gaf__seed_3407.pt,0.7151190476190477,0.7131944444444445,0.7151190476190475,0.7228404730103274,0.7109128328538402,0.7128558983322087,0.7109128328538404,0.7081203918688721,0.011732385204640594,-0.0029902721082009087
Crop,Crop,raw_centered_residual__raw+gaf,raw_centered_residual__raw+gaf,raw+gaf,3407,5760,1440,16800,1,46,24,32,402232,37,70.06265708401043,results/fusion_over_raw/checkpoints/Crop/raw_centered_residual__raw_gaf__raw_gaf__seed_3407.pt,0.7107738095238095,0.7,0.7107738095238095,0.7078327022574937,0.7035449284000115,0.6977054248043766,0.7035449284000116,0.6938048325724938,0.004364480750811861,-0.010358176562029642
Crop,Crop,film__raw+gaf,film__raw+gaf,raw+gaf,3407,5760,1440,16800,1,46,24,32,369464,54,91.00070295900514,results/fusion_over_raw/checkpoints/Crop/film__raw_gaf__raw_gaf__seed_3407.pt,0.7151190476190477,0.7076388888888889,0.7151190476190475,0.7188272149619004,0.7129110797553517,0.7101820813801195,0.7129110797553518,0.703164128698961,0.013730632106152107,-0.0009920252066893953
Crop,Crop,concat__raw+stft,concat__raw+stft,raw+stft,3407,5760,1440,16800,1,46,24,32,320056,97,121.63951079099206,results/fusion_over_raw/checkpoints/Crop/concat__raw_stft__raw_stft__seed_3407.pt,0.7096428571428571,0.7083333333333334,0.7096428571428571,0.7179840871425675,0.7051781555939106,0.7066479073519915,0.7051781555939104,0.7010871654469711,0.005997707944710995,-0.008724949368130508
Crop,Crop,gated__raw+stft,gated__raw+stft,raw+stft,3407,5760,1440,16800,1,46,24,32,303290,43,67.61735262499133,results/fusion_over_raw/checkpoints/Crop/gated__raw_stft__raw_stft__seed_3407.pt,0.702202380952381,0.7069444444444445,0.7022023809523809,0.7165594285049325,0.6956452273494071,0.7067373711908234,0.695645227349407,0.7003275892139147,-0.003535220299792474,-0.018257877612633977
Crop,Crop,raw_centered_residual__raw+stft,raw_centered_residual__raw+stft,raw+stft,3407,5760,1440,16800,1,46,24,32,402232,51,91.86230470899318,results/fusion_over_raw/checkpoints/Crop/raw_centered_residual__raw_stft__raw_stft__seed_3407.pt,0.717202380952381,0.70625,0.717202380952381,0.7166102117865899,0.7135579335663436,0.7082545730759611,0.7135579335663433,0.7026491192569851,0.01437748591714394,-0.0003451713956975633
Crop,Crop,film__raw+stft,film__raw+stft,raw+stft,3407,5760,1440,16800,1,46,24,32,369464,70,113.02492445800453,results/fusion_over_raw/checkpoints/Crop/film__raw_stft__raw_stft__seed_3407.pt,0.7147023809523809,0.7152777777777778,0.714702380952381,0.7247264152550846,0.7104225397027345,0.7153810394586698,0.7104225397027345,0.7102170904922274,0.01124209205353488,-0.0034805652593066227
Crop,Crop,concat__raw+stats+gaf,concat__raw+stats+gaf,raw+stats+gaf,3407,5760,1440,16800,1,46,24,32,357034,33,75.59714412500034,results/fusion_over_raw/checkpoints/Crop/concat__raw_stats_gaf__raw_stats_gaf__seed_3407.pt,0.7057142857142857,0.6930555555555555,0.7057142857142858,0.7024729456369913,0.6987135787192319,0.6924884605092508,0.698713578719232,0.6868496726705652,-0.0004668689299677231,-0.015189526242809226
Crop,Crop,gated__raw+stats+gaf,gated__raw+stats+gaf,raw+stats+gaf,3407,5760,1440,16800,1,46,24,32,340397,32,70.10507429200516,results/fusion_over_raw/checkpoints/Crop/gated__raw_stats_gaf__raw_stats_gaf__seed_3407.pt,0.7104761904761905,0.7006944444444444,0.7104761904761906,0.7105459921956019,0.7073077069322039,0.6998930708464224,0.7073077069322039,0.6944514617698061,0.008127259283004284,-0.006595398029837218
Crop,Crop,raw_centered_residual__raw+stats+gaf,raw_centered_residual__raw+stats+gaf,raw+stats+gaf,3407,5760,1440,16800,1,46,24,32,439210,45,99.28134775000217,results/fusion_over_raw/checkpoints/Crop/raw_centered_residual__raw_stats_gaf__raw_stats_gaf__seed_3407.pt,0.7102380952380952,0.7055555555555556,0.7102380952380951,0.7125886756969981,0.7051262994833559,0.7029154836611324,0.7051262994833559,0.6987281077367773,0.005945851834156302,-0.008776805478685201
Crop,Crop,film__raw+stats+gaf,film__raw+stats+gaf,raw+stats+gaf,3407,5760,1440,16800,1,46,24,32,406442,58,119.78166020799836,results/fusion_over_raw/checkpoints/Crop/film__raw_stats_gaf__raw_stats_gaf__seed_3407.pt,0.7173809523809523,0.6986111111111111,0.7173809523809523,0.7096682471384786,0.7138075927668618,0.7005346152299965,0.7138075927668617,0.6936687295565944,0.014627145117662166,-9.551219517933696e-05
Crop,Crop,concat__raw+stats+stft,concat__raw+stats+stft,raw+stats+stft,3407,5760,1440,16800,1,46,24,32,357034,76,132.60753345799458,results/fusion_over_raw/checkpoints/Crop/concat__raw_stats_stft__raw_stats_stft__seed_3407.pt,0.7010119047619048,0.6965277777777777,0.7010119047619048,0.7066999635831605,0.6978902389211633,0.6978042801884046,0.6978902389211633,0.6907607060386858,-0.0012902087280363128,-0.016012866040877816
Crop,Crop,gated__raw+stats+stft,gated__raw+stats+stft,raw+stats+stft,3407,5760,1440,16800,1,46,24,32,340397,53,94.65900733300077,results/fusion_over_raw/checkpoints/Crop/gated__raw_stats_stft__raw_stats_stft__seed_3407.pt,0.7075,0.7090277777777778,0.7075000000000001,0.7195797843210796,0.701725769137164,0.7102871811805359,0.701725769137164,0.7046389582440349,0.0025453214879643804,-0.012177335824877122
Crop,Crop,raw_centered_residual__raw+stats+stft,raw_centered_residual__raw+stats+stft,raw+stats+stft,3407,5760,1440,16800,1,46,24,32,439210,66,125.12829320899618,results/fusion_over_raw/checkpoints/Crop/raw_centered_residual__raw_stats_stft__raw_stats_stft__seed_3407.pt,0.7117261904761905,0.7208333333333333,0.7117261904761906,0.7293588070587798,0.7106815120512119,0.7210355718595425,0.7106815120512121,0.7167741363437321,0.011501064402012262,-0.0032215929108292407
Crop,Crop,film__raw+stats+stft,film__raw+stats+stft,raw+stats+stft,3407,5760,1440,16800,1,46,24,32,406442,74,136.6314038749988,results/fusion_over_raw/checkpoints/Crop/film__raw_stats_stft__raw_stats_stft__seed_3407.pt,0.7077976190476191,0.7145833333333333,0.7077976190476191,0.720345292841381,0.7076469672619727,0.7160438365316374,0.7076469672619727,0.7118636477844617,0.008466519612773116,-0.006256137700068387
Crop,Crop,concat__raw+gaf+stft,concat__raw+gaf+stft,raw+gaf+stft,3407,5760,1440,16800,1,46,24,32,446104,49,96.34883550000086,results/fusion_over_raw/checkpoints/Crop/concat__raw_gaf_stft__raw_gaf_stft__seed_3407.pt,0.712202380952381,0.6972222222222222,0.7122023809523809,0.7067858895512131,0.7086705624517825,0.6967117452640834,0.7086705624517825,0.6915177246536856,0.009490114802582883,-0.00523254251025862
Crop,Crop,gated__raw+gaf+stft,gated__raw+gaf+stft,raw+gaf+stft,3407,5760,1440,16800,1,46,24,32,429467,18,51.224770165994414,results/fusion_over_raw/checkpoints/Crop/gated__raw_gaf_stft__raw_gaf_stft__seed_3407.pt,0.7007738095238095,0.6902777777777778,0.7007738095238096,0.6997820693154239,0.6932668188770426,0.687691506950291,0.6932668188770426,0.6827925584867072,-0.005913628772157065,-0.020636286084998567
Crop,Crop,raw_centered_residual__raw+gaf+stft,raw_centered_residual__raw+gaf+stft,raw+gaf+stft,3407,5760,1440,16800,1,46,24,32,528280,70,138.91233424999518,results/fusion_over_raw/checkpoints/Crop/raw_centered_residual__raw_gaf_stft__raw_gaf_stft__seed_3407.pt,0.7166071428571429,0.725,0.7166071428571428,0.733555491740371,0.7123225412068065,0.726604210871923,0.7123225412068065,0.7213414288699364,0.013142093557606871,-0.0015805637552346319
Crop,Crop,film__raw+gaf+stft,film__raw+gaf+stft,raw+gaf+stft,3407,5760,1440,16800,1,46,24,32,495512,59,125.05085308299749,results/fusion_over_raw/checkpoints/Crop/film__raw_gaf_stft__raw_gaf_stft__seed_3407.pt,0.7157738095238095,0.7125,0.7157738095238096,0.7225391104083071,0.7139286404886297,0.7141374435756438,0.7139286404886297,0.7089852641309765,0.014748192839430074,2.55355265885715e-05
Crop,Crop,concat__raw+stats+gaf+stft,concat__raw+stats+gaf+stft,raw+stats+gaf+stft,3407,5760,1440,16800,1,46,24,32,483082,97,186.81962370799738,results/fusion_over_raw/checkpoints/Crop/concat__raw_stats_gaf_stft__raw_stats_gaf_stft__seed_3407.pt,0.7069642857142857,0.7055555555555556,0.7069642857142857,0.7161829098371761,0.7056203981547308,0.7091956127615636,0.7056203981547307,0.7025561550657837,0.0064399505055311446,-0.008282706807310358
Crop,Crop,gated__raw+stats+gaf+stft,gated__raw+stats+gaf+stft,raw+stats+gaf+stft,3407,5760,1440,16800,1,46,24,32,466574,52,121.07384879099845,results/fusion_over_raw/checkpoints/Crop/gated__raw_stats_gaf_stft__raw_stats_gaf_stft__seed_3407.pt,0.7060119047619048,0.7090277777777778,0.7060119047619047,0.717880101036231,0.7066473722272208,0.7139394552170751,0.7066473722272207,0.7071268383381725,0.007466924578021228,-0.007255732734820275
Crop,Crop,film__raw+stats+gaf+stft,film__raw+stats+gaf+stft,raw+stats+gaf+stft,3407,5760,1440,16800,1,46,24,32,532490,69,166.48190295799577,results/fusion_over_raw/checkpoints/Crop/film__raw_stats_gaf_stft__raw_stats_gaf_stft__seed_3407.pt,0.721547619047619,0.7131944444444445,0.7215476190476191,0.7217575885475936,0.7164166165658207,0.7094462328435504,0.7164166165658207,0.7056974318783761,0.017236168916621053,0.00251351160377955
Crop,Crop,raw_centered_residual__raw+stats+gaf+stft,raw_centered_residual__raw+stats+gaf+stft,raw+stats+gaf+stft,3407,5760,1440,16800,1,46,24,32,565258,69,160.78801770800783,results/fusion_over_raw/checkpoints/Crop/raw_centered_residual__raw_stats_gaf_stft__raw_stats_gaf_stft__seed_3407.pt,0.7160119047619048,0.7131944444444445,0.7160119047619048,0.7230509195680579,0.7144594164640355,0.7149617826235001,0.7144594164640355,0.7092568323253011,0.015278968814835925,0.000556311501994422
Crop,Crop,ordinary_bottleneck__raw+stats+gaf+stft,ordinary_bottleneck__raw+stats+gaf+stft,raw+stats+gaf+stft,3407,5760,1440,16800,1,46,24,32,666506,44,135.97701575000247,results/fusion_over_raw/checkpoints/Crop/ordinary_bottleneck__raw_stats_gaf_stft__raw_stats_gaf_stft__seed_3407.pt,0.7058333333333333,0.6958333333333333,0.7058333333333332,0.7052306202802646,0.7037464777600158,0.6991338094541405,0.7037464777600156,0.6923133504625263,0.004566030110816133,-0.01015662720202537
Crop,Crop,raw_residual_bottleneck__raw+stats+gaf+stft,raw_residual_bottleneck__raw+stats+gaf+stft,raw+stats+gaf+stft,3407,5760,1440,16800,1,46,24,32,749194,54,171.83059470799344,results/fusion_over_raw/checkpoints/Crop/raw_residual_bottleneck__raw_stats_gaf_stft__raw_stats_gaf_stft__seed_3407.pt,0.7158333333333333,0.7104166666666667,0.7158333333333333,0.7190755107598736,0.7141500143655968,0.7130252206541187,0.7141500143655967,0.7079698216911786,0.014969566716397154,0.0002469094035556507
Crop,Crop,context_only_residual_bottleneck__raw+stats+gaf+stft,context_only_residual_bottleneck__raw+stats+gaf+stft,raw+stats+gaf+stft,3407,5760,1440,16800,1,46,24,32,749066,79,231.15498404100072,results/fusion_over_raw/checkpoints/Crop/context_only_residual_bottleneck__raw_stats_gaf_stft__raw_stats_gaf_stft__seed_3407.pt,0.7147619047619047,0.70625,0.7147619047619047,0.7183704539533196,0.7122305176346865,0.7077516436948792,0.7122305176346865,0.7012855104993926,0.013050069985486856,-0.0016725873273546465
Crop,Crop,raw_conditioned_context_bottleneck__raw+stats+gaf+stft,raw_conditioned_context_bottleneck__raw+stats+gaf+stft,raw+stats+gaf+stft,3407,5760,1440,16800,1,46,24,32,815370,61,193.22954245899746,results/fusion_over_raw/checkpoints/Crop/raw_conditioned_context_bottleneck__raw_stats_gaf_stft__raw_stats_gaf_stft__seed_3407.pt,0.7148214285714286,0.7020833333333333,0.7148214285714286,0.7106981523422365,0.7130807482144829,0.7038451216644006,0.713080748214483,0.7000136074778956,0.013900300565283241,-0.0008223567475582616
Crop,Crop,raw_only,raw_only,raw,2025,5760,1440,16800,1,46,24,32,160472,64,53.474939959007315,results/fusion_over_raw/checkpoints/Crop/raw_only__raw__seed_2025.pt,0.715,0.7305555555555555,0.715,0.7291490159464469,0.7094660045756903,0.7243949064397507,0.7094660045756902,0.7291758142420567,0.0,
Crop,Crop,raw_larger,raw_larger,raw_larger,2025,5760,1440,16800,1,46,24,32,423448,53,49.83978675000253,results/fusion_over_raw/checkpoints/Crop/raw_larger__raw_larger__seed_2025.pt,0.7158928571428571,0.7368055555555556,0.715892857142857,0.7322904735413865,0.7153221071729714,0.7302593897446471,0.7153221071729713,0.7345156848469959,0.005856102597281088,0.0
Crop,Crop,stats_only,stats_only,stats,2025,5760,1440,16800,1,46,24,32,40458,33,29.67691070798901,results/fusion_over_raw/checkpoints/Crop/stats_only__stats__seed_2025.pt,0.5733333333333334,0.6069444444444444,0.5733333333333333,0.6019672147293633,0.5561251732019757,0.5884334702417787,0.5561251732019757,0.595238012373281,-0.15334083137371457,-0.15919693397099566
Crop,Crop,gaf_only,gaf_only,gaf,2025,5760,1440,16800,1,46,24,32,129528,31,38.638630166999064,results/fusion_over_raw/checkpoints/Crop/gaf_only__gaf__seed_2025.pt,0.6761309523809523,0.6701388888888888,0.6761309523809523,0.6679435002590471,0.670961871932693,0.6628759971101942,0.6709618719326931,0.6655680087495129,-0.038504132642997346,-0.044360235240278434
Crop,Crop,stft_only,stft_only,stft,2025,5760,1440,16800,1,46,24,32,129528,27,32.88212137500523,results/fusion_over_raw/checkpoints/Crop/stft_only__stft__seed_2025.pt,0.5622619047619047,0.5659722222222222,0.5622619047619047,0.5633584674040905,0.5439855013428083,0.5446623298151289,0.5439855013428084,0.5497348805491407,-0.165480503232882,-0.17133660583016308
Crop,Crop,minirocket_ridge,minirocket_ridge,raw,2025,5760,1440,16800,1,46,24,32,239928,,18.400400625003385,,0.6976190476190476,0.7020833333333333,0.6976190476190475,0.700388239416851,0.6846656004173788,0.6870351287561999,0.6846656004173788,0.6916048889053389,-0.02480040415831153,-0.030656506755592616
Crop,Crop,concat__raw+stats,concat__raw+stats,raw+stats,2025,5760,1440,16800,1,46,24,32,230986,74,97.91063404099259,results/fusion_over_raw/checkpoints/Crop/concat__raw_stats__raw_stats__seed_2025.pt,0.7148809523809524,0.7277777777777777,0.7148809523809524,0.7251568032380445,0.707949830797447,0.7185930576676415,0.707949830797447,0.7237823926327492,-0.0015161737782433127,-0.0073722763755244
Crop,Crop,gated__raw+stats,gated__raw+stats,raw+stats,2025,5760,1440,16800,1,46,24,32,214220,59,78.63903783301066,results/fusion_over_raw/checkpoints/Crop/gated__raw_stats__raw_stats__seed_2025.pt,0.7160119047619048,0.7333333333333333,0.7160119047619048,0.7312208096961132,0.7118422564298755,0.725057478317126,0.7118422564298756,0.7295458926442718,0.0023762518541852184,-0.003479850743095869
Crop,Crop,raw_centered_residual__raw+stats,raw_centered_residual__raw+stats,raw+stats,2025,5760,1440,16800,1,46,24,32,313162,68,100.5720350840129,results/fusion_over_raw/checkpoints/Crop/raw_centered_residual__raw_stats__raw_stats__seed_2025.pt,0.7138690476190476,0.7263888888888889,0.7138690476190477,0.7238328561844969,0.7079263676604718,0.7153718350771734,0.7079263676604718,0.719692472989584,-0.001539636915218523,-0.007395739512499611
Crop,Crop,film__raw+stats,film__raw+stats,raw+stats,2025,5760,1440,16800,1,46,24,32,280394,41,68.51861195800302,results/fusion_over_raw/checkpoints/Crop/film__raw_stats__raw_stats__seed_2025.pt,0.7054166666666667,0.7145833333333333,0.7054166666666667,0.7125126841022343,0.702545453023338,0.707426642556887,0.7025454530233379,0.7115298065943039,-0.006920551552352272,-0.01277665414963336
Crop,Crop,concat__raw+gaf,concat__raw+gaf,raw+gaf,2025,5760,1440,16800,1,46,24,32,320056,31,55.708656374990824,results/fusion_over_raw/checkpoints/Crop/concat__raw_gaf__raw_gaf__seed_2025.pt,0.700595238095238,0.7152777777777778,0.700595238095238,0.7128777601342984,0.6957892891620062,0.7084544779089805,0.6957892891620061,0.71386916710408,-0.013676715413684093,-0.01953281801096518
Crop,Crop,gated__raw+gaf,gated__raw+gaf,raw+gaf,2025,5760,1440,16800,1,46,24,32,303290,51,75.74390991599648,results/fusion_over_raw/checkpoints/Crop/gated__raw_gaf__raw_gaf__seed_2025.pt,0.7125,0.7201388888888889,0.7125,0.7203708623651512,0.7106741074086047,0.7148896338958662,0.7106741074086048,0.7179901891377295,0.0012081028329143928,-0.004647999764366695
Crop,Crop,raw_centered_residual__raw+gaf,raw_centered_residual__raw+gaf,raw+gaf,2025,5760,1440,16800,1,46,24,32,402232,33,62.44299683299323,results/fusion_over_raw/checkpoints/Crop/raw_centered_residual__raw_gaf__raw_gaf__seed_2025.pt,0.7097619047619048,0.7243055555555555,0.7097619047619048,0.7232324852062545,0.7026251240769671,0.7142656915942037,0.7026251240769671,0.7185156158915853,-0.006840880498723223,-0.01269698309600431
Crop,Crop,film__raw+gaf,film__raw+gaf,raw+gaf,2025,5760,1440,16800,1,46,24,32,369464,74,116.52245354100887,results/fusion_over_raw/checkpoints/Crop/film__raw_gaf__raw_gaf__seed_2025.pt,0.7195833333333334,0.7326388888888888,0.7195833333333334,0.7308761410604222,0.7121126482249439,0.7232701837842229,0.7121126482249439,0.7275739425954021,0.0026466436492535994,-0.003209458948027488
Crop,Crop,concat__raw+stft,concat__raw+stft,raw+stft,2025,5760,1440,16800,1,46,24,32,320056,90,117.97097345799557,results/fusion_over_raw/checkpoints/Crop/concat__raw_stft__raw_stft__seed_2025.pt,0.6982738095238096,0.7215277777777778,0.6982738095238096,0.7185898524599902,0.6922983274958249,0.7140598398822129,0.6922983274958249,0.7177807456881703,-0.01716767707986544,-0.023023779677146528
Crop,Crop,gated__raw+stft,gated__raw+stft,raw+stft,2025,5760,1440,16800,1,46,24,32,303290,53,77.00282650000008,results/fusion_over_raw/checkpoints/Crop/gated__raw_stft__raw_stft__seed_2025.pt,0.6992261904761905,0.7090277777777778,0.6992261904761904,0.7072924704891053,0.6978170229203441,0.7058834786653033,0.697817022920344,0.7099555290914724,-0.011648981655346224,-0.017505084252627312
Crop,Crop,raw_centered_residual__raw+stft,raw_centered_residual__raw+stft,raw+stft,2025,5760,1440,16800,1,46,24,32,402232,30,57.993040416011354,results/fusion_over_raw/checkpoints/Crop/raw_centered_residual__raw_stft__raw_stft__seed_2025.pt,0.7091071428571428,0.7173611111111111,0.7091071428571428,0.7150400706055077,0.7060475198554675,0.7121334471103987,0.7060475198554675,0.7164384572277145,-0.0034184847202227697,-0.009274587317503857
Crop,Crop,film__raw+stft,film__raw+stft,raw+stft,2025,5760,1440,16800,1,46,24,32,369464,75,113.94472583399329,results/fusion_over_raw/checkpoints/Crop/film__raw_stft__raw_stft__seed_2025.pt,0.7144047619047619,0.7298611111111111,0.714404761904762,0.7286032476911354,0.7082635111181631,0.7223676201369639,0.7082635111181633,0.7266005571237827,-0.0012024934575272095,-0.007058596054808297
Crop,Crop,concat__raw+stats+gaf,concat__raw+stats+gaf,raw+stats+gaf,2025,5760,1440,16800,1,46,24,32,357034,77,130.0166538330086,results/fusion_over_raw/checkpoints/Crop/concat__raw_stats_gaf__raw_stats_gaf__seed_2025.pt,0.7180952380952381,0.7270833333333333,0.718095238095238,0.7264358917913416,0.7141002325938631,0.7205031168755284,0.7141002325938631,0.7246961279680493,0.004634228018172815,-0.001221874579108273
Crop,Crop,gated__raw+stats+gaf,gated__raw+stats+gaf,raw+stats+gaf,2025,5760,1440,16800,1,46,24,32,340397,67,111.97641387500335,results/fusion_over_raw/checkpoints/Crop/gated__raw_stats_gaf__raw_stats_gaf__seed_2025.pt,0.7189880952380953,0.7277777777777777,0.7189880952380951,0.7250678788425063,0.7142119758333522,0.7194868811333383,0.714211975833352,0.7241002706132903,0.004745971257661852,-0.0011101313396192358
Crop,Crop,raw_centered_residual__raw+stats+gaf,raw_centered_residual__raw+stats+gaf,raw+stats+gaf,2025,5760,1440,16800,1,46,24,32,439210,70,130.74918133301253,results/fusion_over_raw/checkpoints/Crop/raw_centered_residual__raw_stats_gaf__raw_stats_gaf__seed_2025.pt,0.7178571428571429,0.7402777777777778,0.7178571428571429,0.7394085165635443,0.7114334705200759,0.7319942287515552,0.711433470520076,0.735191882259355,0.0019674659443855713,-0.0038886366528955163
Crop,Crop,film__raw+stats+gaf,film__raw+stats+gaf,raw+stats+gaf,2025,5760,1440,16800,1,46,24,32,406442,87,153.63995524999336,results/fusion_over_raw/checkpoints/Crop/film__raw_stats_gaf__raw_stats_gaf__seed_2025.pt,0.7267857142857143,0.7409722222222223,0.7267857142857143,0.7379016006778945,0.723303777254829,0.73329406737675,0.7233037772548291,0.7384500895042561,0.01383777267913866,0.007981670081857573
Crop,Crop,concat__raw+stats+stft,concat__raw+stats+stft,raw+stats+stft,2025,5760,1440,16800,1,46,24,32,357034,34,70.07748933299445,results/fusion_over_raw/checkpoints/Crop/concat__raw_stats_stft__raw_stats_stft__seed_2025.pt,0.682202380952381,0.7041666666666667,0.682202380952381,0.7012911516138086,0.6756297076610626,0.6945076442050419,0.6756297076610626,0.6973603953739399,-0.03383629691462775,-0.03969239951190884
Crop,Crop,gated__raw+stats+stft,gated__raw+stats+stft,raw+stats+stft,2025,5760,1440,16800,1,46,24,32,340397,51,91.60050883400254,results/fusion_over_raw/checkpoints/Crop/gated__raw_stats_stft__raw_stats_stft__seed_2025.pt,0.7054166666666667,0.725,0.7054166666666667,0.7224097032375086,0.7018109376066038,0.7147210015135581,0.7018109376066037,0.7201521650963947,-0.007655066969086466,-0.013511169566367554
Crop,Crop,raw_centered_residual__raw+stats+stft,raw_centered_residual__raw+stats+stft,raw+stats+stft,2025,5760,1440,16800,1,46,24,32,439210,53,131.01996670899098,results/fusion_over_raw/checkpoints/Crop/raw_centered_residual__raw_stats_stft__raw_stats_stft__seed_2025.pt,0.7115476190476191,0.7236111111111111,0.7115476190476192,0.7211179376203526,0.7079076537396988,0.7165138882400495,0.7079076537396988,0.7209671542484644,-0.00155835083599154,-0.0074144534332726275
Crop,Crop,film__raw+stats+stft,film__raw+stats+stft,raw+stats+stft,2025,5760,1440,16800,1,46,24,32,406442,79,199.21849812500295,results/fusion_over_raw/checkpoints/Crop/film__raw_stats_stft__raw_stats_stft__seed_2025.pt,0.7173214285714286,0.7361111111111112,0.7173214285714286,0.7334354404477351,0.713151796073625,0.7265291607731786,0.713151796073625,0.7315049643111509,0.0036857914979346873,-0.0021703110993464003
Crop,Crop,concat__raw+gaf+stft,concat__raw+gaf+stft,raw+gaf+stft,2025,5760,1440,16800,1,46,24,32,446104,36,77.94311429100344,results/fusion_over_raw/checkpoints/Crop/concat__raw_gaf_stft__raw_gaf_stft__seed_2025.pt,0.7016666666666667,0.7090277777777778,0.7016666666666667,0.7083412080005775,0.6993111636898726,0.7046897099772315,0.6993111636898725,0.7086686343018239,-0.01015484088581775,-0.01601094348309884
Crop,Crop,gated__raw+gaf+stft,gated__raw+gaf+stft,raw+gaf+stft,2025,5760,1440,16800,1,46,24,32,429467,61,112.12659274999169,results/fusion_over_raw/checkpoints/Crop/gated__raw_gaf_stft__raw_gaf_stft__seed_2025.pt,0.7124404761904762,0.7236111111111111,0.7124404761904762,0.7179663260249317,0.7085757287257527,0.7135857373224385,0.7085757287257526,0.7203106046131894,-0.0008902758499376162,-0.006746378447218704
Crop,Crop,raw_centered_residual__raw+gaf+stft,raw_centered_residual__raw+gaf+stft,raw+gaf+stft,2025,5760,1440,16800,1,46,24,32,528280,55,113.38847945799353,results/fusion_over_raw/checkpoints/Crop/raw_centered_residual__raw_gaf_stft__raw_gaf_stft__seed_2025.pt,0.7149404761904762,0.7319444444444444,0.7149404761904762,0.7296193687344482,0.7137380397673151,0.7272716471379521,0.7137380397673152,0.7318379505094568,0.004272035191624779,-0.0015840674056563087
Crop,Crop,film__raw+gaf+stft,film__raw+gaf+stft,raw+gaf+stft,2025,5760,1440,16800,1,46,24,32,495512,65,133.01865899999393,results/fusion_over_raw/checkpoints/Crop/film__raw_gaf_stft__raw_gaf_stft__seed_2025.pt,0.7164880952380952,0.7305555555555555,0.7164880952380952,0.7284601349580647,0.7138169105449249,0.723995328679146,0.7138169105449251,0.7282835119622065,0.0043509059692345975,-0.0015051966280464901
Crop,Crop,concat__raw+stats+gaf+stft,concat__raw+stats+gaf+stft,raw+stats+gaf+stft,2025,5760,1440,16800,1,46,24,32,483082,52,120.18179154099198,results/fusion_over_raw/checkpoints/Crop/concat__raw_stats_gaf_stft__raw_stats_gaf_stft__seed_2025.pt,0.7091666666666666,0.7159722222222222,0.7091666666666666,0.715709334533348,0.7088071496085538,0.7119079153796642,0.7088071496085538,0.7166081100946317,-0.0006588549671364685,-0.006514957564417556
Crop,Crop,gated__raw+stats+gaf+stft,gated__raw+stats+gaf+stft,raw+stats+gaf+stft,2025,5760,1440,16800,1,46,24,32,466574,61,132.4272557499935,results/fusion_over_raw/checkpoints/Crop/gated__raw_stats_gaf_stft__raw_stats_gaf_stft__seed_2025.pt,0.7160714285714286,0.7201388888888889,0.7160714285714286,0.7159321425468942,0.7140213290803028,0.7132991334990235,0.7140213290803029,0.7182456586766752,0.00455532450461249,-0.0013007780926685975
Crop,Crop,film__raw+stats+gaf+stft,film__raw+stats+gaf+stft,raw+stats+gaf+stft,2025,5760,1440,16800,1,46,24,32,532490,46,114.77729250000266,results/fusion_over_raw/checkpoints/Crop/film__raw_stats_gaf_stft__raw_stats_gaf_stft__seed_2025.pt,0.7089880952380953,0.7180555555555556,0.7089880952380953,0.7160127100824681,0.707117487038501,0.7114514241681539,0.7071174870385009,0.715814890363626,-0.002348517537189343,-0.00820462013447043
Crop,Crop,raw_centered_residual__raw+stats+gaf+stft,raw_centered_residual__raw+stats+gaf+stft,raw+stats+gaf+stft,2025,5760,1440,16800,1,46,24,32,565258,74,166.53812095799367,results/fusion_over_raw/checkpoints/Crop/raw_centered_residual__raw_stats_gaf_stft__raw_stats_gaf_stft__seed_2025.pt,0.7181547619047619,0.7277777777777777,0.718154761904762,0.7264995932350553,0.7142901043590815,0.7202172345854679,0.7142901043590815,0.7238803997845421,0.004824099783391156,-0.0010320028138899318
Crop,Crop,ordinary_bottleneck__raw+stats+gaf+stft,ordinary_bottleneck__raw+stats+gaf+stft,raw+stats+gaf+stft,2025,5760,1440,16800,1,46,24,32,666506,58,160.52378324999881,results/fusion_over_raw/checkpoints/Crop/ordinary_bottleneck__raw_stats_gaf_stft__raw_stats_gaf_stft__seed_2025.pt,0.7077380952380953,0.7090277777777778,0.7077380952380953,0.7077239984450397,0.7069599082270402,0.7037851374189916,0.7069599082270402,0.7078461882362715,-0.0025060963486500665,-0.008362198945931154
Crop,Crop,raw_residual_bottleneck__raw+stats+gaf+stft,raw_residual_bottleneck__raw+stats+gaf+stft,raw+stats+gaf+stft,2025,5760,1440,16800,1,46,24,32,749194,37,124.30213658401044,results/fusion_over_raw/checkpoints/Crop/raw_residual_bottleneck__raw_stats_gaf_stft__raw_stats_gaf_stft__seed_2025.pt,0.7073809523809523,0.71875,0.7073809523809524,0.7152016884729626,0.7060204987979793,0.7126248651049037,0.7060204987979792,0.7176905083757769,-0.0034455057777109666,-0.009301608374992054
Crop,Crop,context_only_residual_bottleneck__raw+stats+gaf+stft,context_only_residual_bottleneck__raw+stats+gaf+stft,raw+stats+gaf+stft,2025,5760,1440,16800,1,46,24,32,749066,68,199.2774731249956,results/fusion_over_raw/checkpoints/Crop/context_only_residual_bottleneck__raw_stats_gaf_stft__raw_stats_gaf_stft__seed_2025.pt,0.7227380952380953,0.73125,0.7227380952380953,0.7251546595798435,0.7206973559807613,0.7214005530208176,0.7206973559807613,0.7277461905921527,0.011231351405071033,0.005375248807789945
Crop,Crop,raw_conditioned_context_bottleneck__raw+stats+gaf+stft,raw_conditioned_context_bottleneck__raw+stats+gaf+stft,raw+stats+gaf+stft,2025,5760,1440,16800,1,46,24,32,815370,53,165.47309720799967,results/fusion_over_raw/checkpoints/Crop/raw_conditioned_context_bottleneck__raw_stats_gaf_stft__raw_stats_gaf_stft__seed_2025.pt,0.7110714285714286,0.725,0.7110714285714286,0.723388973706698,0.7071347355141008,0.7172813511805599,0.7071347355141009,0.7212467815463425,-0.002331269061589536,-0.008187371658870624
StarLightCurves,StarLightCurves,raw_only,raw_only,raw,42,800,200,8236,1,1024,3,32,157763,44,30.134995333006373,results/fusion_over_raw/checkpoints/StarLightCurves/raw_only__raw__seed_42.pt,0.9746236036911122,0.975,0.9537668249838708,0.9425287356321839,0.9629261330682318,0.9608015211350006,0.9742737390232941,0.9741114523913998,0.0,
StarLightCurves,StarLightCurves,raw_larger,raw_larger,raw_larger,42,800,200,8236,1,1024,3,32,420739,35,62.84760887500306,results/fusion_over_raw/checkpoints/StarLightCurves/raw_larger__raw_larger__seed_42.pt,0.9655172413793104,0.965,0.9484923673401239,0.9407473752301337,0.9548012157099092,0.95371605139047,0.9654457883446166,0.9646482354854448,-0.008124917358322659,0.0
StarLightCurves,StarLightCurves,stats_only,stats_only,stats,42,800,200,8236,1,1024,3,32,54129,7,2.516635292005958,results/fusion_over_raw/checkpoints/StarLightCurves/stats_only__stats__seed_42.pt,0.961996114618747,0.98,0.9404649198008616,0.9540229885057471,0.9442722023347224,0.9690781123802932,0.961743529993543,0.9794461751471097,-0.018653930733509405,-0.010529013375186747
StarLightCurves,StarLightCurves,gaf_only,gaf_only,gaf,42,800,200,8236,1,1024,3,32,126819,27,148.188552874999,results/fusion_over_raw/checkpoints/StarLightCurves/gaf_only__gaf__seed_42.pt,0.9748664400194269,0.975,0.9553137866837154,0.9508483853311439,0.9637314079809718,0.9618722435623844,0.9745688369115855,0.9744942381562101,0.0008052749127399617,0.00893019227106262
StarLightCurves,StarLightCurves,stft_only,stft_only,stft,42,800,200,8236,1,1024,3,32,126819,33,7.921655042009661,results/fusion_over_raw/checkpoints/StarLightCurves/stft_only__stft__seed_42.pt,0.976930548810102,0.975,0.956323878277716,0.9508483853311439,0.9659916159699339,0.9618722435623844,0.9765665620498915,0.9744942381562101,0.0030654829017020546,0.011190400260024713
StarLightCurves,StarLightCurves,minirocket_ridge,minirocket_ridge,raw,42,800,200,8236,1,1024,3,32,29991,,10.119945583996014,,0.9817872753763963,0.975,0.9617064095804322,0.9425287356321839,0.9725490316490143,0.9608015211350006,0.981444014249963,0.9741114523913998,0.009622898580782469,0.017747815939105127
StarLightCurves,StarLightCurves,concat__raw+stats,concat__raw+stats,raw+stats,42,800,200,8236,1,1024,3,32,244657,9,12.936628125011339,results/fusion_over_raw/checkpoints/StarLightCurves/concat__raw_stats__raw_stats__seed_42.pt,0.9764448761534725,0.98,0.9515789340602842,0.9540229885057471,0.9644395804591207,0.9690781123802932,0.975914867413897,0.9794461751471097,0.001513447390888878,0.009638364749211537
StarLightCurves,StarLightCurves,gated__raw+stats,gated__raw+stats,raw+stats,42,800,200,8236,1,1024,3,32,227891,13,14.862392166003701,results/fusion_over_raw/checkpoints/StarLightCurves/gated__raw_stats__raw_stats__seed_42.pt,0.9749878581835842,0.975,0.9607631445250963,0.9591680350301041,0.9632853385115508,0.9628613397633102,0.9748772690806244,0.9748399434605471,0.0003592054433190217,0.00848412280164168
StarLightCurves,StarLightCurves,raw_centered_residual__raw+stats,raw_centered_residual__raw+stats,raw+stats,42,800,200,8236,1,1024,3,32,326833,3,10.10696283300058,results/fusion_over_raw/checkpoints/StarLightCurves/raw_centered_residual__raw_stats__raw_stats__seed_42.pt,0.9696454589606606,0.98,0.9531286470102854,0.9540229885057471,0.9556419719863524,0.9690781123802932,0.969506897236816,0.9794461751471097,-0.007284161081879459,0.0008407562764431997
StarLightCurves,StarLightCurves,film__raw+stats,film__raw+stats,raw+stats,42,800,200,8236,1,1024,3,32,294065,3,10.070921791993896,results/fusion_over_raw/checkpoints/StarLightCurves/film__raw_stats__raw_stats__seed_42.pt,0.9738950947061681,0.98,0.9490410423154677,0.9540229885057471,0.960645497675713,0.9690781123802932,0.9733613131435591,0.9794461751471097,-0.0022806353925188816,0.005844281965803777
StarLightCurves,StarLightCurves,concat__raw+gaf,concat__raw+gaf,raw+gaf,42,800,200,8236,1,1024,3,32,317347,31,182.0343463330064,results/fusion_over_raw/checkpoints/StarLightCurves/concat__raw_gaf__raw_gaf__seed_42.pt,0.9717095677513355,0.97,0.9547468046898415,0.9476737821565407,0.9592828798381549,0.9548517520215634,0.9714575753936482,0.9696057951482479,-0.0036432532300769704,0.004481664128245688
StarLightCurves,StarLightCurves,gated__raw+gaf,gated__raw+gaf,raw+gaf,42,800,200,8236,1,1024,3,32,300581,33,190.50544270798855,results/fusion_over_raw/checkpoints/StarLightCurves/gated__raw_gaf__raw_gaf__seed_42.pt,0.9757163671685284,0.975,0.9537257104729298,0.9508483853311439,0.9636109230638459,0.9618722435623844,0.9752875773447381,0.9744942381562101,0.0006847899956140546,0.008809707353936713
StarLightCurves,StarLightCurves,raw_centered_residual__raw+gaf,raw_centered_residual__raw+gaf,raw+gaf,42,800,200,8236,1,1024,3,32,399523,11,108.43124175000412,results/fusion_over_raw/checkpoints/StarLightCurves/raw_centered_residual__raw_gaf__raw_gaf__seed_42.pt,0.9686741136474016,0.97,0.9433545546125517,0.9393541324575807,0.9555693531841222,0.9536171685704397,0.9681968715289424,0.9691692627206646,-0.007356779884109654,0.0007681374742130043
StarLightCurves,StarLightCurves,film__raw+gaf,film__raw+gaf,raw+gaf,42,800,200,8236,1,1024,3,32,366755,19,138.72742645800463,results/fusion_over_raw/checkpoints/StarLightCurves/film__raw_gaf__raw_gaf__seed_42.pt,0.9711024769305489,0.97,0.9491659748087794,0.9393541324575807,0.9584491088341833,0.9536171685704397,0.9706854399212722,0.9691692627206646,-0.004477024234048499,0.0036478931242741597
StarLightCurves,StarLightCurves,concat__raw+stft,concat__raw+stft,raw+stft,42,800,200,8236,1,1024,3,32,317347,23,23.98086675000377,results/fusion_over_raw/checkpoints/StarLightCurves/concat__raw_stft__raw_stft__seed_42.pt,0.977294803302574,0.98,0.954413733284941,0.9540229885057471,0.9662976622351885,0.9690781123802932,0.976835694767789,0.9794461751471097,0.0033715291669567105,0.011496446525279369
StarLightCurves,StarLightCurves,gated__raw+stft,gated__raw+stft,raw+stft,42,800,200,8236,1,1024,3,32,300581,23,23.690650917007588,results/fusion_over_raw/checkpoints/StarLightCurves/gated__raw_stft__raw_stft__seed_42.pt,0.9757163671685284,0.98,0.9569341448878538,0.9540229885057471,0.9652466627116332,0.9690781123802932,0.9754445632763672,0.9794461751471097,0.002320529643401348,0.010445447001724006
StarLightCurves,StarLightCurves,raw_centered_residual__raw+stft,raw_centered_residual__raw+stft,raw+stft,42,800,200,8236,1,1024,3,32,399523,40,33.69249095900159,results/fusion_over_raw/checkpoints/StarLightCurves/raw_centered_residual__raw_stft__raw_stft__seed_42.pt,0.9758377853326857,0.98,0.961510343134786,0.9540229885057471,0.9654262679520783,0.9690781123802932,0.9756971346108995,0.9794461751471097,0.002500134883846483,0.010625052242169142
StarLightCurves,StarLightCurves,film__raw+stft,film__raw+stft,raw+stft,42,800,200,8236,1,1024,3,32,366755,35,30.806085042000632,results/fusion_over_raw/checkpoints/StarLightCurves/film__raw_stft__raw_stft__seed_42.pt,0.9794803302574066,0.98,0.9623352979463492,0.9540229885057471,0.9701529800541205,0.9690781123802932,0.9792399723594511,0.9794461751471097,0.007226846985888713,0.015351764344211372
StarLightCurves,StarLightCurves,concat__raw+stats+gaf,concat__raw+stats+gaf,raw+stats+gaf,42,800,200,8236,1,1024,3,32,370705,7,93.57458250000491,results/fusion_over_raw/checkpoints/StarLightCurves/concat__raw_stats_gaf__raw_stats_gaf__seed_42.pt,0.9757163671685284,0.98,0.9579770996200411,0.9540229885057471,0.9642188335562111,0.9690781123802932,0.9754698284496194,0.9794461751471097,0.001292700487979248,0.009417617846301907
StarLightCurves,StarLightCurves,gated__raw+stats+gaf,gated__raw+stats+gaf,raw+stats+gaf,42,800,200,8236,1,1024,3,32,354068,16,128.32144700000936,results/fusion_over_raw/checkpoints/StarLightCurves/gated__raw_stats_gaf__raw_stats_gaf__seed_42.pt,0.9770519669742593,0.98,0.9544969907982699,0.9540229885057471,0.9652640540420104,0.9690781123802932,0.9766067399741823,0.9794461751471097,0.0023379209737786066,0.010462838332101265
StarLightCurves,StarLightCurves,raw_centered_residual__raw+stats+gaf,raw_centered_residual__raw+stats+gaf,raw+stats+gaf,42,800,200,8236,1,1024,3,32,452881,6,89.48786279199703,results/fusion_over_raw/checkpoints/StarLightCurves/raw_centered_residual__raw_stats_gaf__raw_stats_gaf__seed_42.pt,0.973530840213696,0.98,0.9560116400855022,0.9623426382047072,0.9607670304165087,0.9699011680143755,0.9733071329712143,0.9797371967654988,-0.0021591026517231438,0.005965814706599515
StarLightCurves,StarLightCurves,film__raw+stats+gaf,film__raw+stats+gaf,raw+stats+gaf,42,800,200,8236,1,1024,3,32,420113,14,122.39577937500144,results/fusion_over_raw/checkpoints/StarLightCurves/film__raw_stats_gaf__raw_stats_gaf__seed_42.pt,0.9762020398251579,0.98,0.9538571825126111,0.9540229885057471,0.9643352590147508,0.9690781123802932,0.9757715734456449,0.9794461751471097,0.0014091259465189854,0.009534043304841644
StarLightCurves,StarLightCurves,concat__raw+stats+stft,concat__raw+stats+stft,raw+stats+stft,42,800,200,8236,1,1024,3,32,370705,2,11.761085249992902,results/fusion_over_raw/checkpoints/StarLightCurves/concat__raw_stats_stft__raw_stats_stft__seed_42.pt,0.9664885866925692,0.975,0.9528613432333431,0.9508483853311439,0.9515551662505729,0.9618722435623844,0.9665796542160359,0.9744942381562101,-0.011370966817658923,-0.0032460494593362643
StarLightCurves,StarLightCurves,gated__raw+stats+stft,gated__raw+stats+stft,raw+stats+stft,42,800,200,8236,1,1024,3,32,354068,16,19.958644375001313,results/fusion_over_raw/checkpoints/StarLightCurves/gated__raw_stats_stft__raw_stats_stft__seed_42.pt,0.9741379310344828,0.98,0.9489785864067081,0.9540229885057471,0.9611336913375191,0.9690781123802932,0.973556287363719,0.9794461751471097,-0.0017924417307126905,0.006332475627609968
StarLightCurves,StarLightCurves,raw_centered_residual__raw+stats+stft,raw_centered_residual__raw+stats+stft,raw+stats+stft,42,800,200,8236,1,1024,3,32,452881,12,17.745659959007753,results/fusion_over_raw/checkpoints/StarLightCurves/raw_centered_residual__raw_stats_stft__raw_stats_stft__seed_42.pt,0.9729237493929092,0.98,0.9521026326267523,0.9540229885057471,0.9598073233120438,0.9690781123802932,0.9725677902314225,0.9794461751471097,-0.0031188097561880568,0.005006107602134602
StarLightCurves,StarLightCurves,film__raw+stats+stft,film__raw+stats+stft,raw+stats+stft,42,800,200,8236,1,1024,3,32,420113,29,27.84231737499067,results/fusion_over_raw/checkpoints/StarLightCurves/film__raw_stats_stft__raw_stats_stft__seed_42.pt,0.9679456046624575,0.98,0.9446888850938645,0.9540229885057471,0.9523384075921634,0.9690781123802932,0.9674928539638696,0.9794461751471097,-0.010587725476068455,-0.002462808117745796
StarLightCurves,StarLightCurves,concat__raw+gaf+stft,concat__raw+gaf+stft,raw+gaf+stft,42,800,200,8236,1,1024,3,32,443395,5,87.77406812499976,results/fusion_over_raw/checkpoints/StarLightCurves/concat__raw_gaf_stft__raw_gaf_stft__seed_42.pt,0.9497328800388538,0.965,0.9425285931741921,0.9528188286808977,0.9330250407950933,0.9492877030789608,0.9506196997602832,0.9652128781120751,-0.02990109227313853,-0.02177617491481587
StarLightCurves,StarLightCurves,gated__raw+gaf+stft,gated__raw+gaf+stft,raw+gaf+stft,42,800,200,8236,1,1024,3,32,426758,39,218.25578758299525,results/fusion_over_raw/checkpoints/StarLightCurves/gated__raw_gaf_stft__raw_gaf_stft__seed_42.pt,0.9760806216610005,0.975,0.9565572295865058,0.9508483853311439,0.9644752285714624,0.9618722435623844,0.9757614029573357,0.9744942381562101,0.0015490955032305687,0.009674012861553227
StarLightCurves,StarLightCurves,raw_centered_residual__raw+gaf+stft,raw_centered_residual__raw+gaf+stft,raw+gaf+stft,42,800,200,8236,1,1024,3,32,525571,32,192.66906291600026,results/fusion_over_raw/checkpoints/StarLightCurves/raw_centered_residual__raw_gaf_stft__raw_gaf_stft__seed_42.pt,0.973530840213696,0.975,0.9539240394705354,0.9508483853311439,0.9624181375648497,0.9618722435623844,0.9731720174451403,0.9744942381562101,-0.0005079955033820971,0.0076169218549405615
StarLightCurves,StarLightCurves,film__raw+gaf+stft,film__raw+gaf+stft,raw+gaf+stft,42,800,200,8236,1,1024,3,32,492803,23,157.38785020800424,results/fusion_over_raw/checkpoints/StarLightCurves/film__raw_gaf_stft__raw_gaf_stft__seed_42.pt,0.9678241864983002,0.97,0.9531769333074821,0.9476737821565407,0.9554679876471065,0.9548517520215634,0.9678106870785281,0.9696057951482479,-0.007458145421125328,0.0006667719371973302
StarLightCurves,StarLightCurves,concat__raw+stats+gaf+stft,concat__raw+stats+gaf+stft,raw+stats+gaf+stft,42,800,200,8236,1,1024,3,32,496753,8,99.65603979201114,results/fusion_over_raw/checkpoints/StarLightCurves/concat__raw_stats_gaf_stft__raw_stats_gaf_stft__seed_42.pt,0.9760806216610005,0.98,0.955278692601687,0.9540229885057471,0.9643326526966467,0.9690781123802932,0.97571141965431,0.9794461751471097,0.0014065196284148707,0.00953143698673753
StarLightCurves,StarLightCurves,gated__raw+stats+gaf+stft,gated__raw+stats+gaf+stft,raw+stats+gaf+stft,42,800,200,8236,1,1024,3,32,480245,22,153.18856704200152,results/fusion_over_raw/checkpoints/StarLightCurves/gated__raw_stats_gaf_stft__raw_stats_gaf_stft__seed_42.pt,0.9736522583778533,0.975,0.9514266810918258,0.9508483853311439,0.9612699184593899,0.9618722435623844,0.9732563136114853,0.9744942381562101,-0.0016562146088419105,0.006468702749480748
StarLightCurves,StarLightCurves,film__raw+stats+gaf+stft,film__raw+stats+gaf+stft,raw+stats+gaf+stft,42,800,200,8236,1,1024,3,32,546161,16,130.14005737499974,results/fusion_over_raw/checkpoints/StarLightCurves/film__raw_stats_gaf_stft__raw_stats_gaf_stft__seed_42.pt,0.9785089849441476,0.98,0.9580340542173452,0.9540229885057471,0.9677868771476167,0.9690781123802932,0.978146084736618,0.9794461751471097,0.00486074407938486,0.012985661437707519
StarLightCurves,StarLightCurves,raw_centered_residual__raw+stats+gaf+stft,raw_centered_residual__raw+stats+gaf+stft,raw+stats+gaf+stft,42,800,200,8236,1,1024,3,32,578929,9,103.94941924999875,results/fusion_over_raw/checkpoints/StarLightCurves/raw_centered_residual__raw_stats_gaf_stft__raw_stats_gaf_stft__seed_42.pt,0.973530840213696,0.98,0.9450695789479581,0.9540229885057471,0.9596360277023059,0.9690781123802932,0.9728247107346527,0.9794461751471097,-0.0032901053659258883,0.00483481199239677
StarLightCurves,StarLightCurves,ordinary_bottleneck__raw+stats+gaf+stft,ordinary_bottleneck__raw+stats+gaf+stft,raw+stats+gaf+stft,42,800,200,8236,1,1024,3,32,680177,13,119.0402837920119,results/fusion_over_raw/checkpoints/StarLightCurves/ordinary_bottleneck__raw_stats_gaf_stft__raw_stats_gaf_stft__seed_42.pt,0.9757163671685284,0.98,0.9499541954827738,0.9540229885057471,0.9630864586264426,0.9690781123802932,0.9751421244115771,0.9794461751471097,0.0001603255582107721,0.00828524291653343
StarLightCurves,StarLightCurves,raw_residual_bottleneck__raw+stats+gaf+stft,raw_residual_bottleneck__raw+stats+gaf+stft,raw+stats+gaf+stft,42,800,200,8236,1,1024,3,32,762865,20,146.74429179199797,results/fusion_over_raw/checkpoints/StarLightCurves/raw_residual_bottleneck__raw_stats_gaf_stft__raw_stats_gaf_stft__seed_42.pt,0.9780233122875183,0.975,0.9585851450298041,0.9508483853311439,0.9675560710452379,0.9618722435623844,0.9777140289067584,0.9744942381562101,0.00462993797700606,0.012754855335328719
StarLightCurves,StarLightCurves,context_only_residual_bottleneck__raw+stats+gaf+stft,context_only_residual_bottleneck__raw+stats+gaf+stft,raw+stats+gaf+stft,42,800,200,8236,1,1024,3,32,762737,9,103.2572605000023,results/fusion_over_raw/checkpoints/StarLightCurves/context_only_residual_bottleneck__raw_stats_gaf_stft__raw_stats_gaf_stft__seed_42.pt,0.9770519669742593,0.975,0.9573312502296774,0.9508483853311439,0.9657578445140077,0.9618722435623844,0.9767231950628079,0.9744942381562101,0.002831711445775875,0.010956628804098534
StarLightCurves,StarLightCurves,raw_conditioned_context_bottleneck__raw+stats+gaf+stft,raw_conditioned_context_bottleneck__raw+stats+gaf+stft,raw+stats+gaf+stft,42,800,200,8236,1,1024,3,32,829041,7,95.5048496669915,results/fusion_over_raw/checkpoints/StarLightCurves/raw_conditioned_context_bottleneck__raw_stats_gaf_stft__raw_stats_gaf_stft__seed_42.pt,0.9770519669742593,0.975,0.9564788922397982,0.9508483853311439,0.9656659081586985,0.9618722435623844,0.976690864207676,0.9744942381562101,0.002739775090466634,0.010864692448789293
StarLightCurves,StarLightCurves,raw_only,raw_only,raw,3407,800,200,8236,1,1024,3,32,157763,53,39.784251916993526,results/fusion_over_raw/checkpoints/StarLightCurves/raw_only__raw__seed_3407.pt,0.9624817872753764,0.965,0.9380410090214976,0.935823754789272,0.9464341521076861,0.9403403037774328,0.9620418858085402,0.9647027668706053,0.0,
StarLightCurves,StarLightCurves,raw_larger,raw_larger,raw_larger,3407,800,200,8236,1,1024,3,32,420739,25,50.846859124998446,results/fusion_over_raw/checkpoints/StarLightCurves/raw_larger__raw_larger__seed_3407.pt,0.9413550267119961,0.96,0.9375381862081591,0.9439655172413793,0.9212816111529757,0.9350724637681159,0.9426674158552792,0.9606260869565217,-0.025152540954710423,0.0
StarLightCurves,StarLightCurves,stats_only,stats_only,stats,3407,800,200,8236,1,1024,3,32,54129,8,2.315733875002479,results/fusion_over_raw/checkpoints/StarLightCurves/stats_only__stats__seed_3407.pt,0.977294803302574,0.98,0.9550530017773502,0.9664750957854406,0.9658351641504979,0.9664750957854406,0.9768689659390812,0.98,0.01940101204281175,0.04455355299752217
StarLightCurves,StarLightCurves,gaf_only,gaf_only,gaf,3407,800,200,8236,1,1024,3,32,126819,27,149.4078551249986,results/fusion_over_raw/checkpoints/StarLightCurves/gaf_only__gaf__seed_3407.pt,0.9738950947061681,0.975,0.954837753106883,0.960919540229885,0.9619800989816681,0.9622680259514391,0.9736210262633258,0.9750326396653083,0.01554594687398203,0.04069848782869245
StarLightCurves,StarLightCurves,stft_only,stft_only,stft,3407,800,200,8236,1,1024,3,32,126819,27,6.4014095419988735,results/fusion_over_raw/checkpoints/StarLightCurves/stft_only__stft__seed_3407.pt,0.9754735308402137,0.985,0.9524784269900168,0.9666666666666667,0.964022065744467,0.9784508067796961,0.9750384962966036,0.9848573449731418,0.017587913636780916,0.04274045459149134
StarLightCurves,StarLightCurves,minirocket_ridge,minirocket_ridge,raw,3407,800,200,8236,1,1024,3,32,29991,,10.22981770800834,,0.980330257406508,0.98,0.9610036055927642,0.9444444444444445,0.9705561667537262,0.9640472521828455,0.9800089908467244,0.9792604006163327,0.024122014646040135,0.04927455560075056
StarLightCurves,StarLightCurves,concat__raw+stats,concat__raw+stats,raw+stats,3407,800,200,8236,1,1024,3,32,244657,19,17.7610405000014,results/fusion_over_raw/checkpoints/StarLightCurves/concat__raw_stats__raw_stats__seed_3407.pt,0.976930548810102,0.985,0.9591148433493926,0.9803639846743296,0.9655682483764969,0.9752628324056896,0.9766669116586708,0.9851205936920222,0.019134096268810796,0.04428663722352122
StarLightCurves,StarLightCurves,gated__raw+stats,gated__raw+stats,raw+stats,3407,800,200,8236,1,1024,3,32,227891,10,13.427536082992447,results/fusion_over_raw/checkpoints/StarLightCurves/gated__raw_stats__raw_stats__seed_3407.pt,0.9747450218552696,0.985,0.9602608287080313,0.9803639846743296,0.9631865973855341,0.9752628324056896,0.9746142185287341,0.9851205936920222,0.016752445277848027,0.04190498623255845
StarLightCurves,StarLightCurves,raw_centered_residual__raw+stats,raw_centered_residual__raw+stats,raw+stats,3407,800,200,8236,1,1024,3,32,326833,12,14.457977875004872,results/fusion_over_raw/checkpoints/StarLightCurves/raw_centered_residual__raw_stats__raw_stats__seed_3407.pt,0.9748664400194269,0.99,0.9614604885528931,0.9832375478927204,0.9633588985537016,0.9832375478927204,0.9748007136237554,0.99,0.016924746446015493,0.042077287400725916
StarLightCurves,StarLightCurves,film__raw+stats,film__raw+stats,raw+stats,3407,800,200,8236,1,1024,3,32,294065,11,13.940887874996406,results/fusion_over_raw/checkpoints/StarLightCurves/film__raw_stats__raw_stats__seed_3407.pt,0.9742593491986401,0.985,0.9574873851298431,0.9803639846743296,0.9619825360424965,0.9752628324056896,0.974070995702253,0.9851205936920222,0.015548383934810395,0.04070092488952082
StarLightCurves,StarLightCurves,concat__raw+gaf,concat__raw+gaf,raw+gaf,3407,800,200,8236,1,1024,3,32,317347,33,190.09760675000143,results/fusion_over_raw/checkpoints/StarLightCurves/concat__raw_gaf__raw_gaf__seed_3407.pt,0.9726809130645945,0.975,0.9506110572395157,0.960919540229885,0.9609067247535358,0.9622680259514391,0.972316712100973,0.9750326396653083,0.014472572645849668,0.03962511360056009
StarLightCurves,StarLightCurves,gated__raw+gaf,gated__raw+gaf,raw+gaf,3407,800,200,8236,1,1024,3,32,300581,13,113.98052058300527,results/fusion_over_raw/checkpoints/StarLightCurves/gated__raw_gaf__raw_gaf__seed_3407.pt,0.9707382224380767,0.98,0.9500626763256288,0.9664750957854406,0.9578343505039358,0.9664750957854406,0.9703172868963621,0.98,0.011400198396249728,0.03655273935096015
StarLightCurves,StarLightCurves,raw_centered_residual__raw+gaf,raw_centered_residual__raw+gaf,raw+gaf,3407,800,200,8236,1,1024,3,32,399523,35,197.17161350000242,results/fusion_over_raw/checkpoints/StarLightCurves/raw_centered_residual__raw_gaf__raw_gaf__seed_3407.pt,0.9730451675570665,0.985,0.9488187033730563,0.9693486590038315,0.9617989928332858,0.9744315587617569,0.972576587692462,0.9848726143731166,0.015364840725599738,0.04051738168031016
StarLightCurves,StarLightCurves,film__raw+gaf,film__raw+gaf,raw+gaf,3407,800,200,8236,1,1024,3,32,366755,19,136.7688104580011,results/fusion_over_raw/checkpoints/StarLightCurves/film__raw_gaf__raw_gaf__seed_3407.pt,0.9646673142302088,0.975,0.9414564918291864,0.9636015325670497,0.9504248449086549,0.958771387342816,0.9643141933150599,0.9752009894867038,0.003990692800968754,0.029143233755679177
StarLightCurves,StarLightCurves,concat__raw+stft,concat__raw+stft,raw+stft,3407,800,200,8236,1,1024,3,32,317347,27,26.280445833006524,results/fusion_over_raw/checkpoints/StarLightCurves/concat__raw_stft__raw_stft__seed_3407.pt,0.9736522583778533,0.99,0.9539629534568942,0.9722222222222222,0.9636454361127068,0.9826582435278087,0.9732974860484198,0.9898253437383872,0.0172112840050207,0.04236382495973112
StarLightCurves,StarLightCurves,gated__raw+stft,gated__raw+stft,raw+stft,3407,800,200,8236,1,1024,3,32,300581,30,27.67243566599791,results/fusion_over_raw/checkpoints/StarLightCurves/gated__raw_stft__raw_stft__seed_3407.pt,0.9758377853326857,0.99,0.9539344195970275,0.9722222222222222,0.9647216286994161,0.9826582435278087,0.9753809671081418,0.9898253437383872,0.018287476591730023,0.043440017546440446
StarLightCurves,StarLightCurves,raw_centered_residual__raw+stft,raw_centered_residual__raw+stft,raw+stft,3407,800,200,8236,1,1024,3,32,399523,21,22.624478666999494,results/fusion_over_raw/checkpoints/StarLightCurves/raw_centered_residual__raw_stft__raw_stft__seed_3407.pt,0.9726809130645945,0.99,0.9463388664878352,0.9722222222222222,0.9612676798357424,0.9826582435278087,0.9721294338661639,0.9898253437383872,0.01483352772805624,0.03998606868276666
StarLightCurves,StarLightCurves,film__raw+stft,film__raw+stft,raw+stft,3407,800,200,8236,1,1024,3,32,366755,30,27.83102579199476,results/fusion_over_raw/checkpoints/StarLightCurves/film__raw_stft__raw_stft__seed_3407.pt,0.9724380767362798,0.99,0.9487886012284935,0.9722222222222222,0.9614666882311033,0.9826582435278087,0.972032508685098,0.9898253437383872,0.01503253612341715,0.04018507707812757
StarLightCurves,StarLightCurves,concat__raw+stats+gaf,concat__raw+stats+gaf,raw+stats+gaf,3407,800,200,8236,1,1024,3,32,370705,12,111.21540054200159,results/fusion_over_raw/checkpoints/StarLightCurves/concat__raw_stats_gaf__raw_stats_gaf__seed_3407.pt,0.9776590577950461,0.99,0.9581825079572655,0.9832375478927204,0.9665913634342642,0.9832375478927204,0.9773356779372689,0.99,0.020157211326578106,0.04530975228128853
StarLightCurves,StarLightCurves,gated__raw+stats+gaf,gated__raw+stats+gaf,raw+stats+gaf,3407,800,200,8236,1,1024,3,32,354068,8,96.2606251249963,results/fusion_over_raw/checkpoints/StarLightCurves/gated__raw_stats_gaf__raw_stats_gaf__seed_3407.pt,0.9753521126760564,0.99,0.9535794572575919,0.9832375478927204,0.9629639734822565,0.9832375478927204,0.9749475431394703,0.99,0.016529821374570375,0.0416823623292808
StarLightCurves,StarLightCurves,raw_centered_residual__raw+stats+gaf,raw_centered_residual__raw+stats+gaf,raw+stats+gaf,3407,800,200,8236,1,1024,3,32,452881,12,111.62012804199185,results/fusion_over_raw/checkpoints/StarLightCurves/raw_centered_residual__raw_stats_gaf__raw_stats_gaf__seed_3407.pt,0.9709810587663914,0.985,0.9498633188365764,0.9583333333333334,0.9580408651368165,0.9735224586288416,0.9706538369835181,0.9845957446808511,0.011606713029130411,0.036759253983840834
StarLightCurves,StarLightCurves,film__raw+stats+gaf,film__raw+stats+gaf,raw+stats+gaf,3407,800,200,8236,1,1024,3,32,420113,15,122.00571166700684,results/fusion_over_raw/checkpoints/StarLightCurves/film__raw_stats_gaf__raw_stats_gaf__seed_3407.pt,0.976930548810102,0.985,0.954565467135942,0.9693486590038315,0.9653735707129029,0.9744315587617569,0.9764889086855433,0.9848726143731166,0.01893941860521675,0.044091959559927174
StarLightCurves,StarLightCurves,concat__raw+stats+stft,concat__raw+stats+stft,raw+stats+stft,3407,800,200,8236,1,1024,3,32,370705,7,14.71622670799843,results/fusion_over_raw/checkpoints/StarLightCurves/concat__raw_stats_stft__raw_stats_stft__seed_3407.pt,0.9758377853326857,0.99,0.9547122808203219,0.9722222222222222,0.9639057823156589,0.9826582435278087,0.9754544204292067,0.9898253437383872,0.01747163020797282,0.042624171162683244
StarLightCurves,StarLightCurves,gated__raw+stats+stft,gated__raw+stats+stft,raw+stats+stft,3407,800,200,8236,1,1024,3,32,354068,15,19.764347250005812,results/fusion_over_raw/checkpoints/StarLightCurves/gated__raw_stats_stft__raw_stats_stft__seed_3407.pt,0.9740165128703254,0.985,0.9555679395970743,0.9803639846743296,0.9615470143478686,0.9752628324056896,0.973764901607553,0.9851205936920222,0.01511286224018249,0.04026540319489291
StarLightCurves,StarLightCurves,raw_centered_residual__raw+stats+stft,raw_centered_residual__raw+stats+stft,raw+stats+stft,3407,800,200,8236,1,1024,3,32,452881,10,16.637899207999,results/fusion_over_raw/checkpoints/StarLightCurves/raw_centered_residual__raw_stats_stft__raw_stats_stft__seed_3407.pt,0.9768091306459447,0.98,0.9581819681640161,0.9774904214559387,0.9662740197069185,0.967536231884058,0.9764894208620781,0.9803130434782608,0.019839867599232397,0.04499240855394282
StarLightCurves,StarLightCurves,film__raw+stats+stft,film__raw+stats+stft,raw+stats+stft,3407,800,200,8236,1,1024,3,32,420113,3,12.317656750004971,results/fusion_over_raw/checkpoints/StarLightCurves/film__raw_stats_stft__raw_stats_stft__seed_3407.pt,0.9598105876639145,0.98,0.9379987845047983,0.9664750957854406,0.9409690555421265,0.9664750957854406,0.9595997560941917,0.98,-0.005465096565559602,0.01968744438915082
StarLightCurves,StarLightCurves,concat__raw+gaf+stft,concat__raw+gaf+stft,raw+gaf+stft,3407,800,200,8236,1,1024,3,32,443395,16,130.32270395799424,results/fusion_over_raw/checkpoints/StarLightCurves/concat__raw_gaf_stft__raw_gaf_stft__seed_3407.pt,0.9638173870811073,0.975,0.9501285254678984,0.9636015325670497,0.9504294100370738,0.958771387342816,0.9639137362358278,0.9752009894867038,0.003995257929387708,0.02914779888409813
StarLightCurves,StarLightCurves,gated__raw+gaf+stft,gated__raw+gaf+stft,raw+gaf+stft,3407,800,200,8236,1,1024,3,32,426758,16,130.4381526250072,results/fusion_over_raw/checkpoints/StarLightCurves/gated__raw_gaf_stft__raw_gaf_stft__seed_3407.pt,0.967459932005828,0.975,0.9498222456772201,0.9636015325670497,0.9543767120273875,0.958771387342816,0.967222414336793,0.9752009894867038,0.007942559919701386,0.03309510087441181
StarLightCurves,StarLightCurves,raw_centered_residual__raw+gaf+stft,raw_centered_residual__raw+gaf+stft,raw+gaf+stft,3407,800,200,8236,1,1024,3,32,525571,40,221.30825866600208,results/fusion_over_raw/checkpoints/StarLightCurves/raw_centered_residual__raw_gaf_stft__raw_gaf_stft__seed_3407.pt,0.9738950947061681,0.99,0.9485420577045357,0.9722222222222222,0.9625289186244338,0.9826582435278087,0.9733948675962444,0.9898253437383872,0.016094766516747683,0.041247307471458106
StarLightCurves,StarLightCurves,film__raw+gaf+stft,film__raw+gaf+stft,raw+gaf+stft,3407,800,200,8236,1,1024,3,32,492803,9,102.03661045900662,results/fusion_over_raw/checkpoints/StarLightCurves/film__raw_gaf_stft__raw_gaf_stft__seed_3407.pt,0.9672170956775133,0.975,0.9453474173254065,0.9636015325670497,0.9542751243301851,0.958771387342816,0.9668776815731874,0.9752009894867038,0.00784097222249902,0.032993513177209444
StarLightCurves,StarLightCurves,concat__raw+stats+gaf+stft,concat__raw+stats+gaf+stft,raw+stats+gaf+stft,3407,800,200,8236,1,1024,3,32,496753,9,102.1075474590034,results/fusion_over_raw/checkpoints/StarLightCurves/concat__raw_stats_gaf_stft__raw_stats_gaf_stft__seed_3407.pt,0.9742593491986401,0.985,0.9582115511911219,0.9803639846743296,0.9621236253049559,0.9752628324056896,0.9740754119041619,0.9851205936920222,0.015689473197269765,0.04084201415198019
StarLightCurves,StarLightCurves,gated__raw+stats+gaf+stft,gated__raw+stats+gaf+stft,raw+stats+gaf+stft,3407,800,200,8236,1,1024,3,32,480245,3,79.00189604100888,results/fusion_over_raw/checkpoints/StarLightCurves/gated__raw_stats_gaf_stft__raw_stats_gaf_stft__seed_3407.pt,0.9723166585721223,0.985,0.9544581181634957,0.9693486590038315,0.9592087740198357,0.9744315587617569,0.9720941467593232,0.9848726143731166,0.01277462191214962,0.03792716286686004
StarLightCurves,StarLightCurves,film__raw+stats+gaf+stft,film__raw+stats+gaf+stft,raw+stats+gaf+stft,3407,800,200,8236,1,1024,3,32,546161,21,148.7220353330049,results/fusion_over_raw/checkpoints/StarLightCurves/film__raw_stats_gaf_stft__raw_stats_gaf_stft__seed_3407.pt,0.9777804759592035,0.99,0.9601704298277062,0.9832375478927204,0.9669229451469703,0.9832375478927204,0.9775232513471507,0.99,0.020488793039284192,0.045641333993994615
StarLightCurves,StarLightCurves,raw_centered_residual__raw+stats+gaf+stft,raw_centered_residual__raw+stats+gaf+stft,raw+stats+gaf+stft,3407,800,200,8236,1,1024,3,32,578929,8,98.13938616699306,results/fusion_over_raw/checkpoints/StarLightCurves/raw_centered_residual__raw_stats_gaf_stft__raw_stats_gaf_stft__seed_3407.pt,0.9753521126760564,0.99,0.9584805156993971,0.9832375478927204,0.9639719269599661,0.9832375478927204,0.9751135844085632,0.99,0.01753777485228003,0.04269031580699045
StarLightCurves,StarLightCurves,ordinary_bottleneck__raw+stats+gaf+stft,ordinary_bottleneck__raw+stats+gaf+stft,raw+stats+gaf+stft,3407,800,200,8236,1,1024,3,32,680177,3,79.41303329099901,results/fusion_over_raw/checkpoints/StarLightCurves/ordinary_bottleneck__raw_stats_gaf_stft__raw_stats_gaf_stft__seed_3407.pt,0.9645458960660515,0.985,0.9347027219466405,0.9583333333333334,0.9462918116837926,0.9735224586288416,0.963738951798125,0.9845957446808511,-0.00014234042389349444,0.02501020053081693
StarLightCurves,StarLightCurves,raw_residual_bottleneck__raw+stats+gaf+stft,raw_residual_bottleneck__raw+stats+gaf+stft,raw+stats+gaf+stft,3407,800,200,8236,1,1024,3,32,762865,13,117.97629504199722,results/fusion_over_raw/checkpoints/StarLightCurves/raw_residual_bottleneck__raw_stats_gaf_stft__raw_stats_gaf_stft__seed_3407.pt,0.9763234579893152,0.99,0.9489517436974338,0.9722222222222222,0.9640090966162213,0.9826582435278087,0.9756917456428361,0.9898253437383872,0.01757494450853514,0.04272748546324556
StarLightCurves,StarLightCurves,context_only_residual_bottleneck__raw+stats+gaf+stft,context_only_residual_bottleneck__raw+stats+gaf+stft,raw+stats+gaf+stft,3407,800,200,8236,1,1024,3,32,762737,6,91.26939729200967,results/fusion_over_raw/checkpoints/StarLightCurves/context_only_residual_bottleneck__raw_stats_gaf_stft__raw_stats_gaf_stft__seed_3407.pt,0.9757163671685284,0.99,0.9589784511430898,0.9832375478927204,0.9641890877652105,0.9832375478927204,0.9755051902881824,0.99,0.017754935657524396,0.04290747661223482
StarLightCurves,StarLightCurves,raw_conditioned_context_bottleneck__raw+stats+gaf+stft,raw_conditioned_context_bottleneck__raw+stats+gaf+stft,raw+stats+gaf+stft,3407,800,200,8236,1,1024,3,32,829041,6,91.16110675000527,results/fusion_over_raw/checkpoints/StarLightCurves/raw_conditioned_context_bottleneck__raw_stats_gaf_stft__raw_stats_gaf_stft__seed_3407.pt,0.9725594949004371,0.99,0.9458616815536597,0.9722222222222222,0.9583332418237194,0.9826582435278087,0.9719276545874787,0.9898253437383872,0.011899089716033262,0.037051630670743685
StarLightCurves,StarLightCurves,raw_only,raw_only,raw,2025,800,200,8236,1,1024,3,32,157763,19,22.305355582997436,results/fusion_over_raw/checkpoints/StarLightCurves/raw_only__raw__seed_2025.pt,0.9441476444876153,0.94,0.8900865836719841,0.9057474841788568,0.9133578913914381,0.9153354919949631,0.9410774251372453,0.9389952779276848,0.0,
StarLightCurves,StarLightCurves,raw_larger,raw_larger,raw_larger,2025,800,200,8236,1,1024,3,32,420739,21,45.69721666700207,results/fusion_over_raw/checkpoints/StarLightCurves/raw_larger__raw_larger__seed_2025.pt,0.9663671685284119,0.955,0.9422337414883871,0.9332399626517275,0.9518669945574967,0.9372497020058926,0.9658529706041382,0.954763953580169,0.0385091031660586,0.0
StarLightCurves,StarLightCurves,stats_only,stats_only,stats,2025,800,200,8236,1,1024,3,32,54129,5,2.1409273340104846,results/fusion_over_raw/checkpoints/StarLightCurves/stats_only__stats__seed_2025.pt,0.9624817872753764,0.975,0.9406708886071277,0.9478161635024381,0.9448953768377581,0.9604046321156402,0.9622002270642188,0.974420307542104,0.03153748544632007,-0.006971617719738532
StarLightCurves,StarLightCurves,gaf_only,gaf_only,gaf,2025,800,200,8236,1,1024,3,32,126819,38,183.17142083399813,results/fusion_over_raw/checkpoints/StarLightCurves/gaf_only__gaf__seed_2025.pt,0.9745021855269548,0.975,0.9564027760934652,0.9573607220666044,0.9628039557544255,0.9615799584221468,0.9742511601195046,0.9748164521986262,0.049446064362987374,0.010936961196928774
StarLightCurves,StarLightCurves,stft_only,stft_only,stft,2025,800,200,8236,1,1024,3,32,126819,31,7.016464583008201,results/fusion_over_raw/checkpoints/StarLightCurves/stft_only__stft__seed_2025.pt,0.9768091306459447,0.98,0.9546772378333452,0.9601618425147836,0.9658564870379309,0.9688034188034188,0.9764057643704089,0.9796987179487179,0.05249859564649284,0.01398949248043424
StarLightCurves,StarLightCurves,minirocket_ridge,minirocket_ridge,raw,2025,800,200,8236,1,1024,3,32,29991,,10.215439624997089,,0.9798445847498786,0.985,0.9607976367864982,0.9629629629629629,0.9698012972180144,0.9762427792693842,0.979529592704121,0.9846521845252625,0.056443405826576365,0.017934302660517765
StarLightCurves,StarLightCurves,concat__raw+stats,concat__raw+stats,raw+stats,2025,800,200,8236,1,1024,3,32,244657,3,9.979729499988025,results/fusion_over_raw/checkpoints/StarLightCurves/concat__raw_stats__raw_stats__seed_2025.pt,0.9680670228266148,0.975,0.9424895137814943,0.9478161635024381,0.9519932679242672,0.9604046321156402,0.9675062064857779,0.974420307542104,0.03863537653282911,0.00012627336677051293
StarLightCurves,StarLightCurves,gated__raw+stats,gated__raw+stats,raw+stats,2025,800,200,8236,1,1024,3,32,227891,27,21.355389290998573,results/fusion_over_raw/checkpoints/StarLightCurves/gated__raw_stats__raw_stats__seed_2025.pt,0.9728023312287518,0.98,0.9424538896496836,0.9506172839506174,0.9581417925819239,0.9678236914600551,0.9719850478935405,0.9793652892561984,0.04478390119048581,0.006274798024427208
StarLightCurves,StarLightCurves,raw_centered_residual__raw+stats,raw_centered_residual__raw+stats,raw+stats,2025,800,200,8236,1,1024,3,32,326833,17,16.81735391699476,results/fusion_over_raw/checkpoints/StarLightCurves/raw_centered_residual__raw_stats__raw_stats__seed_2025.pt,0.9746236036911122,0.975,0.9615437460662221,0.9573607220666044,0.9629077876889417,0.9615799584221468,0.9745678094566309,0.9748164521986262,0.049549896297503615,0.011040793131445015
StarLightCurves,StarLightCurves,film__raw+stats,film__raw+stats,raw+stats,2025,800,200,8236,1,1024,3,32,294065,6,11.493107041009353,results/fusion_over_raw/checkpoints/StarLightCurves/film__raw_stats__raw_stats__seed_2025.pt,0.968795531811559,0.975,0.955056313496549,0.9573607220666044,0.9546341794216603,0.9615799584221468,0.9688220471870707,0.9748164521986262,0.04127628803022221,0.0027671848641636076
StarLightCurves,StarLightCurves,concat__raw+gaf,concat__raw+gaf,raw+gaf,2025,800,200,8236,1,1024,3,32,317347,13,113.6743230830034,results/fusion_over_raw/checkpoints/StarLightCurves/concat__raw_gaf__raw_gaf__seed_2025.pt,0.968795531811559,0.965,0.9467804078032657,0.938842203548086,0.9559744391141659,0.95146554088056,0.9684327523797023,0.9644825482060042,0.04261654772272783,0.004107444556669226
StarLightCurves,StarLightCurves,gated__raw+gaf,gated__raw+gaf,raw+gaf,2025,800,200,8236,1,1024,3,32,300581,46,234.18818245800503,results/fusion_over_raw/checkpoints/StarLightCurves/gated__raw_gaf__raw_gaf__seed_2025.pt,0.9777804759592035,0.98,0.9573257695940142,0.9601618425147836,0.967030639491235,0.9688034188034188,0.9774155388263921,0.9796987179487179,0.05367274809979694,0.01516364493373834
StarLightCurves,StarLightCurves,raw_centered_residual__raw+gaf,raw_centered_residual__raw+gaf,raw+gaf,2025,800,200,8236,1,1024,3,32,399523,29,171.06794799999625,results/fusion_over_raw/checkpoints/StarLightCurves/raw_centered_residual__raw_gaf__raw_gaf__seed_2025.pt,0.962360369111219,0.965,0.9468928314163471,0.9450150430542587,0.9503362669555501,0.9525822698922206,0.962403437968591,0.9648876536444061,0.03697837556411199,-0.0015307276019466132
StarLightCurves,StarLightCurves,film__raw+gaf,film__raw+gaf,raw+gaf,2025,800,200,8236,1,1024,3,32,366755,22,145.31198241699894,results/fusion_over_raw/checkpoints/StarLightCurves/film__raw_gaf__raw_gaf__seed_2025.pt,0.9672170956775133,0.97,0.9464041551610632,0.9416433239962653,0.9557749364660157,0.9559405338304834,0.9669833990618739,0.9694892752806692,0.042417045074577664,0.003907941908519064
StarLightCurves,StarLightCurves,concat__raw+stft,concat__raw+stft,raw+stft,2025,800,200,8236,1,1024,3,32,317347,24,23.892963749996852,results/fusion_over_raw/checkpoints/StarLightCurves/concat__raw_stft__raw_stft__seed_2025.pt,0.9638173870811073,0.97,0.9254759308762951,0.9320987654320988,0.9483809067152486,0.9546744084488399,0.9627876442727209,0.9690699777689534,0.03502301532381047,-0.003486087842248131
StarLightCurves,StarLightCurves,gated__raw+stft,gated__raw+stft,raw+stft,2025,800,200,8236,1,1024,3,32,300581,37,31.319671249992098,results/fusion_over_raw/checkpoints/StarLightCurves/gated__raw_stft__raw_stft__seed_2025.pt,0.976930548810102,0.97,0.9529889430847841,0.9450150430542587,0.9659312593223642,0.9559288241290401,0.9764342734913266,0.9694126416621693,0.05257336793092615,0.014064264764867551
StarLightCurves,StarLightCurves,raw_centered_residual__raw+stft,raw_centered_residual__raw+stft,raw+stft,2025,800,200,8236,1,1024,3,32,399523,48,37.85799345900887,results/fusion_over_raw/checkpoints/StarLightCurves/raw_centered_residual__raw_stft__raw_stft__seed_2025.pt,0.9763234579893152,0.97,0.9558467955336444,0.9416433239962653,0.966422416324409,0.9559405338304834,0.9760034867425386,0.9694892752806692,0.05306452493297087,0.014555421766912269
StarLightCurves,StarLightCurves,film__raw+stft,film__raw+stft,raw+stft,2025,800,200,8236,1,1024,3,32,366755,34,29.782666209008312,results/fusion_over_raw/checkpoints/StarLightCurves/film__raw_stft__raw_stft__seed_2025.pt,0.9768091306459447,0.975,0.9576067956359068,0.9478161635024381,0.9659526680168266,0.9604046321156402,0.9764914716288287,0.974420307542104,0.05259477662538847,0.014085673459329873
StarLightCurves,StarLightCurves,concat__raw+stats+gaf,concat__raw+stats+gaf,raw+stats+gaf,2025,800,200,8236,1,1024,3,32,370705,27,165.0522495000041,results/fusion_over_raw/checkpoints/StarLightCurves/concat__raw_stats_gaf__raw_stats_gaf__seed_2025.pt,0.9701311316172899,0.98,0.9346572368057946,0.9506172839506174,0.953604239926006,0.9678236914600551,0.9690214459565559,0.9793652892561984,0.04024634853456788,0.001737245368509277
StarLightCurves,StarLightCurves,gated__raw+stats+gaf,gated__raw+stats+gaf,raw+stats+gaf,2025,800,200,8236,1,1024,3,32,354068,6,86.73022629100888,results/fusion_over_raw/checkpoints/StarLightCurves/gated__raw_stats_gaf__raw_stats_gaf__seed_2025.pt,0.9764448761534725,0.975,0.9507369768726895,0.9478161635024381,0.9641173860864994,0.9604046321156402,0.9758695610853396,0.974420307542104,0.05075949469506136,0.012250391529002758
StarLightCurves,StarLightCurves,raw_centered_residual__raw+stats+gaf,raw_centered_residual__raw+stats+gaf,raw+stats+gaf,2025,800,200,8236,1,1024,3,32,452881,20,138.6269870840042,results/fusion_over_raw/checkpoints/StarLightCurves/raw_centered_residual__raw_stats_gaf__raw_stats_gaf__seed_2025.pt,0.9757163671685284,0.98,0.9557076119144581,0.9601618425147836,0.9639910200896997,0.9688034188034188,0.9753608962821319,0.9796987179487179,0.05063312869826164,0.012124025532203042
StarLightCurves,StarLightCurves,film__raw+stats+gaf,film__raw+stats+gaf,raw+stats+gaf,2025,800,200,8236,1,1024,3,32,420113,4,79.69028633300331,results/fusion_over_raw/checkpoints/StarLightCurves/film__raw_stats_gaf__raw_stats_gaf__seed_2025.pt,0.9719524040796503,0.975,0.9484943525521731,0.9478161635024381,0.9579629191696909,0.9604046321156402,0.9714794114307024,0.974420307542104,0.044605027778252815,0.0060959246121942146
StarLightCurves,StarLightCurves,concat__raw+stats+stft,concat__raw+stats+stft,raw+stats+stft,2025,800,200,8236,1,1024,3,32,370705,17,20.334282124997117,results/fusion_over_raw/checkpoints/StarLightCurves/concat__raw_stats_stft__raw_stats_stft__seed_2025.pt,0.9610247693054881,0.975,0.9566098670266729,0.9573607220666044,0.9454550993174732,0.9615799584221468,0.9617130387329805,0.9748164521986262,0.0320972079260351,-0.006411895240023502
StarLightCurves,StarLightCurves,gated__raw+stats+stft,gated__raw+stats+stft,raw+stats+stft,2025,800,200,8236,1,1024,3,32,354068,16,19.788032208001823,results/fusion_over_raw/checkpoints/StarLightCurves/gated__raw_stats_stft__raw_stats_stft__seed_2025.pt,0.9726809130645945,0.975,0.9462089834086425,0.9478161635024381,0.958486697857473,0.9604046321156402,0.9720680485308819,0.974420307542104,0.0451288064660349,0.006619703299976298
StarLightCurves,StarLightCurves,raw_centered_residual__raw+stats+stft,raw_centered_residual__raw+stats+stft,raw+stats+stft,2025,800,200,8236,1,1024,3,32,452881,7,14.585474000006798,results/fusion_over_raw/checkpoints/StarLightCurves/raw_centered_residual__raw_stats_stft__raw_stats_stft__seed_2025.pt,0.9715881495871782,0.975,0.9416037321843866,0.9478161635024381,0.9565044112054318,0.9604046321156402,0.9707993126791318,0.974420307542104,0.043146519813993756,0.004637416647935155
StarLightCurves,StarLightCurves,film__raw+stats+stft,film__raw+stats+stft,raw+stats+stft,2025,800,200,8236,1,1024,3,32,420113,15,19.320426416001283,results/fusion_over_raw/checkpoints/StarLightCurves/film__raw_stats_stft__raw_stats_stft__seed_2025.pt,0.9723166585721223,0.98,0.9455724552340646,0.9506172839506174,0.9578947732840621,0.9678236914600551,0.9716955750086771,0.9793652892561984,0.04453688189262406,0.006027778726565458
StarLightCurves,StarLightCurves,concat__raw+gaf+stft,concat__raw+gaf+stft,raw+gaf+stft,2025,800,200,8236,1,1024,3,32,443395,18,134.95436354199774,results/fusion_over_raw/checkpoints/StarLightCurves/concat__raw_gaf_stft__raw_gaf_stft__seed_2025.pt,0.9669742593491987,0.97,0.9404239172234914,0.9416433239962653,0.9539172247228351,0.9559405338304834,0.9664601644335157,0.9694892752806692,0.04055933333139705,0.0020502301653384514
StarLightCurves,StarLightCurves,gated__raw+gaf+stft,gated__raw+gaf+stft,raw+gaf+stft,2025,800,200,8236,1,1024,3,32,426758,15,123.47277495900926,results/fusion_over_raw/checkpoints/StarLightCurves/gated__raw_gaf_stft__raw_gaf_stft__seed_2025.pt,0.9692812044681884,0.96,0.9515773560321207,0.9360410830999067,0.9566480670363394,0.9442545109211776,0.9690519688999368,0.9595897435897436,0.04329017564490134,0.0047810724788427406
StarLightCurves,StarLightCurves,raw_centered_residual__raw+gaf+stft,raw_centered_residual__raw+gaf+stft,raw+gaf+stft,2025,800,200,8236,1,1024,3,32,525571,41,222.65030374999333,results/fusion_over_raw/checkpoints/StarLightCurves/raw_centered_residual__raw_gaf_stft__raw_gaf_stft__seed_2025.pt,0.9719524040796503,0.97,0.9505333314569019,0.9416433239962653,0.96157468489438,0.9559405338304834,0.9716613444028274,0.9694892752806692,0.048216793502941946,0.009707690336883346
StarLightCurves,StarLightCurves,film__raw+gaf+stft,film__raw+gaf+stft,raw+gaf+stft,2025,800,200,8236,1,1024,3,32,492803,50,257.01471675001085,results/fusion_over_raw/checkpoints/StarLightCurves/film__raw_gaf_stft__raw_gaf_stft__seed_2025.pt,0.9766877124817873,0.98,0.9539886545522925,0.9506172839506174,0.9656036981110007,0.9678236914600551,0.9762360074366199,0.9793652892561984,0.05224580671956258,0.013736703553503982
StarLightCurves,StarLightCurves,concat__raw+stats+gaf+stft,concat__raw+stats+gaf+stft,raw+stats+gaf+stft,2025,800,200,8236,1,1024,3,32,496753,11,109.79561841700342,results/fusion_over_raw/checkpoints/StarLightCurves/concat__raw_stats_gaf_stft__raw_stats_gaf_stft__seed_2025.pt,0.9703739679456047,0.975,0.9484992933945869,0.9478161635024381,0.9560125150649124,0.9604046321156402,0.9699888526769332,0.974420307542104,0.04265462367347428,0.004145520507415679
StarLightCurves,StarLightCurves,gated__raw+stats+gaf+stft,gated__raw+stats+gaf+stft,raw+stats+gaf+stft,2025,800,200,8236,1,1024,3,32,480245,26,167.44402704200184,results/fusion_over_raw/checkpoints/StarLightCurves/gated__raw_stats_gaf_stft__raw_stats_gaf_stft__seed_2025.pt,0.9729237493929092,0.98,0.9455817557740582,0.9506172839506174,0.9586797787982816,0.9678236914600551,0.9722453252531876,0.9793652892561984,0.04532188740684351,0.006812784240784908
StarLightCurves,StarLightCurves,film__raw+stats+gaf+stft,film__raw+stats+gaf+stft,raw+stats+gaf+stft,2025,800,200,8236,1,1024,3,32,546161,15,125.16184979201353,results/fusion_over_raw/checkpoints/StarLightCurves/film__raw_stats_gaf_stft__raw_stats_gaf_stft__seed_2025.pt,0.9741379310344828,0.975,0.9615404659551411,0.9669052806307709,0.9621266292505678,0.9626646208924691,0.9741208246147501,0.975174530111239,0.04876873785912972,0.010259634693071118
StarLightCurves,StarLightCurves,raw_centered_residual__raw+stats+gaf+stft,raw_centered_residual__raw+stats+gaf+stft,raw+stats+gaf+stft,2025,800,200,8236,1,1024,3,32,578929,4,82.78171599999769,results/fusion_over_raw/checkpoints/StarLightCurves/raw_centered_residual__raw_stats_gaf_stft__raw_stats_gaf_stft__seed_2025.pt,0.9748664400194269,0.98,0.954939611700199,0.9601618425147836,0.9624972335637344,0.9688034188034188,0.9745308203973376,0.9796987179487179,0.04913934217229632,0.010630239006237718
StarLightCurves,StarLightCurves,ordinary_bottleneck__raw+stats+gaf+stft,ordinary_bottleneck__raw+stats+gaf+stft,raw+stats+gaf+stft,2025,800,200,8236,1,1024,3,32,680177,18,137.5386069590022,results/fusion_over_raw/checkpoints/StarLightCurves/ordinary_bottleneck__raw_stats_gaf_stft__raw_stats_gaf_stft__seed_2025.pt,0.9728023312287518,0.98,0.9428696678423384,0.9506172839506174,0.9584668977111095,0.9678236914600551,0.9720210088916712,0.9793652892561984,0.04510900631967141,0.006599903153612807
StarLightCurves,StarLightCurves,raw_residual_bottleneck__raw+stats+gaf+stft,raw_residual_bottleneck__raw+stats+gaf+stft,raw+stats+gaf+stft,2025,800,200,8236,1,1024,3,32,762865,25,164.05802149999363,results/fusion_over_raw/checkpoints/StarLightCurves/raw_residual_bottleneck__raw_stats_gaf_stft__raw_stats_gaf_stft__seed_2025.pt,0.9738950947061681,0.98,0.9474749190665944,0.9506172839506174,0.960521466590096,0.9678236914600551,0.9732943659241846,0.9793652892561984,0.04716357519865788,0.00865447203259928
StarLightCurves,StarLightCurves,context_only_residual_bottleneck__raw+stats+gaf+stft,context_only_residual_bottleneck__raw+stats+gaf+stft,raw+stats+gaf+stft,2025,800,200,8236,1,1024,3,32,762737,18,137.1656754170108,results/fusion_over_raw/checkpoints/StarLightCurves/context_only_residual_bottleneck__raw_stats_gaf_stft__raw_stats_gaf_stft__seed_2025.pt,0.9713453132588635,0.975,0.943455801641774,0.9478161635024381,0.9576267492212612,0.9633596000355299,0.9706039773048305,0.9743785374395677,0.04426885782982315,0.005759754663764549
StarLightCurves,StarLightCurves,raw_conditioned_context_bottleneck__raw+stats+gaf+stft,raw_conditioned_context_bottleneck__raw+stats+gaf+stft,raw+stats+gaf+stft,2025,800,200,8236,1,1024,3,32,829041,17,132.99733091599774,results/fusion_over_raw/checkpoints/StarLightCurves/raw_conditioned_context_bottleneck__raw_stats_gaf_stft__raw_stats_gaf_stft__seed_2025.pt,0.9738950947061681,0.98,0.9483376778587581,0.9506172839506174,0.9605349344389532,0.9678236914600551,0.9733180187373905,0.9793652892561984,0.04717704304751513,0.008667939881456532
NonInvasiveFetalECGThorax1,NonInvasiveFetalECGThorax1,raw_only,raw_only,raw,42,1440,360,1965,1,750,42,32,162794,37,33.89474816599977,results/fusion_over_raw/checkpoints/NonInvasiveFetalECGThorax1/raw_only__raw__seed_42.pt,0.7755725190839695,0.7888888888888889,0.7747013819655777,0.7933288933288933,0.7635673336245165,0.7769146905480387,0.765707470034278,0.7809434405177438,0.0,
NonInvasiveFetalECGThorax1,NonInvasiveFetalECGThorax1,raw_larger,raw_larger,raw_larger,42,1440,360,1965,1,750,42,32,425770,64,128.44067175000964,results/fusion_over_raw/checkpoints/NonInvasiveFetalECGThorax1/raw_larger__raw_larger__seed_42.pt,0.8412213740458016,0.8333333333333334,0.8358847366299769,0.8422629619058191,0.8327723513417338,0.8299302438842465,0.8373042375253638,0.8337783778876399,0.06920501771721732,0.0
NonInvasiveFetalECGThorax1,NonInvasiveFetalECGThorax1,stats_only,stats_only,stats,42,1440,360,1965,1,750,42,32,54610,13,4.377022333006607,results/fusion_over_raw/checkpoints/NonInvasiveFetalECGThorax1/stats_only__stats__seed_42.pt,0.8819338422391858,0.8916666666666667,0.8778664265536038,0.8974540670969243,0.8752120291885764,0.8900852403640704,0.8792097259450429,0.8884445585830922,0.11164469556405998,0.04243967784684266
NonInvasiveFetalECGThorax1,NonInvasiveFetalECGThorax1,gaf_only,gaf_only,gaf,42,1440,360,1965,1,750,42,32,131850,71,301.28589358300087,results/fusion_over_raw/checkpoints/NonInvasiveFetalECGThorax1/gaf_only__gaf__seed_42.pt,0.8427480916030534,0.8361111111111111,0.8394382028928707,0.8468928558214273,0.8356743914910505,0.8390255464636269,0.8400393948024808,0.8339078683996123,0.07210705786653404,0.0029020401493167203
NonInvasiveFetalECGThorax1,NonInvasiveFetalECGThorax1,stft_only,stft_only,stft,42,1440,360,1965,1,750,42,32,131850,94,21.305793708990677,results/fusion_over_raw/checkpoints/NonInvasiveFetalECGThorax1/stft_only__stft__seed_42.pt,0.8895674300254452,0.8944444444444445,0.8870710292383612,0.9089983429269143,0.8860437762650335,0.9004380986168575,0.8895597670658093,0.8910529552001936,0.12247644264051705,0.053271424923299726
NonInvasiveFetalECGThorax1,NonInvasiveFetalECGThorax1,minirocket_ridge,minirocket_ridge,raw,42,1440,360,1965,1,750,42,32,419874,,3.3181321660085814,,0.92264631043257,0.9083333333333333,0.9207439762511265,0.9170742617171189,0.9145176634950515,0.9079807061450825,0.9188097336321602,0.9046843787388252,0.15095032987053503,0.0817453121533177
NonInvasiveFetalECGThorax1,NonInvasiveFetalECGThorax1,concat__raw+stats,concat__raw+stats,raw+stats,42,1440,360,1965,1,750,42,32,245138,39,35.882189500000095,results/fusion_over_raw/checkpoints/NonInvasiveFetalECGThorax1/concat__raw_stats__raw_stats__seed_42.pt,0.8666666666666667,0.8861111111111111,0.8615077650360623,0.8986939647653933,0.8581372685978831,0.8925035392993973,0.8643787171889787,0.8851642723822694,0.09456993497336663,0.02536491725614931
NonInvasiveFetalECGThorax1,NonInvasiveFetalECGThorax1,gated__raw+stats,gated__raw+stats,raw+stats,42,1440,360,1965,1,750,42,32,228372,17,21.276575250012684,results/fusion_over_raw/checkpoints/NonInvasiveFetalECGThorax1/gated__raw_stats__raw_stats__seed_42.pt,0.8977099236641222,0.8805555555555555,0.8955279552334361,0.8879932237075093,0.8935502710120916,0.8810797884756381,0.8973084317831512,0.8779259091133819,0.12998293738757516,0.06077791967035784
NonInvasiveFetalECGThorax1,NonInvasiveFetalECGThorax1,raw_centered_residual__raw+stats,raw_centered_residual__raw+stats,raw+stats,42,1440,360,1965,1,750,42,32,327314,100,66.61870274999819,results/fusion_over_raw/checkpoints/NonInvasiveFetalECGThorax1/raw_centered_residual__raw_stats__raw_stats__seed_42.pt,0.8961832061068702,0.9027777777777778,0.8959519415450294,0.9147210593639166,0.8920709459867707,0.9063606731075351,0.8943904762798255,0.9028964993209146,0.12850361236225427,0.05929859464503695
NonInvasiveFetalECGThorax1,NonInvasiveFetalECGThorax1,film__raw+stats,film__raw+stats,raw+stats,42,1440,360,1965,1,750,42,32,294546,42,38.122346290998394,results/fusion_over_raw/checkpoints/NonInvasiveFetalECGThorax1/film__raw_stats__raw_stats__seed_42.pt,0.8854961832061069,0.8916666666666667,0.8825837371548557,0.8999672946101518,0.8769423050733343,0.8907696882785339,0.8815238618969738,0.8871398115701521,0.11337497144881781,0.044169953731600486
NonInvasiveFetalECGThorax1,NonInvasiveFetalECGThorax1,concat__raw+gaf,concat__raw+gaf,raw+gaf,42,1440,360,1965,1,750,42,32,322378,58,300.7739330839977,results/fusion_over_raw/checkpoints/NonInvasiveFetalECGThorax1/concat__raw_gaf__raw_gaf__seed_42.pt,0.843765903307888,0.85,0.8365539743655451,0.8531939621225336,0.8339116974078354,0.8482922458504796,0.8398794965025572,0.850981187555835,0.07034436378331899,0.0011393460661016652
NonInvasiveFetalECGThorax1,NonInvasiveFetalECGThorax1,gated__raw+gaf,gated__raw+gaf,raw+gaf,42,1440,360,1965,1,750,42,32,305612,55,288.46195891700336,results/fusion_over_raw/checkpoints/NonInvasiveFetalECGThorax1/gated__raw_gaf__raw_gaf__seed_42.pt,0.8737913486005089,0.875,0.8711242713901626,0.878798053798054,0.8662957499195842,0.8781005999877988,0.8704918853475905,0.8739268198660444,0.10272841629506779,0.03352339857785047
NonInvasiveFetalECGThorax1,NonInvasiveFetalECGThorax1,raw_centered_residual__raw+gaf,raw_centered_residual__raw+gaf,raw+gaf,42,1440,360,1965,1,750,42,32,404554,59,304.4030163749994,results/fusion_over_raw/checkpoints/NonInvasiveFetalECGThorax1/raw_centered_residual__raw_gaf__raw_gaf__seed_42.pt,0.8478371501272265,0.8555555555555555,0.8442498973888465,0.8698818377389805,0.8366780680773606,0.860079727306618,0.841723286450651,0.8540362406771075,0.0731107344528441,0.0039057167356267852
NonInvasiveFetalECGThorax1,NonInvasiveFetalECGThorax1,film__raw+gaf,film__raw+gaf,raw+gaf,42,1440,360,1965,1,750,42,32,371786,65,328.3209377089952,results/fusion_over_raw/checkpoints/NonInvasiveFetalECGThorax1/film__raw_gaf__raw_gaf__seed_42.pt,0.8488549618320611,0.8555555555555555,0.8454189565616946,0.8672463779606636,0.8422680552029582,0.8574755384085397,0.8466349322928308,0.8484239309860168,0.07870072157844177,0.009495703861224447
NonInvasiveFetalECGThorax1,NonInvasiveFetalECGThorax1,concat__raw+stft,concat__raw+stft,raw+stft,42,1440,360,1965,1,750,42,32,322378,94,78.6876549590088,results/fusion_over_raw/checkpoints/NonInvasiveFetalECGThorax1/concat__raw_stft__raw_stft__seed_42.pt,0.8834605597964377,0.8944444444444445,0.8841471548042803,0.9021592825164253,0.8783780195684321,0.8989141777254481,0.8806569859478466,0.8904007670493906,0.11481068594391564,0.045605668226698315
NonInvasiveFetalECGThorax1,NonInvasiveFetalECGThorax1,gated__raw+stft,gated__raw+stft,raw+stft,42,1440,360,1965,1,750,42,32,305612,55,55.167366958994535,results/fusion_over_raw/checkpoints/NonInvasiveFetalECGThorax1/gated__raw_stft__raw_stft__seed_42.pt,0.8137404580152672,0.8333333333333334,0.814595173190815,0.8439084064084066,0.8044868657054062,0.8265964137260023,0.8064071250397891,0.8223708733312705,0.04091953208088972,-0.0282854856363276
NonInvasiveFetalECGThorax1,NonInvasiveFetalECGThorax1,raw_centered_residual__raw+stft,raw_centered_residual__raw+stft,raw+stft,42,1440,360,1965,1,750,42,32,404554,25,32.15095774999645,results/fusion_over_raw/checkpoints/NonInvasiveFetalECGThorax1/raw_centered_residual__raw_stft__raw_stft__seed_42.pt,0.7659033078880407,0.7944444444444444,0.7685076184743354,0.8067170263598834,0.755283865147334,0.7885986862561131,0.7564967143533738,0.7887268213155875,-0.00828346847718242,-0.07748848619439974
NonInvasiveFetalECGThorax1,NonInvasiveFetalECGThorax1,film__raw+stft,film__raw+stft,raw+stft,42,1440,360,1965,1,750,42,32,371786,13,22.590193291995092,results/fusion_over_raw/checkpoints/NonInvasiveFetalECGThorax1/film__raw_stft__raw_stft__seed_42.pt,0.672264631043257,0.6888888888888889,0.6721601512982259,0.7017985982271696,0.6447274747508187,0.6720852105392421,0.6475955191367965,0.6698494114182914,-0.11883985887369775,-0.18804487659091507
NonInvasiveFetalECGThorax1,NonInvasiveFetalECGThorax1,concat__raw+stats+gaf,concat__raw+stats+gaf,raw+stats+gaf,42,1440,360,1965,1,750,42,32,371186,36,212.21427050000057,results/fusion_over_raw/checkpoints/NonInvasiveFetalECGThorax1/concat__raw_stats_gaf__raw_stats_gaf__seed_42.pt,0.8987277353689568,0.9,0.8949137814155931,0.9088325034753607,0.8937520666715767,0.9011213301416751,0.8979021372690728,0.9002016026963137,0.13018473304706024,0.06097971532984292
NonInvasiveFetalECGThorax1,NonInvasiveFetalECGThorax1,gated__raw+stats+gaf,gated__raw+stats+gaf,raw+stats+gaf,42,1440,360,1965,1,750,42,32,354549,100,414.35302912499174,results/fusion_over_raw/checkpoints/NonInvasiveFetalECGThorax1/gated__raw_stats_gaf__raw_stats_gaf__seed_42.pt,0.9190839694656489,0.9388888888888889,0.919158497926048,0.947068870283156,0.9164179583063278,0.9396622037854273,0.918267596042651,0.9383081033074302,0.15285062468181132,0.083645606964594
NonInvasiveFetalECGThorax1,NonInvasiveFetalECGThorax1,raw_centered_residual__raw+stats+gaf,raw_centered_residual__raw+stats+gaf,raw+stats+gaf,42,1440,360,1965,1,750,42,32,453362,55,292.45221395800763,results/fusion_over_raw/checkpoints/NonInvasiveFetalECGThorax1/raw_centered_residual__raw_stats_gaf__raw_stats_gaf__seed_42.pt,0.8910941475826972,0.9,0.8902609627032421,0.9059696916839773,0.8875519977209918,0.9046126298405013,0.8921724804037049,0.8993070706590918,0.12398466409647535,0.05477964637925803
NonInvasiveFetalECGThorax1,NonInvasiveFetalECGThorax1,film__raw+stats+gaf,film__raw+stats+gaf,raw+stats+gaf,42,1440,360,1965,1,750,42,32,420594,59,307.96604479200323,results/fusion_over_raw/checkpoints/NonInvasiveFetalECGThorax1/film__raw_stats_gaf__raw_stats_gaf__seed_42.pt,0.9068702290076336,0.9,0.9037978133014166,0.9124113320541892,0.9016453316754068,0.904325341963555,0.9051078652824514,0.9025473679943494,0.13807799805089038,0.06887298033367306
NonInvasiveFetalECGThorax1,NonInvasiveFetalECGThorax1,concat__raw+stats+stft,concat__raw+stats+stft,raw+stats+stft,42,1440,360,1965,1,750,42,32,371186,82,79.14125074999174,results/fusion_over_raw/checkpoints/NonInvasiveFetalECGThorax1/concat__raw_stats_stft__raw_stats_stft__seed_42.pt,0.8977099236641222,0.9,0.8967601547036592,0.9074364788650503,0.8941914051135161,0.9023309816026901,0.8986691175651453,0.8984932639568001,0.13062407148899968,0.06141905377178236
NonInvasiveFetalECGThorax1,NonInvasiveFetalECGThorax1,gated__raw+stats+stft,gated__raw+stats+stft,raw+stats+stft,42,1440,360,1965,1,750,42,32,354549,21,29.53009058299358,results/fusion_over_raw/checkpoints/NonInvasiveFetalECGThorax1/gated__raw_stats_stft__raw_stats_stft__seed_42.pt,0.8875318066157761,0.8916666666666667,0.8884792262618694,0.89400024578596,0.8840732928683599,0.8899599409141646,0.8861240319153072,0.8880800285026293,0.12050595924384344,0.05130094152662612
NonInvasiveFetalECGThorax1,NonInvasiveFetalECGThorax1,raw_centered_residual__raw+stats+stft,raw_centered_residual__raw+stats+stft,raw+stats+stft,42,1440,360,1965,1,750,42,32,453362,97,81.90234575000068,results/fusion_over_raw/checkpoints/NonInvasiveFetalECGThorax1/raw_centered_residual__raw_stats_stft__raw_stats_stft__seed_42.pt,0.910941475826972,0.9027777777777778,0.9076416823085685,0.917350308421737,0.9048540114128962,0.9033865897808844,0.908560998756518,0.8989927382129396,0.14128667778837978,0.07208166007116246
NonInvasiveFetalECGThorax1,NonInvasiveFetalECGThorax1,film__raw+stats+stft,film__raw+stats+stft,raw+stats+stft,42,1440,360,1965,1,750,42,32,420594,39,44.449951375005185,results/fusion_over_raw/checkpoints/NonInvasiveFetalECGThorax1/film__raw_stats_stft__raw_stats_stft__seed_42.pt,0.8636132315521629,0.8805555555555555,0.8608914145451658,0.8874374963660678,0.8571442690378545,0.8808792326483612,0.8625716396050319,0.875651257306314,0.093576935413338,0.024371917696120682
NonInvasiveFetalECGThorax1,NonInvasiveFetalECGThorax1,concat__raw+gaf+stft,concat__raw+gaf+stft,raw+gaf+stft,42,1440,360,1965,1,750,42,32,448426,57,308.8168204579997,results/fusion_over_raw/checkpoints/NonInvasiveFetalECGThorax1/concat__raw_gaf_stft__raw_gaf_stft__seed_42.pt,0.8753180661577609,0.8833333333333333,0.8741590386031077,0.8825200593057736,0.8704010317643555,0.8784716256194824,0.8743326500533727,0.879222193546654,0.106833698139839,0.037628680422621685
NonInvasiveFetalECGThorax1,NonInvasiveFetalECGThorax1,gated__raw+gaf+stft,gated__raw+gaf+stft,raw+gaf+stft,42,1440,360,1965,1,750,42,32,431789,32,202.05718608299503,results/fusion_over_raw/checkpoints/NonInvasiveFetalECGThorax1/gated__raw_gaf_stft__raw_gaf_stft__seed_42.pt,0.8519083969465648,0.8555555555555555,0.8494744412736539,0.8648911273911273,0.8475719115100905,0.8571477515242297,0.8518215315967101,0.8561113803838318,0.08400457788557403,0.014799560168356707
NonInvasiveFetalECGThorax1,NonInvasiveFetalECGThorax1,raw_centered_residual__raw+gaf+stft,raw_centered_residual__raw+gaf+stft,raw+gaf+stft,42,1440,360,1965,1,750,42,32,530602,63,334.671210540997,results/fusion_over_raw/checkpoints/NonInvasiveFetalECGThorax1/raw_centered_residual__raw_gaf_stft__raw_gaf_stft__seed_42.pt,0.8743002544529263,0.9083333333333333,0.8691915511829442,0.9112804523518808,0.863708250103547,0.9084647465360276,0.8693238629767109,0.9060185208095424,0.10014091647903056,0.03093589876181324
NonInvasiveFetalECGThorax1,NonInvasiveFetalECGThorax1,film__raw+gaf+stft,film__raw+gaf+stft,raw+gaf+stft,42,1440,360,1965,1,750,42,32,497834,63,334.7950591659901,results/fusion_over_raw/checkpoints/NonInvasiveFetalECGThorax1/film__raw_gaf_stft__raw_gaf_stft__seed_42.pt,0.87735368956743,0.8777777777777778,0.8715327790951306,0.89682017717732,0.8659588688312719,0.8821505431280349,0.8714924513673626,0.873203152096313,0.10239153520675548,0.03318651748953816
NonInvasiveFetalECGThorax1,NonInvasiveFetalECGThorax1,concat__raw+stats+gaf+stft,concat__raw+stats+gaf+stft,raw+stats+gaf+stft,42,1440,360,1965,1,750,42,32,497234,39,233.63879687499139,results/fusion_over_raw/checkpoints/NonInvasiveFetalECGThorax1/concat__raw_stats_gaf_stft__raw_stats_gaf_stft__seed_42.pt,0.8931297709923665,0.8972222222222223,0.8918053252801831,0.9038066430923574,0.8905833432775895,0.8964808085723179,0.8930331380281809,0.8958127617678063,0.12701600965307303,0.057810991935855705
NonInvasiveFetalECGThorax1,NonInvasiveFetalECGThorax1,gated__raw+stats+gaf+stft,gated__raw+stats+gaf+stft,raw+stats+gaf+stft,42,1440,360,1965,1,750,42,32,480726,48,271.78122920800524,results/fusion_over_raw/checkpoints/NonInvasiveFetalECGThorax1/gated__raw_stats_gaf_stft__raw_stats_gaf_stft__seed_42.pt,0.917557251908397,0.9194444444444444,0.9159399213328204,0.9270406841835414,0.9146889138738656,0.9189155102440393,0.9172490901592669,0.9171566979980628,0.15112158024934919,0.08191656253213186
NonInvasiveFetalECGThorax1,NonInvasiveFetalECGThorax1,film__raw+stats+gaf+stft,film__raw+stats+gaf+stft,raw+stats+gaf+stft,42,1440,360,1965,1,750,42,32,546642,65,347.44578804200864,results/fusion_over_raw/checkpoints/NonInvasiveFetalECGThorax1/film__raw_stats_gaf_stft__raw_stats_gaf_stft__seed_42.pt,0.8916030534351145,0.8833333333333333,0.8904365632767876,0.8936420722135009,0.8879421308335322,0.8856427621091201,0.8913098029127628,0.8811620340560081,0.12437479720901579,0.055169779491798465
NonInvasiveFetalECGThorax1,NonInvasiveFetalECGThorax1,raw_centered_residual__raw+stats+gaf+stft,raw_centered_residual__raw+stats+gaf+stft,raw+stats+gaf+stft,42,1440,360,1965,1,750,42,32,579410,60,325.7289045420039,results/fusion_over_raw/checkpoints/NonInvasiveFetalECGThorax1/raw_centered_residual__raw_stats_gaf_stft__raw_stats_gaf_stft__seed_42.pt,0.8997455470737914,0.9,0.8995642229188803,0.9007078899936042,0.8953578639395924,0.900138241275291,0.8994075152294075,0.8993687071019149,0.13179053031507593,0.0625855125978586
NonInvasiveFetalECGThorax1,NonInvasiveFetalECGThorax1,ordinary_bottleneck__raw+stats+gaf+stft,ordinary_bottleneck__raw+stats+gaf+stft,raw+stats+gaf+stft,42,1440,360,1965,1,750,42,32,680658,59,322.46287675001076,results/fusion_over_raw/checkpoints/NonInvasiveFetalECGThorax1/ordinary_bottleneck__raw_stats_gaf_stft__raw_stats_gaf_stft__seed_42.pt,0.9129770992366413,0.9138888888888889,0.9115733700549687,0.9180831734403163,0.9087055946206778,0.9160345493859425,0.9118386962890831,0.9131225987825573,0.14513826099616134,0.07593324327894402
NonInvasiveFetalECGThorax1,NonInvasiveFetalECGThorax1,raw_residual_bottleneck__raw+stats+gaf+stft,raw_residual_bottleneck__raw+stats+gaf+stft,raw+stats+gaf+stft,42,1440,360,1965,1,750,42,32,763346,56,309.9367444590025,results/fusion_over_raw/checkpoints/NonInvasiveFetalECGThorax1/raw_residual_bottleneck__raw_stats_gaf_stft__raw_stats_gaf_stft__seed_42.pt,0.9124681933842239,0.9111111111111111,0.911282643927866,0.9122885051456481,0.9094419449901631,0.9132866474144381,0.912516665030387,0.9118000505474593,0.1458746113656466,0.07666959364842929
NonInvasiveFetalECGThorax1,NonInvasiveFetalECGThorax1,context_only_residual_bottleneck__raw+stats+gaf+stft,context_only_residual_bottleneck__raw+stats+gaf+stft,raw+stats+gaf+stft,42,1440,360,1965,1,750,42,32,763218,58,318.4482642499934,results/fusion_over_raw/checkpoints/NonInvasiveFetalECGThorax1/context_only_residual_bottleneck__raw_stats_gaf_stft__raw_stats_gaf_stft__seed_42.pt,0.9007633587786259,0.9055555555555556,0.9004161219632358,0.9154565672422815,0.8974711152369085,0.9095431908750371,0.9008457198297322,0.9074816671847452,0.13390378161239203,0.0646987638951747
NonInvasiveFetalECGThorax1,NonInvasiveFetalECGThorax1,raw_conditioned_context_bottleneck__raw+stats+gaf+stft,raw_conditioned_context_bottleneck__raw+stats+gaf+stft,raw+stats+gaf+stft,42,1440,360,1965,1,750,42,32,829522,39,235.9386663329933,results/fusion_over_raw/checkpoints/NonInvasiveFetalECGThorax1/raw_conditioned_context_bottleneck__raw_stats_gaf_stft__raw_stats_gaf_stft__seed_42.pt,0.8824427480916031,0.8861111111111111,0.8802455827382335,0.8922033654176512,0.8770051868337903,0.8833534748082467,0.880737658881967,0.8854035770851179,0.1134378532092738,0.04423283549205648
NonInvasiveFetalECGThorax1,NonInvasiveFetalECGThorax1,raw_only,raw_only,raw,3407,1440,360,1965,1,750,42,32,162794,21,23.159103708007024,results/fusion_over_raw/checkpoints/NonInvasiveFetalECGThorax1/raw_only__raw__seed_3407.pt,0.7368956743002545,0.7277777777777777,0.7393044787825521,0.7379078671095478,0.713642389722804,0.7076607938394758,0.7152479737397655,0.7116064047083139,0.0,
NonInvasiveFetalECGThorax1,NonInvasiveFetalECGThorax1,raw_larger,raw_larger,raw_larger,3407,1440,360,1965,1,750,42,32,425770,87,162.3662549169967,results/fusion_over_raw/checkpoints/NonInvasiveFetalECGThorax1/raw_larger__raw_larger__seed_3407.pt,0.8854961832061069,0.8666666666666667,0.8816199022557808,0.878027046094273,0.8803914467671461,0.8734089271159969,0.8841925903907447,0.8677699363190091,0.16674905704434206,0.0
NonInvasiveFetalECGThorax1,NonInvasiveFetalECGThorax1,stats_only,stats_only,stats,3407,1440,360,1965,1,750,42,32,54610,18,5.224011042009806,results/fusion_over_raw/checkpoints/NonInvasiveFetalECGThorax1/stats_only__stats__seed_3407.pt,0.8824427480916031,0.9,0.8780869518851621,0.9114469525183809,0.8783515348387224,0.9031317845533691,0.8824248440917547,0.9010502974073664,0.1647091451159184,-0.0020399119284236766
NonInvasiveFetalECGThorax1,NonInvasiveFetalECGThorax1,gaf_only,gaf_only,gaf,3407,1440,360,1965,1,750,42,32,131850,78,327.27402574999724,results/fusion_over_raw/checkpoints/NonInvasiveFetalECGThorax1/gaf_only__gaf__seed_3407.pt,0.8356234096692112,0.8527777777777777,0.833998095084074,0.862553848268134,0.830411633473954,0.8493203073885256,0.8338095845253514,0.8480498079470535,0.11676924375114994,-0.04997981329319212
NonInvasiveFetalECGThorax1,NonInvasiveFetalECGThorax1,stft_only,stft_only,stft,3407,1440,360,1965,1,750,42,32,131850,61,15.873506292002276,results/fusion_over_raw/checkpoints/NonInvasiveFetalECGThorax1/stft_only__stft__seed_3407.pt,0.8646310432569975,0.8888888888888888,0.8659742257917271,0.89312521823026,0.8602558233873475,0.8917031205117038,0.8626221026731733,0.8888932892521957,0.1466134336645435,-0.020135623379798573
NonInvasiveFetalECGThorax1,NonInvasiveFetalECGThorax1,minirocket_ridge,minirocket_ridge,raw,3407,1440,360,1965,1,750,42,32,419874,,3.3691435000073398,,0.9267175572519084,0.9083333333333333,0.9240969025821812,0.921551600438155,0.92043151743668,0.9105176548280295,0.9243542102343414,0.9051370269479282,0.20678912771387592,0.040040070669533856
NonInvasiveFetalECGThorax1,NonInvasiveFetalECGThorax1,concat__raw+stats,concat__raw+stats,raw+stats,3407,1440,360,1965,1,750,42,32,245138,25,26.66558454200276,results/fusion_over_raw/checkpoints/NonInvasiveFetalECGThorax1/concat__raw_stats__raw_stats__seed_3407.pt,0.8712468193384224,0.8972222222222223,0.8681777816162436,0.9054454610126877,0.8619400502315285,0.8933740016066268,0.8673449176507885,0.8908318854824123,0.1482976605087245,-0.01845139653561756
NonInvasiveFetalECGThorax1,NonInvasiveFetalECGThorax1,gated__raw+stats,gated__raw+stats,raw+stats,3407,1440,360,1965,1,750,42,32,228372,29,29.075371750004706,results/fusion_over_raw/checkpoints/NonInvasiveFetalECGThorax1/gated__raw_stats__raw_stats__seed_3407.pt,0.8946564885496183,0.8972222222222223,0.8926964407270532,0.9042330063338465,0.8894141489316574,0.8985573978695075,0.8928878545780914,0.8963429846797546,0.17577175920885335,0.009022702164511287
NonInvasiveFetalECGThorax1,NonInvasiveFetalECGThorax1,raw_centered_residual__raw+stats,raw_centered_residual__raw+stats,raw+stats,3407,1440,360,1965,1,750,42,32,327314,16,20.96091433300171,results/fusion_over_raw/checkpoints/NonInvasiveFetalECGThorax1/raw_centered_residual__raw_stats__raw_stats__seed_3407.pt,0.7954198473282442,0.8,0.7959684905598957,0.8103884483086163,0.7760246255408765,0.7857300541776436,0.7782719861411681,0.7878110673200973,0.06238223581807245,-0.10436682122626961
NonInvasiveFetalECGThorax1,NonInvasiveFetalECGThorax1,film__raw+stats,film__raw+stats,raw+stats,3407,1440,360,1965,1,750,42,32,294546,52,44.717486791996635,results/fusion_over_raw/checkpoints/NonInvasiveFetalECGThorax1/film__raw_stats__raw_stats__seed_3407.pt,0.8814249363867684,0.9,0.8798370470094019,0.9085121927558903,0.875806144939037,0.9068007191610793,0.8794913050815863,0.9003349125112083,0.16216375521623294,-0.004585301828109123
NonInvasiveFetalECGThorax1,NonInvasiveFetalECGThorax1,concat__raw+gaf,concat__raw+gaf,raw+gaf,3407,1440,360,1965,1,750,42,32,322378,50,269.11051983399375,results/fusion_over_raw/checkpoints/NonInvasiveFetalECGThorax1/concat__raw_gaf__raw_gaf__seed_3407.pt,0.8157760814249364,0.8388888888888889,0.8126754450475375,0.8493668174340444,0.810579187943423,0.8397025581216397,0.8140297209429446,0.8379714559786742,0.09693679822061896,-0.0698122588237231
NonInvasiveFetalECGThorax1,NonInvasiveFetalECGThorax1,gated__raw+gaf,gated__raw+gaf,raw+gaf,3407,1440,360,1965,1,750,42,32,305612,40,227.4179643749958,results/fusion_over_raw/checkpoints/NonInvasiveFetalECGThorax1/gated__raw_gaf__raw_gaf__seed_3407.pt,0.8539440203562341,0.8722222222222222,0.8526882216292241,0.8758239154247557,0.8471848423959043,0.8718395495669226,0.851754590199876,0.8699590661170176,0.13354245267310028,-0.03320660437124179
NonInvasiveFetalECGThorax1,NonInvasiveFetalECGThorax1,raw_centered_residual__raw+gaf,raw_centered_residual__raw+gaf,raw+gaf,3407,1440,360,1965,1,750,42,32,404554,70,351.3475322909944,results/fusion_over_raw/checkpoints/NonInvasiveFetalECGThorax1/raw_centered_residual__raw_gaf__raw_gaf__seed_3407.pt,0.862086513994911,0.8777777777777778,0.8602245817079677,0.8821047999619429,0.8540764759865443,0.879052297809485,0.858276711864209,0.8714669380565924,0.14043408626374032,-0.026314970780601743
NonInvasiveFetalECGThorax1,NonInvasiveFetalECGThorax1,film__raw+gaf,film__raw+gaf,raw+gaf,3407,1440,360,1965,1,750,42,32,371786,26,170.57334791599715,results/fusion_over_raw/checkpoints/NonInvasiveFetalECGThorax1/film__raw_gaf__raw_gaf__seed_3407.pt,0.7821882951653945,0.7861111111111111,0.7796764505471317,0.7865601174424703,0.7750519492427314,0.7784822464931677,0.7785423358758611,0.7802811338749877,0.061409559519927326,-0.10533949752441474
NonInvasiveFetalECGThorax1,NonInvasiveFetalECGThorax1,concat__raw+stft,concat__raw+stft,raw+stft,3407,1440,360,1965,1,750,42,32,322378,49,50.909717750007985,results/fusion_over_raw/checkpoints/NonInvasiveFetalECGThorax1/concat__raw_stft__raw_stft__seed_3407.pt,0.8315521628498728,0.8194444444444444,0.8312225712541306,0.8174893694851678,0.8240654595299138,0.8049506817960725,0.8278595602976287,0.810031355968979,0.11042306980710981,-0.056325987237232256
NonInvasiveFetalECGThorax1,NonInvasiveFetalECGThorax1,gated__raw+stft,gated__raw+stft,raw+stft,3407,1440,360,1965,1,750,42,32,305612,46,48.41479487500328,results/fusion_over_raw/checkpoints/NonInvasiveFetalECGThorax1/gated__raw_stft__raw_stft__seed_3407.pt,0.8875318066157761,0.9194444444444444,0.8866040717643882,0.9289306631743606,0.8822440940928514,0.9202773828328361,0.8844569746127373,0.9201219450062165,0.1686017043700474,0.0018526473257053366
NonInvasiveFetalECGThorax1,NonInvasiveFetalECGThorax1,raw_centered_residual__raw+stft,raw_centered_residual__raw+stft,raw+stft,3407,1440,360,1965,1,750,42,32,404554,51,52.95769554100116,results/fusion_over_raw/checkpoints/NonInvasiveFetalECGThorax1/raw_centered_residual__raw_stft__raw_stft__seed_3407.pt,0.8295165394402035,0.8138888888888889,0.8282361014502112,0.8320208891637462,0.8214539324703027,0.8169256925751743,0.8247742487270182,0.8104377925586758,0.10781154274749871,-0.05893751429684335
NonInvasiveFetalECGThorax1,NonInvasiveFetalECGThorax1,film__raw+stft,film__raw+stft,raw+stft,3407,1440,360,1965,1,750,42,32,371786,44,47.35908491599548,results/fusion_over_raw/checkpoints/NonInvasiveFetalECGThorax1/film__raw_stft__raw_stft__seed_3407.pt,0.8254452926208652,0.7944444444444444,0.8236797750270133,0.80799390463256,0.8157799001154764,0.7960585108048167,0.8209894431909986,0.7862826190307894,0.10213751039267238,-0.06461154665166968
NonInvasiveFetalECGThorax1,NonInvasiveFetalECGThorax1,concat__raw+stats+gaf,concat__raw+stats+gaf,raw+stats+gaf,3407,1440,360,1965,1,750,42,32,371186,50,273.74389962499845,results/fusion_over_raw/checkpoints/NonInvasiveFetalECGThorax1/concat__raw_stats_gaf__raw_stats_gaf__seed_3407.pt,0.8997455470737914,0.9027777777777778,0.8985895088212578,0.9044389472960901,0.896145786337701,0.9019533782159971,0.8991165310017443,0.9006115797125607,0.182503396614897,0.015754339570554943
NonInvasiveFetalECGThorax1,NonInvasiveFetalECGThorax1,gated__raw+stats+gaf,gated__raw+stats+gaf,raw+stats+gaf,3407,1440,360,1965,1,750,42,32,354549,21,152.14686720799364,results/fusion_over_raw/checkpoints/NonInvasiveFetalECGThorax1/gated__raw_stats_gaf__raw_stats_gaf__seed_3407.pt,0.8865139949109415,0.8861111111111111,0.883551645709747,0.8884180439852708,0.8805661175003388,0.8847367002510454,0.885354508963181,0.8841876579824093,0.16692372777753473,0.00017467073319266113
NonInvasiveFetalECGThorax1,NonInvasiveFetalECGThorax1,raw_centered_residual__raw+stats+gaf,raw_centered_residual__raw+stats+gaf,raw+stats+gaf,3407,1440,360,1965,1,750,42,32,453362,37,217.6832343749993,results/fusion_over_raw/checkpoints/NonInvasiveFetalECGThorax1/raw_centered_residual__raw_stats_gaf__raw_stats_gaf__seed_3407.pt,0.8748091603053435,0.8805555555555555,0.8748400050711657,0.8791177076891362,0.8727239721716997,0.8788084450636371,0.8763431886193019,0.879738069946249,0.1590815824488957,-0.007667474595446366
NonInvasiveFetalECGThorax1,NonInvasiveFetalECGThorax1,film__raw+stats+gaf,film__raw+stats+gaf,raw+stats+gaf,3407,1440,360,1965,1,750,42,32,420594,34,205.75461600000563,results/fusion_over_raw/checkpoints/NonInvasiveFetalECGThorax1/film__raw_stats_gaf__raw_stats_gaf__seed_3407.pt,0.87735368956743,0.8694444444444445,0.8757295351609364,0.8722840651412079,0.8719198363746004,0.8652333660028885,0.8754821823565705,0.8635874961678206,0.15827744665179633,-0.008471610392545736
NonInvasiveFetalECGThorax1,NonInvasiveFetalECGThorax1,concat__raw+stats+stft,concat__raw+stats+stft,raw+stats+stft,3407,1440,360,1965,1,750,42,32,371186,96,81.55260312499013,results/fusion_over_raw/checkpoints/NonInvasiveFetalECGThorax1/concat__raw_stats_stft__raw_stats_stft__seed_3407.pt,0.8982188295165394,0.9194444444444444,0.8987841855294478,0.9247770320249309,0.8951531703603548,0.9231153894246873,0.8980250952501598,0.9199345445591491,0.18151078063755077,0.014761723593208709
NonInvasiveFetalECGThorax1,NonInvasiveFetalECGThorax1,gated__raw+stats+stft,gated__raw+stats+stft,raw+stats+stft,3407,1440,360,1965,1,750,42,32,354549,18,27.225537959006033,results/fusion_over_raw/checkpoints/NonInvasiveFetalECGThorax1/gated__raw_stats_stft__raw_stats_stft__seed_3407.pt,0.8743002544529263,0.8777777777777778,0.8752162938154102,0.8776690474169464,0.8655344213160004,0.8727508548043419,0.8681943704367886,0.869284817021605,0.15189203159319642,-0.014857025451145645
NonInvasiveFetalECGThorax1,NonInvasiveFetalECGThorax1,raw_centered_residual__raw+stats+stft,raw_centered_residual__raw+stats+stft,raw+stats+stft,3407,1440,360,1965,1,750,42,32,453362,88,82.2222417909943,results/fusion_over_raw/checkpoints/NonInvasiveFetalECGThorax1/raw_centered_residual__raw_stats_stft__raw_stats_stft__seed_3407.pt,0.8977099236641222,0.9111111111111111,0.8985315812394982,0.9222079740987302,0.895263631443767,0.9174098249881791,0.8964607128443915,0.9104801589267377,0.18162124172096294,0.014872184676620881
NonInvasiveFetalECGThorax1,NonInvasiveFetalECGThorax1,film__raw+stats+stft,film__raw+stats+stft,raw+stats+stft,3407,1440,360,1965,1,750,42,32,420594,39,44.41435312498652,results/fusion_over_raw/checkpoints/NonInvasiveFetalECGThorax1/film__raw_stats_stft__raw_stats_stft__seed_3407.pt,0.8381679389312977,0.8583333333333333,0.8365731918445153,0.868318640587548,0.8285665635066987,0.8644642023976354,0.8326785208472554,0.8571897113274181,0.11492417378389463,-0.05182488326044743
NonInvasiveFetalECGThorax1,NonInvasiveFetalECGThorax1,concat__raw+gaf+stft,concat__raw+gaf+stft,raw+gaf+stft,3407,1440,360,1965,1,750,42,32,448426,81,413.0882832919888,results/fusion_over_raw/checkpoints/NonInvasiveFetalECGThorax1/concat__raw_gaf_stft__raw_gaf_stft__seed_3407.pt,0.8595419847328244,0.8888888888888888,0.8583324401313293,0.8960417888989317,0.853665531908627,0.8886796727795142,0.8575969467834222,0.8886237670851252,0.140023142185823,-0.02672591485851905
NonInvasiveFetalECGThorax1,NonInvasiveFetalECGThorax1,gated__raw+gaf+stft,gated__raw+gaf+stft,raw+gaf+stft,3407,1440,360,1965,1,750,42,32,431789,79,404.0452306669904,results/fusion_over_raw/checkpoints/NonInvasiveFetalECGThorax1/gated__raw_gaf_stft__raw_gaf_stft__seed_3407.pt,0.905852417302799,0.9138888888888889,0.9035115241151092,0.9233867789540056,0.8996385635360098,0.9120656905188609,0.9038536169191307,0.9139021051161947,0.18599617381320577,0.019247116768863703
NonInvasiveFetalECGThorax1,NonInvasiveFetalECGThorax1,raw_centered_residual__raw+gaf+stft,raw_centered_residual__raw+gaf+stft,raw+gaf+stft,3407,1440,360,1965,1,750,42,32,530602,53,293.56895333300054,results/fusion_over_raw/checkpoints/NonInvasiveFetalECGThorax1/raw_centered_residual__raw_gaf_stft__raw_gaf_stft__seed_3407.pt,0.862086513994911,0.8527777777777777,0.8567608484090828,0.8688711226526353,0.8522539042246216,0.8568382468341879,0.857398600360301,0.8463747300740735,0.13861151450181752,-0.02813754254252454
NonInvasiveFetalECGThorax1,NonInvasiveFetalECGThorax1,film__raw+gaf+stft,film__raw+gaf+stft,raw+gaf+stft,3407,1440,360,1965,1,750,42,32,497834,40,237.6548472919967,results/fusion_over_raw/checkpoints/NonInvasiveFetalECGThorax1/film__raw_gaf_stft__raw_gaf_stft__seed_3407.pt,0.8473282442748091,0.8472222222222222,0.8433494803204052,0.8589818522591631,0.8397500364407045,0.8511826066899979,0.8443137828532793,0.8485387149317085,0.12610764671790042,-0.04064141032644164
NonInvasiveFetalECGThorax1,NonInvasiveFetalECGThorax1,concat__raw+stats+gaf+stft,concat__raw+stats+gaf+stft,raw+stats+gaf+stft,3407,1440,360,1965,1,750,42,32,497234,68,359.49586850000196,results/fusion_over_raw/checkpoints/NonInvasiveFetalECGThorax1/concat__raw_stats_gaf_stft__raw_stats_gaf_stft__seed_3407.pt,0.9272264631043257,0.9305555555555556,0.9242304320428325,0.9372967874018294,0.9227152770599506,0.9333524678510382,0.9267555588390971,0.9309718231444555,0.20907288733714657,0.04232383029280451
NonInvasiveFetalECGThorax1,NonInvasiveFetalECGThorax1,gated__raw+stats+gaf+stft,gated__raw+stats+gaf+stft,raw+stats+gaf+stft,3407,1440,360,1965,1,750,42,32,480726,51,285.67921295900305,results/fusion_over_raw/checkpoints/NonInvasiveFetalECGThorax1/gated__raw_stats_gaf_stft__raw_stats_gaf_stft__seed_3407.pt,0.9256997455470738,0.9388888888888889,0.9242818132079533,0.9401793545701106,0.922546181306197,0.9399982200513354,0.9259219037301093,0.939824139367892,0.208903791583393,0.04215473453905094
NonInvasiveFetalECGThorax1,NonInvasiveFetalECGThorax1,film__raw+stats+gaf+stft,film__raw+stats+gaf+stft,raw+stats+gaf+stft,3407,1440,360,1965,1,750,42,32,546642,61,330.36982941698807,results/fusion_over_raw/checkpoints/NonInvasiveFetalECGThorax1/film__raw_stats_gaf_stft__raw_stats_gaf_stft__seed_3407.pt,0.8870229007633588,0.9083333333333333,0.8869969789705849,0.9118746993746993,0.8814376919632252,0.9086699280697222,0.8848727437255889,0.905216862525288,0.16779530224042116,0.0010462451960790986
NonInvasiveFetalECGThorax1,NonInvasiveFetalECGThorax1,raw_centered_residual__raw+stats+gaf+stft,raw_centered_residual__raw+stats+gaf+stft,raw+stats+gaf+stft,3407,1440,360,1965,1,750,42,32,579410,89,436.7069763329928,results/fusion_over_raw/checkpoints/NonInvasiveFetalECGThorax1/raw_centered_residual__raw_stats_gaf_stft__raw_stats_gaf_stft__seed_3407.pt,0.9099236641221374,0.9222222222222223,0.9085120856600083,0.9262671230108204,0.9070550070020451,0.9260795500497858,0.9094461109396749,0.9231388856788961,0.19341261727924108,0.02666356023489902
NonInvasiveFetalECGThorax1,NonInvasiveFetalECGThorax1,ordinary_bottleneck__raw+stats+gaf+stft,ordinary_bottleneck__raw+stats+gaf+stft,raw+stats+gaf+stft,3407,1440,360,1965,1,750,42,32,680658,39,237.3004877909989,results/fusion_over_raw/checkpoints/NonInvasiveFetalECGThorax1/ordinary_bottleneck__raw_stats_gaf_stft__raw_stats_gaf_stft__seed_3407.pt,0.9033078880407125,0.9166666666666666,0.9035811668177318,0.9231536554015546,0.8999855329340791,0.9205637073674084,0.9019595289080944,0.9168910317704114,0.1863431432112751,0.019594086166933034
NonInvasiveFetalECGThorax1,NonInvasiveFetalECGThorax1,raw_residual_bottleneck__raw+stats+gaf+stft,raw_residual_bottleneck__raw+stats+gaf+stft,raw+stats+gaf+stft,3407,1440,360,1965,1,750,42,32,763346,55,306.536252291,results/fusion_over_raw/checkpoints/NonInvasiveFetalECGThorax1/raw_residual_bottleneck__raw_stats_gaf_stft__raw_stats_gaf_stft__seed_3407.pt,0.9038167938931297,0.9138888888888889,0.9004141283906775,0.9153296672204234,0.9001758025203765,0.9150004303033933,0.9039156192817942,0.9143662571423148,0.18653341279757252,0.019784355753230454
NonInvasiveFetalECGThorax1,NonInvasiveFetalECGThorax1,context_only_residual_bottleneck__raw+stats+gaf+stft,context_only_residual_bottleneck__raw+stats+gaf+stft,raw+stats+gaf+stft,3407,1440,360,1965,1,750,42,32,763218,84,432.8358574169979,results/fusion_over_raw/checkpoints/NonInvasiveFetalECGThorax1/context_only_residual_bottleneck__raw_stats_gaf_stft__raw_stats_gaf_stft__seed_3407.pt,0.9068702290076336,0.9055555555555556,0.9051631770192536,0.9072950897530729,0.9017456860417588,0.9060064582772471,0.9053081632220956,0.9067555618696733,0.18810329631895473,0.021354239274612663
NonInvasiveFetalECGThorax1,NonInvasiveFetalECGThorax1,raw_conditioned_context_bottleneck__raw+stats+gaf+stft,raw_conditioned_context_bottleneck__raw+stats+gaf+stft,raw+stats+gaf+stft,3407,1440,360,1965,1,750,42,32,829522,67,359.3345760420052,results/fusion_over_raw/checkpoints/NonInvasiveFetalECGThorax1/raw_conditioned_context_bottleneck__raw_stats_gaf_stft__raw_stats_gaf_stft__seed_3407.pt,0.8977099236641222,0.9166666666666666,0.8946257393889909,0.9212851302137014,0.8933264853094439,0.9190342643238526,0.898068482071034,0.917221388309542,0.1796840955866399,0.012935038542297828
NonInvasiveFetalECGThorax1,NonInvasiveFetalECGThorax1,raw_only,raw_only,raw,2025,1440,360,1965,1,750,42,32,162794,59,46.84234337499947,results/fusion_over_raw/checkpoints/NonInvasiveFetalECGThorax1/raw_only__raw__seed_2025.pt,0.8452926208651399,0.8777777777777778,0.8399059923333843,0.8681065627494198,0.8369534891360079,0.8686166532697159,0.8412035408541207,0.879369548892238,0.0,
NonInvasiveFetalECGThorax1,NonInvasiveFetalECGThorax1,raw_larger,raw_larger,raw_larger,2025,1440,360,1965,1,750,42,32,425770,41,91.19504816600238,results/fusion_over_raw/checkpoints/NonInvasiveFetalECGThorax1/raw_larger__raw_larger__seed_2025.pt,0.7867684478371502,0.8361111111111111,0.7862447263141245,0.8357330500187642,0.7746652085736521,0.8292982947892281,0.7774044375819766,0.8324109489486167,-0.0622882805623558,0.0
NonInvasiveFetalECGThorax1,NonInvasiveFetalECGThorax1,stats_only,stats_only,stats,2025,1440,360,1965,1,750,42,32,54610,12,4.181352416999289,results/fusion_over_raw/checkpoints/NonInvasiveFetalECGThorax1/stats_only__stats__seed_2025.pt,0.8651399491094147,0.8833333333333333,0.8666739552879341,0.876990205561634,0.8590747295385055,0.869751321791749,0.8609682538178912,0.8790031437542879,0.022121240402497633,0.08440952096485344
NonInvasiveFetalECGThorax1,NonInvasiveFetalECGThorax1,gaf_only,gaf_only,gaf,2025,1440,360,1965,1,750,42,32,131850,82,341.797142624986,results/fusion_over_raw/checkpoints/NonInvasiveFetalECGThorax1/gaf_only__gaf__seed_2025.pt,0.8371501272264631,0.8444444444444444,0.837204357709079,0.8509181955610527,0.8345264153999401,0.8381563022442378,0.8375273670144073,0.8404919044948463,-0.002427073736067764,0.05986120682628804
NonInvasiveFetalECGThorax1,NonInvasiveFetalECGThorax1,stft_only,stft_only,stft,2025,1440,360,1965,1,750,42,32,131850,59,15.514036749998922,results/fusion_over_raw/checkpoints/NonInvasiveFetalECGThorax1/stft_only__stft__seed_2025.pt,0.8844783715012723,0.9083333333333333,0.8843529706820544,0.9077458916744632,0.8810524873067971,0.9025821322681118,0.8831079817507873,0.9086905006376113,0.044098998170789216,0.10638727873314502
NonInvasiveFetalECGThorax1,NonInvasiveFetalECGThorax1,minirocket_ridge,minirocket_ridge,raw,2025,1440,360,1965,1,750,42,32,419874,,3.370394875004422,,0.9282442748091603,0.9305555555555556,0.9267395101093294,0.9332962011533441,0.922692022893793,0.9262034138891725,0.9265905788737404,0.9310118318882508,0.08573853375778517,0.14802681432014098
NonInvasiveFetalECGThorax1,NonInvasiveFetalECGThorax1,concat__raw+stats,concat__raw+stats,raw+stats,2025,1440,360,1965,1,750,42,32,245138,17,21.42261658400821,results/fusion_over_raw/checkpoints/NonInvasiveFetalECGThorax1/concat__raw_stats__raw_stats__seed_2025.pt,0.8473282442748091,0.8916666666666667,0.8480499356180289,0.8750495536209822,0.8393307240391417,0.872883136513436,0.8440125677817686,0.8827365905127486,0.002377234903133796,0.0646655154654896
NonInvasiveFetalECGThorax1,NonInvasiveFetalECGThorax1,gated__raw+stats,gated__raw+stats,raw+stats,2025,1440,360,1965,1,750,42,32,228372,32,31.07474108399765,results/fusion_over_raw/checkpoints/NonInvasiveFetalECGThorax1/gated__raw_stats__raw_stats__seed_2025.pt,0.8921119592875318,0.925,0.8880697686511477,0.925438912938913,0.8849481309465139,0.9192249103875997,0.8889481572168417,0.9222463219764336,0.047994641810506056,0.11028292237286186
NonInvasiveFetalECGThorax1,NonInvasiveFetalECGThorax1,raw_centered_residual__raw+stats,raw_centered_residual__raw+stats,raw+stats,2025,1440,360,1965,1,750,42,32,327314,86,66.54902108298847,results/fusion_over_raw/checkpoints/NonInvasiveFetalECGThorax1/raw_centered_residual__raw_stats__raw_stats__seed_2025.pt,0.8936386768447837,0.9194444444444444,0.8923177916157292,0.917456353170639,0.8895576291916664,0.9149403507478198,0.893240826668969,0.9186574118416607,0.0526041400556585,0.1148924206180143
NonInvasiveFetalECGThorax1,NonInvasiveFetalECGThorax1,film__raw+stats,film__raw+stats,raw+stats,2025,1440,360,1965,1,750,42,32,294546,45,40.102329374989495,results/fusion_over_raw/checkpoints/NonInvasiveFetalECGThorax1/film__raw_stats__raw_stats__seed_2025.pt,0.855470737913486,0.8777777777777778,0.8549742267232998,0.8753783253783254,0.8479385797136532,0.8646918862669876,0.8507349009417644,0.8746280821761709,0.010985090577645296,0.0732733711400011
NonInvasiveFetalECGThorax1,NonInvasiveFetalECGThorax1,concat__raw+gaf,concat__raw+gaf,raw+gaf,2025,1440,360,1965,1,750,42,32,322378,67,339.30902345798677,results/fusion_over_raw/checkpoints/NonInvasiveFetalECGThorax1/concat__raw_gaf__raw_gaf__seed_2025.pt,0.8412213740458016,0.8444444444444444,0.8391904887243004,0.8481525088667946,0.830061370393941,0.8309279803050194,0.8340696612654783,0.8361348755543896,-0.006892118742066855,0.05539616182028895
NonInvasiveFetalECGThorax1,NonInvasiveFetalECGThorax1,gated__raw+gaf,gated__raw+gaf,raw+gaf,2025,1440,360,1965,1,750,42,32,305612,66,334.57468779198825,results/fusion_over_raw/checkpoints/NonInvasiveFetalECGThorax1/gated__raw_gaf__raw_gaf__seed_2025.pt,0.8763358778625954,0.875,0.8762488535945064,0.8693197014625588,0.8713539351623958,0.8616473349222742,0.8755907434546196,0.8709042255883651,0.03440044602638792,0.09668872658874372
NonInvasiveFetalECGThorax1,NonInvasiveFetalECGThorax1,raw_centered_residual__raw+gaf,raw_centered_residual__raw+gaf,raw+gaf,2025,1440,360,1965,1,750,42,32,404554,65,331.30250624998007,results/fusion_over_raw/checkpoints/NonInvasiveFetalECGThorax1/raw_centered_residual__raw_gaf__raw_gaf__seed_2025.pt,0.867175572519084,0.8944444444444445,0.8656170818439322,0.8821299732014019,0.8605487814564889,0.8835870782860357,0.8651000326508956,0.8904322882822794,0.023595292320481076,0.08588357288283688
NonInvasiveFetalECGThorax1,NonInvasiveFetalECGThorax1,film__raw+gaf,film__raw+gaf,raw+gaf,2025,1440,360,1965,1,750,42,32,371786,32,195.04982729200856,results/fusion_over_raw/checkpoints/NonInvasiveFetalECGThorax1/film__raw_gaf__raw_gaf__seed_2025.pt,0.7847328244274809,0.8305555555555556,0.7812825345396639,0.8209903192046047,0.7729933499122603,0.8147684958946568,0.7780465530741509,0.8276529679685639,-0.06396013922374755,-0.0016718586613917452
NonInvasiveFetalECGThorax1,NonInvasiveFetalECGThorax1,concat__raw+stft,concat__raw+stft,raw+stft,2025,1440,360,1965,1,750,42,32,322378,53,53.994884875020944,results/fusion_over_raw/checkpoints/NonInvasiveFetalECGThorax1/concat__raw_stft__raw_stft__seed_2025.pt,0.8346055979643766,0.8638888888888889,0.832962078067175,0.8648535987821702,0.830912229583429,0.8568734414471999,0.8350393323336349,0.8624390886609351,-0.006041259552578837,0.056247021009776965
NonInvasiveFetalECGThorax1,NonInvasiveFetalECGThorax1,gated__raw+stft,gated__raw+stft,raw+stft,2025,1440,360,1965,1,750,42,32,305612,19,27.252957916003652,results/fusion_over_raw/checkpoints/NonInvasiveFetalECGThorax1/gated__raw_stft__raw_stft__seed_2025.pt,0.7567430025445293,0.775,0.7566592512869867,0.7635042867185724,0.7440535424249959,0.7470888536142398,0.7469612641989792,0.7585315517374072,-0.09289994671101198,-0.03061166614865618
NonInvasiveFetalECGThorax1,NonInvasiveFetalECGThorax1,raw_centered_residual__raw+stft,raw_centered_residual__raw+stft,raw+stft,2025,1440,360,1965,1,750,42,32,404554,18,26.870747625012882,results/fusion_over_raw/checkpoints/NonInvasiveFetalECGThorax1/raw_centered_residual__raw_stft__raw_stft__seed_2025.pt,0.7577608142493639,0.8027777777777778,0.7579139875318172,0.8129251700680273,0.746086895927433,0.7979873322142359,0.7491847993817373,0.7915253987011778,-0.09086659320857482,-0.028578312646219017
NonInvasiveFetalECGThorax1,NonInvasiveFetalECGThorax1,film__raw+stft,film__raw+stft,raw+stft,2025,1440,360,1965,1,750,42,32,371786,40,44.28437516599661,results/fusion_over_raw/checkpoints/NonInvasiveFetalECGThorax1/film__raw_stft__raw_stft__seed_2025.pt,0.8223918575063613,0.8472222222222222,0.8217539535209509,0.8387698280555423,0.8154797618789639,0.8337816101781163,0.8186652686846652,0.8428731356983421,-0.021473727257043995,0.04081455330531181
NonInvasiveFetalECGThorax1,NonInvasiveFetalECGThorax1,concat__raw+stats+gaf,concat__raw+stats+gaf,raw+stats+gaf,2025,1440,360,1965,1,750,42,32,371186,20,148.78346220901585,results/fusion_over_raw/checkpoints/NonInvasiveFetalECGThorax1/concat__raw_stats_gaf__raw_stats_gaf__seed_2025.pt,0.8498727735368957,0.8722222222222222,0.8493582387061522,0.8653860689574975,0.8378933710996797,0.8606398041092927,0.841497011638124,0.8682283790030668,0.0009398819636717848,0.06322816252602759
NonInvasiveFetalECGThorax1,NonInvasiveFetalECGThorax1,gated__raw+stats+gaf,gated__raw+stats+gaf,raw+stats+gaf,2025,1440,360,1965,1,750,42,32,354549,14,122.94616941700224,results/fusion_over_raw/checkpoints/NonInvasiveFetalECGThorax1/gated__raw_stats_gaf__raw_stats_gaf__seed_2025.pt,0.8860050890585242,0.925,0.8826666257811883,0.9203168524597096,0.876160889522589,0.9101247980859026,0.8799302369228313,0.9169521442289287,0.039207400386581104,0.1014956809489369
NonInvasiveFetalECGThorax1,NonInvasiveFetalECGThorax1,raw_centered_residual__raw+stats+gaf,raw_centered_residual__raw+stats+gaf,raw+stats+gaf,2025,1440,360,1965,1,750,42,32,453362,59,311.0341272910009,results/fusion_over_raw/checkpoints/NonInvasiveFetalECGThorax1/raw_centered_residual__raw_stats_gaf__raw_stats_gaf__seed_2025.pt,0.899236641221374,0.9166666666666666,0.8966743435746287,0.9114398167969597,0.8940126049044388,0.9111201647824535,0.8975334160627708,0.9175629264594806,0.057059115768430924,0.11934739633078673
NonInvasiveFetalECGThorax1,NonInvasiveFetalECGThorax1,film__raw+stats+gaf,film__raw+stats+gaf,raw+stats+gaf,2025,1440,360,1965,1,750,42,32,420594,77,384.6093909580086,results/fusion_over_raw/checkpoints/NonInvasiveFetalECGThorax1/film__raw_stats_gaf__raw_stats_gaf__seed_2025.pt,0.9083969465648855,0.9222222222222223,0.9070365290484029,0.9211907140478569,0.9051804313263366,0.9142566191348771,0.9081080848255234,0.919017321053125,0.06822694219032877,0.13051522275268457
NonInvasiveFetalECGThorax1,NonInvasiveFetalECGThorax1,concat__raw+stats+stft,concat__raw+stats+stft,raw+stats+stft,2025,1440,360,1965,1,750,42,32,371186,31,37.84978358299122,results/fusion_over_raw/checkpoints/NonInvasiveFetalECGThorax1/concat__raw_stats_stft__raw_stats_stft__seed_2025.pt,0.8366412213740458,0.8666666666666667,0.836928597556791,0.8608738483738483,0.8308249796774877,0.855085682027288,0.8361159240799702,0.861596716553788,-0.0061285094585201705,0.05615977110383563
NonInvasiveFetalECGThorax1,NonInvasiveFetalECGThorax1,gated__raw+stats+stft,gated__raw+stats+stft,raw+stats+stft,2025,1440,360,1965,1,750,42,32,354549,67,66.68013895797776,results/fusion_over_raw/checkpoints/NonInvasiveFetalECGThorax1/gated__raw_stats_stft__raw_stats_stft__seed_2025.pt,0.8875318066157761,0.9222222222222223,0.8864617436578384,0.9211414247128534,0.8823488949931683,0.9181362547199935,0.885935281871536,0.9212230455080471,0.0453954058571604,0.1076836864195162
NonInvasiveFetalECGThorax1,NonInvasiveFetalECGThorax1,raw_centered_residual__raw+stats+stft,raw_centered_residual__raw+stats+stft,raw+stats+stft,2025,1440,360,1965,1,750,42,32,453362,71,70.41911275000894,results/fusion_over_raw/checkpoints/NonInvasiveFetalECGThorax1/raw_centered_residual__raw_stats_stft__raw_stats_stft__seed_2025.pt,0.8956743002544529,0.9138888888888889,0.8936130244703614,0.9186642722357008,0.8885616268835328,0.9101676167077498,0.8917192978686419,0.9109885504648858,0.05160813774752493,0.11389641830988073
NonInvasiveFetalECGThorax1,NonInvasiveFetalECGThorax1,film__raw+stats+stft,film__raw+stats+stft,raw+stats+stft,2025,1440,360,1965,1,750,42,32,420594,94,81.82642454202869,results/fusion_over_raw/checkpoints/NonInvasiveFetalECGThorax1/film__raw_stats_stft__raw_stats_stft__seed_2025.pt,0.9068702290076336,0.9277777777777778,0.9068955029815743,0.9225955922384494,0.9036909187665172,0.9208331947400206,0.9076717039917488,0.9248290795191381,0.06673742963050933,0.12902571019286513
NonInvasiveFetalECGThorax1,NonInvasiveFetalECGThorax1,concat__raw+gaf+stft,concat__raw+gaf+stft,raw+gaf+stft,2025,1440,360,1965,1,750,42,32,448426,86,430.07761408397346,results/fusion_over_raw/checkpoints/NonInvasiveFetalECGThorax1/concat__raw_gaf_stft__raw_gaf_stft__seed_2025.pt,0.8676844783715013,0.9,0.8702132952745956,0.8938764938764938,0.8616427704747871,0.8896971009864475,0.8644458767883841,0.8971490457839789,0.024689281338779234,0.08697756190113504
NonInvasiveFetalECGThorax1,NonInvasiveFetalECGThorax1,gated__raw+gaf+stft,gated__raw+gaf+stft,raw+gaf+stft,2025,1440,360,1965,1,750,42,32,431789,85,430.1323195419973,results/fusion_over_raw/checkpoints/NonInvasiveFetalECGThorax1/gated__raw_gaf_stft__raw_gaf_stft__seed_2025.pt,0.9104325699745547,0.9194444444444444,0.9115504619208863,0.9227811209954068,0.9055333267494832,0.9145664311279414,0.9086062222751214,0.9136630909004342,0.0685798376134753,0.1308681181758311
NonInvasiveFetalECGThorax1,NonInvasiveFetalECGThorax1,raw_centered_residual__raw+gaf+stft,raw_centered_residual__raw+gaf+stft,raw+gaf+stft,2025,1440,360,1965,1,750,42,32,530602,43,250.66856295900652,results/fusion_over_raw/checkpoints/NonInvasiveFetalECGThorax1/raw_centered_residual__raw_gaf_stft__raw_gaf_stft__seed_2025.pt,0.8468193384223919,0.8833333333333333,0.8413472341017645,0.8868774083059796,0.8356267653026935,0.879799055554092,0.8413947257015659,0.8796056625131853,-0.001326723833314336,0.060961556729041466
NonInvasiveFetalECGThorax1,NonInvasiveFetalECGThorax1,film__raw+gaf+stft,film__raw+gaf+stft,raw+gaf+stft,2025,1440,360,1965,1,750,42,32,497834,50,280.66784041700885,results/fusion_over_raw/checkpoints/NonInvasiveFetalECGThorax1/film__raw_gaf_stft__raw_gaf_stft__seed_2025.pt,0.8254452926208652,0.8611111111111112,0.8241489512588502,0.8512488833917405,0.8149226043525178,0.8473150967050358,0.8177134047979641,0.8537106383198836,-0.022030884783490023,0.04025739577886578
NonInvasiveFetalECGThorax1,NonInvasiveFetalECGThorax1,concat__raw+stats+gaf+stft,concat__raw+stats+gaf+stft,raw+stats+gaf+stft,2025,1440,360,1965,1,750,42,32,497234,34,213.78521924998495,results/fusion_over_raw/checkpoints/NonInvasiveFetalECGThorax1/concat__raw_stats_gaf_stft__raw_stats_gaf_stft__seed_2025.pt,0.916030534351145,0.9333333333333333,0.9146700458946304,0.9245602281316568,0.9105381961547578,0.9229281129564927,0.9141338420292311,0.9304986370300697,0.07358470701874997,0.13587298758110578
NonInvasiveFetalECGThorax1,NonInvasiveFetalECGThorax1,gated__raw+stats+gaf+stft,gated__raw+stats+gaf+stft,raw+stats+gaf+stft,2025,1440,360,1965,1,750,42,32,480726,30,195.9474591249891,results/fusion_over_raw/checkpoints/NonInvasiveFetalECGThorax1/gated__raw_stats_gaf_stft__raw_stats_gaf_stft__seed_2025.pt,0.9185750636132316,0.9333333333333333,0.9187822855990087,0.9344734630448917,0.9164181847704261,0.9283523010835857,0.9187818748316341,0.9321481422460637,0.07946469563441827,0.14175297619677407
NonInvasiveFetalECGThorax1,NonInvasiveFetalECGThorax1,film__raw+stats+gaf+stft,film__raw+stats+gaf+stft,raw+stats+gaf+stft,2025,1440,360,1965,1,750,42,32,546642,51,286.54480620799586,results/fusion_over_raw/checkpoints/NonInvasiveFetalECGThorax1/film__raw_stats_gaf_stft__raw_stats_gaf_stft__seed_2025.pt,0.9053435114503817,0.9138888888888889,0.9024432593057551,0.9169496508782224,0.9022293439350657,0.9121170186425717,0.9057497151210484,0.9144255536631699,0.06527585479905784,0.12756413536141364
NonInvasiveFetalECGThorax1,NonInvasiveFetalECGThorax1,raw_centered_residual__raw+stats+gaf+stft,raw_centered_residual__raw+stats+gaf+stft,raw+stats+gaf+stft,2025,1440,360,1965,1,750,42,32,579410,45,262.83762979201856,results/fusion_over_raw/checkpoints/NonInvasiveFetalECGThorax1/raw_centered_residual__raw_stats_gaf_stft__raw_stats_gaf_stft__seed_2025.pt,0.8982188295165394,0.9083333333333333,0.8949131330289749,0.9036796536796536,0.8930830202651657,0.899702406378656,0.896610807960486,0.9041381896588295,0.05612953112915786,0.11841781169151366
NonInvasiveFetalECGThorax1,NonInvasiveFetalECGThorax1,ordinary_bottleneck__raw+stats+gaf+stft,ordinary_bottleneck__raw+stats+gaf+stft,raw+stats+gaf+stft,2025,1440,360,1965,1,750,42,32,680658,77,404.1171626249852,results/fusion_over_raw/checkpoints/NonInvasiveFetalECGThorax1/ordinary_bottleneck__raw_stats_gaf_stft__raw_stats_gaf_stft__seed_2025.pt,0.9165394402035624,0.9416666666666667,0.9152920938721998,0.9393309732595447,0.9150065807813574,0.9416567703769885,0.9174561150634865,0.9440983094376048,0.07805309164534957,0.14034137220770537
NonInvasiveFetalECGThorax1,NonInvasiveFetalECGThorax1,raw_residual_bottleneck__raw+stats+gaf+stft,raw_residual_bottleneck__raw+stats+gaf+stft,raw+stats+gaf+stft,2025,1440,360,1965,1,750,42,32,763346,51,290.4639290419873,results/fusion_over_raw/checkpoints/NonInvasiveFetalECGThorax1/raw_residual_bottleneck__raw_stats_gaf_stft__raw_stats_gaf_stft__seed_2025.pt,0.8956743002544529,0.9361111111111111,0.8916261801049846,0.9390277711706283,0.8907885002968282,0.9346818454886419,0.895213340839754,0.9364145166965947,0.053835011160820345,0.11612329172317615
NonInvasiveFetalECGThorax1,NonInvasiveFetalECGThorax1,context_only_residual_bottleneck__raw+stats+gaf+stft,context_only_residual_bottleneck__raw+stats+gaf+stft,raw+stats+gaf+stft,2025,1440,360,1965,1,750,42,32,763218,83,428.6354461250012,results/fusion_over_raw/checkpoints/NonInvasiveFetalECGThorax1/context_only_residual_bottleneck__raw_stats_gaf_stft__raw_stats_gaf_stft__seed_2025.pt,0.9043256997455471,0.9305555555555556,0.9043950003629719,0.9306406556406557,0.9018436214892644,0.9268661844841264,0.9045712254422957,0.9298488772197492,0.06489013235325658,0.12717841291561238
NonInvasiveFetalECGThorax1,NonInvasiveFetalECGThorax1,raw_conditioned_context_bottleneck__raw+stats+gaf+stft,raw_conditioned_context_bottleneck__raw+stats+gaf+stft,raw+stats+gaf+stft,2025,1440,360,1965,1,750,42,32,829522,52,293.64914766701986,results/fusion_over_raw/checkpoints/NonInvasiveFetalECGThorax1/raw_conditioned_context_bottleneck__raw_stats_gaf_stft__raw_stats_gaf_stft__seed_2025.pt,0.8987277353689568,0.9111111111111111,0.8956649696188624,0.9026226419083562,0.8926788312435198,0.9022519538573237,0.8967770720402374,0.9117164805060254,0.0557253421075119,0.1180136226698677
UWaveGestureLibraryAll,UWaveGestureLibraryAll,raw_only,raw_only,raw,42,716,180,3582,1,945,8,32,158408,57,34.15886779199354,results/fusion_over_raw/checkpoints/UWaveGestureLibraryAll/raw_only__raw__seed_42.pt,0.7822445561139029,0.8333333333333334,0.7830826090026624,0.8227800782148609,0.7802493172003193,0.8260307546211545,0.7801882290906553,0.8311930630006585,0.0,
UWaveGestureLibraryAll,UWaveGestureLibraryAll,raw_larger,raw_larger,raw_larger,42,716,180,3582,1,945,8,32,421384,27,47.63484391698148,results/fusion_over_raw/checkpoints/UWaveGestureLibraryAll/raw_larger__raw_larger__seed_42.pt,0.6719709659408152,0.7555555555555555,0.6738849614888229,0.75477340694732,0.6613843052546875,0.7532101710490458,0.660469542613871,0.7552314912928724,-0.11886501194563182,0.0
UWaveGestureLibraryAll,UWaveGestureLibraryAll,stats_only,stats_only,stats,42,716,180,3582,1,945,8,32,52954,18,3.186088166985428,results/fusion_over_raw/checkpoints/UWaveGestureLibraryAll/stats_only__stats__seed_42.pt,0.9514237855946399,0.9611111111111111,0.9514185359481587,0.964141936968024,0.9514082131271753,0.9625511152345255,0.9516434951295464,0.9608965351804574,0.17115889592685596,0.2900239078724878
UWaveGestureLibraryAll,UWaveGestureLibraryAll,gaf_only,gaf_only,gaf,42,716,180,3582,1,945,8,32,127464,64,243.95810424999218,results/fusion_over_raw/checkpoints/UWaveGestureLibraryAll/gaf_only__gaf__seed_42.pt,0.5778894472361809,0.6444444444444445,0.5799563780993734,0.6430296756383713,0.5699652471090464,0.6468207479081931,0.568967848960633,0.6466305860371276,-0.21028407009127292,-0.09141905814564111
UWaveGestureLibraryAll,UWaveGestureLibraryAll,stft_only,stft_only,stft,42,716,180,3582,1,945,8,32,127464,31,7.44627137502539,results/fusion_over_raw/checkpoints/UWaveGestureLibraryAll/stft_only__stft__seed_42.pt,0.7146845337800112,0.7222222222222222,0.7165616678128794,0.7224953991258339,0.7101709836238667,0.7182545032393364,0.7087686773717289,0.7217050518668314,-0.07007833357645266,0.04878667836917916
UWaveGestureLibraryAll,UWaveGestureLibraryAll,minirocket_ridge,minirocket_ridge,raw,42,716,180,3582,1,945,8,32,79976,,5.900953749980545,,0.966499162479062,0.9611111111111111,0.9665484757055735,0.9605475040257649,0.9663050947118412,0.958701530365334,0.9664969522098812,0.9610459586209497,0.1860557775115219,0.30492078945715373
UWaveGestureLibraryAll,UWaveGestureLibraryAll,concat__raw+stats,concat__raw+stats,raw+stats,42,716,180,3582,1,945,8,32,243482,15,13.73968362499727,results/fusion_over_raw/checkpoints/UWaveGestureLibraryAll/concat__raw_stats__raw_stats__seed_42.pt,0.9486320491345617,0.9611111111111111,0.9487367679884733,0.9617264780308259,0.948670282728679,0.9626873903448488,0.9489423286414308,0.960421140886192,0.16842096552835972,0.28728597747399154
UWaveGestureLibraryAll,UWaveGestureLibraryAll,gated__raw+stats,gated__raw+stats,raw+stats,42,716,180,3582,1,945,8,32,226716,9,10.853904624993447,results/fusion_over_raw/checkpoints/UWaveGestureLibraryAll/gated__raw_stats__raw_stats__seed_42.pt,0.9469570072585148,0.9555555555555556,0.9470858933701954,0.9552996319300667,0.9469325501179211,0.9572226110565971,0.947173479654362,0.9553848016555399,0.1666832329176018,0.2855482448632336
UWaveGestureLibraryAll,UWaveGestureLibraryAll,raw_centered_residual__raw+stats,raw_centered_residual__raw+stats,raw+stats,42,716,180,3582,1,945,8,32,325658,19,15.213009291997878,results/fusion_over_raw/checkpoints/UWaveGestureLibraryAll/raw_centered_residual__raw_stats__raw_stats__seed_42.pt,0.9483528754885538,0.9611111111111111,0.9485095915562868,0.9614389233954451,0.9482555213937655,0.9618576848906656,0.9485858528348716,0.9599655473700212,0.16800620419344614,0.28687121613907796
UWaveGestureLibraryAll,UWaveGestureLibraryAll,film__raw+stats,film__raw+stats,raw+stats,42,716,180,3582,1,945,8,32,292890,9,10.954578624980059,results/fusion_over_raw/checkpoints/UWaveGestureLibraryAll/film__raw_stats__raw_stats__seed_42.pt,0.9494695700725851,0.9555555555555556,0.9494954801935928,0.956622383252818,0.949403075947779,0.9556605682182937,0.9496043377523842,0.9548149532821328,0.16915375874745964,0.28801877069309145
UWaveGestureLibraryAll,UWaveGestureLibraryAll,concat__raw+gaf,concat__raw+gaf,raw+gaf,42,716,180,3582,1,945,8,32,317992,61,260.0051043340063,results/fusion_over_raw/checkpoints/UWaveGestureLibraryAll/concat__raw_gaf__raw_gaf__seed_42.pt,0.7526521496370743,0.8111111111111111,0.7539129230686967,0.8055699332873246,0.7495197941956346,0.8064889084639879,0.7493258517123116,0.8120542886803049,-0.030729523004684678,0.08813548894094714
UWaveGestureLibraryAll,UWaveGestureLibraryAll,gated__raw+gaf,gated__raw+gaf,raw+gaf,42,716,180,3582,1,945,8,32,301226,66,269.6299442080199,results/fusion_over_raw/checkpoints/UWaveGestureLibraryAll/gated__raw_gaf__raw_gaf__seed_42.pt,0.7906197654941374,0.8555555555555555,0.7915843062970574,0.8521106510236944,0.7887245739550031,0.853113330413124,0.7887154420113678,0.8544133009411692,0.008475256754683747,0.12734026870031556
UWaveGestureLibraryAll,UWaveGestureLibraryAll,raw_centered_residual__raw+gaf,raw_centered_residual__raw+gaf,raw+gaf,42,716,180,3582,1,945,8,32,400168,50,220.03229033297976,results/fusion_over_raw/checkpoints/UWaveGestureLibraryAll/raw_centered_residual__raw_gaf__raw_gaf__seed_42.pt,0.7752652149637074,0.8111111111111111,0.7753811359392038,0.8083160800552105,0.7732433551833466,0.8074121709260677,0.7733855436883212,0.8107019146969988,-0.007005962016972678,0.11185904992865914
UWaveGestureLibraryAll,UWaveGestureLibraryAll,film__raw+gaf,film__raw+gaf,raw+gaf,42,716,180,3582,1,945,8,32,367400,42,193.2555307909788,results/fusion_over_raw/checkpoints/UWaveGestureLibraryAll/film__raw_gaf__raw_gaf__seed_42.pt,0.7640982691233947,0.8111111111111111,0.7647898094712864,0.8068064182194616,0.7598848964747955,0.8065875369929196,0.7598088271683427,0.8105603803972085,-0.020364420725523802,0.09850059122010801
UWaveGestureLibraryAll,UWaveGestureLibraryAll,concat__raw+stft,concat__raw+stft,raw+stft,42,716,180,3582,1,945,8,32,317992,59,38.06910483300453,results/fusion_over_raw/checkpoints/UWaveGestureLibraryAll/concat__raw_stft__raw_stft__seed_42.pt,0.8696259073143495,0.9,0.8702630876760855,0.8922820335863815,0.868970210389294,0.8933600034242439,0.8685187165772867,0.896488536640978,0.08872089318897469,0.2075859051346065
UWaveGestureLibraryAll,UWaveGestureLibraryAll,gated__raw+stft,gated__raw+stft,raw+stft,42,716,180,3582,1,945,8,32,301226,64,40.07064129202627,results/fusion_over_raw/checkpoints/UWaveGestureLibraryAll/gated__raw_stft__raw_stft__seed_42.pt,0.8707426018983808,0.8944444444444445,0.8714146343895903,0.8914193696802393,0.8703561293156785,0.892113777216849,0.8699227692661353,0.8933615007254615,0.0901068121153592,0.20897182406099102
UWaveGestureLibraryAll,UWaveGestureLibraryAll,raw_centered_residual__raw+stft,raw_centered_residual__raw+stft,raw+stft,42,716,180,3582,1,945,8,32,400168,49,32.8619005419896,results/fusion_over_raw/checkpoints/UWaveGestureLibraryAll/raw_centered_residual__raw_stft__raw_stft__seed_42.pt,0.8082077051926299,0.8611111111111112,0.8093930311523012,0.8520675178283873,0.8051245082346175,0.8566374766832083,0.8048433294082621,0.8589282634709464,0.02487519103429814,0.14374020297992995
UWaveGestureLibraryAll,UWaveGestureLibraryAll,film__raw+stft,film__raw+stft,raw+stft,42,716,180,3582,1,945,8,32,367400,79,47.28044162498554,results/fusion_over_raw/checkpoints/UWaveGestureLibraryAll/film__raw_stft__raw_stft__seed_42.pt,0.8467336683417085,0.8777777777777778,0.8476227084086851,0.8775304807913503,0.8455038973810569,0.8779865442915713,0.8451183260929542,0.87853352359397,0.0652545801807376,0.1841195921263694
UWaveGestureLibraryAll,UWaveGestureLibraryAll,concat__raw+stats+gaf,concat__raw+stats+gaf,raw+stats+gaf,42,716,180,3582,1,945,8,32,369530,20,121.98971554101445,results/fusion_over_raw/checkpoints/UWaveGestureLibraryAll/concat__raw_stats_gaf__raw_stats_gaf__seed_42.pt,0.9522613065326633,0.9611111111111111,0.9522688966948218,0.9607344145387624,0.952315683088206,0.9607812072650785,0.9525700163629477,0.9605109531188153,0.1720663658878867,0.2909313778335185
UWaveGestureLibraryAll,UWaveGestureLibraryAll,gated__raw+stats+gaf,gated__raw+stats+gaf,raw+stats+gaf,42,716,180,3582,1,945,8,32,352893,4,67.54489387501962,results/fusion_over_raw/checkpoints/UWaveGestureLibraryAll/gated__raw_stats_gaf__raw_stats_gaf__seed_42.pt,0.9416527079843663,0.95,0.9418510053944954,0.9506700023004371,0.9418608694582891,0.951126914793519,0.942176469102317,0.9497258887345096,0.16161155225796975,0.28047656420360156
UWaveGestureLibraryAll,UWaveGestureLibraryAll,raw_centered_residual__raw+stats+gaf,raw_centered_residual__raw+stats+gaf,raw+stats+gaf,42,716,180,3582,1,945,8,32,451706,31,156.8761207080097,results/fusion_over_raw/checkpoints/UWaveGestureLibraryAll/raw_centered_residual__raw_stats_gaf__raw_stats_gaf__seed_42.pt,0.9483528754885538,0.9611111111111111,0.9483303557728427,0.9620571658615137,0.9481650029837312,0.9626773282708333,0.9484508539962115,0.9606172948614159,0.16791568578341187,0.2867806977290437
UWaveGestureLibraryAll,UWaveGestureLibraryAll,film__raw+stats+gaf,film__raw+stats+gaf,raw+stats+gaf,42,716,180,3582,1,945,8,32,418938,6,74.57447900000261,results/fusion_over_raw/checkpoints/UWaveGestureLibraryAll/film__raw_stats_gaf__raw_stats_gaf__seed_42.pt,0.9343941931881631,0.95,0.9343694230360682,0.9493472509776858,0.9340121150934394,0.9516573329318128,0.9342375418275061,0.9499396218798505,0.15376279789312008,0.2726278098387519
UWaveGestureLibraryAll,UWaveGestureLibraryAll,concat__raw+stats+stft,concat__raw+stats+stft,raw+stats+stft,42,716,180,3582,1,945,8,32,369530,19,18.36180204100674,results/fusion_over_raw/checkpoints/UWaveGestureLibraryAll/concat__raw_stats_stft__raw_stats_stft__seed_42.pt,0.9511446119486321,0.9611111111111111,0.9511978541073494,0.9607344145387624,0.9510053659255038,0.9620395614839592,0.9512352020268655,0.9606717718322656,0.17075604872518446,0.2896210606708163
UWaveGestureLibraryAll,UWaveGestureLibraryAll,gated__raw+stats+stft,gated__raw+stats+stft,raw+stats+stft,42,716,180,3582,1,945,8,32,352893,25,21.59522245801054,results/fusion_over_raw/checkpoints/UWaveGestureLibraryAll/gated__raw_stats_stft__raw_stats_stft__seed_42.pt,0.9503070910106086,0.9611111111111111,0.9503462595803522,0.9584195997239475,0.9500742990326787,0.9612049189743719,0.9503777913293867,0.9607152286510144,0.1698249818323594,0.2886899937779912
UWaveGestureLibraryAll,UWaveGestureLibraryAll,raw_centered_residual__raw+stats+stft,raw_centered_residual__raw+stats+stft,raw+stats+stft,42,716,180,3582,1,945,8,32,451706,24,21.100823750020936,results/fusion_over_raw/checkpoints/UWaveGestureLibraryAll/raw_centered_residual__raw_stats_stft__raw_stats_stft__seed_42.pt,0.9511446119486321,0.9611111111111111,0.9510093501907789,0.9623447204968943,0.9510415186608274,0.9615872666538393,0.9512220818695577,0.9612406734013446,0.1707922014605081,0.2896572134061399
UWaveGestureLibraryAll,UWaveGestureLibraryAll,film__raw+stats+stft,film__raw+stats+stft,raw+stats+stft,42,716,180,3582,1,945,8,32,418938,18,18.03392841599998,results/fusion_over_raw/checkpoints/UWaveGestureLibraryAll/film__raw_stats_stft__raw_stats_stft__seed_42.pt,0.9494695700725851,0.9611111111111111,0.9494182295411233,0.9615395675178284,0.949282133200515,0.9618761783201326,0.9495188660268956,0.9608080283897616,0.1690328160001957,0.2878978279458275
UWaveGestureLibraryAll,UWaveGestureLibraryAll,concat__raw+gaf+stft,concat__raw+gaf+stft,raw+gaf+stft,42,716,180,3582,1,945,8,32,444040,27,149.4163389169844,results/fusion_over_raw/checkpoints/UWaveGestureLibraryAll/concat__raw_gaf_stft__raw_gaf_stft__seed_42.pt,0.7699609156895589,0.8277777777777777,0.7706443557708038,0.8267339544513457,0.7743067284850318,0.8342455945530096,0.773383046747257,0.8351085876253431,-0.005942588715287522,0.1129224232303443
UWaveGestureLibraryAll,UWaveGestureLibraryAll,gated__raw+gaf+stft,gated__raw+gaf+stft,raw+gaf+stft,42,716,180,3582,1,945,8,32,427403,38,187.6107822500053,results/fusion_over_raw/checkpoints/UWaveGestureLibraryAll/gated__raw_gaf_stft__raw_gaf_stft__seed_42.pt,0.8486878838637633,0.8944444444444445,0.8497527106581253,0.8951000690131126,0.8467882278424599,0.8955170298221228,0.8461887402231041,0.8955699930243637,0.06653891064214057,0.18540392258777239
UWaveGestureLibraryAll,UWaveGestureLibraryAll,raw_centered_residual__raw+gaf+stft,raw_centered_residual__raw+gaf+stft,raw+gaf+stft,42,716,180,3582,1,945,8,32,526216,37,181.65149349998683,results/fusion_over_raw/checkpoints/UWaveGestureLibraryAll/raw_centered_residual__raw_gaf_stft__raw_gaf_stft__seed_42.pt,0.8196538246789503,0.8666666666666667,0.8208365416056258,0.865093742811134,0.8175644263828189,0.8644103794704481,0.8170763840270411,0.8662972245866983,0.037315109182499584,0.1561801211281314
UWaveGestureLibraryAll,UWaveGestureLibraryAll,film__raw+gaf+stft,film__raw+gaf+stft,raw+gaf+stft,42,716,180,3582,1,945,8,32,493448,51,231.25160479199258,results/fusion_over_raw/checkpoints/UWaveGestureLibraryAll/film__raw_gaf_stft__raw_gaf_stft__seed_42.pt,0.8188163037409268,0.8722222222222222,0.8199520342365523,0.8767684610075914,0.816692267466409,0.8740042393562872,0.8160898655241908,0.8731980980107994,0.03644295026608968,0.1553079622117215
UWaveGestureLibraryAll,UWaveGestureLibraryAll,concat__raw+stats+gaf+stft,concat__raw+stats+gaf+stft,raw+stats+gaf+stft,42,716,180,3582,1,945,8,32,495578,30,160.26754070800962,results/fusion_over_raw/checkpoints/UWaveGestureLibraryAll/concat__raw_stats_gaf_stft__raw_stats_gaf_stft__seed_42.pt,0.9556113902847572,0.9722222222222222,0.9556516389673283,0.9739187945709684,0.9555472582221738,0.9729322386686459,0.9557214919816733,0.9721101538428305,0.17529794102185448,0.2941629529674863
UWaveGestureLibraryAll,UWaveGestureLibraryAll,gated__raw+stats+gaf+stft,gated__raw+stats+gaf+stft,raw+stats+gaf+stft,42,716,180,3582,1,945,8,32,479070,23,136.4730091250094,results/fusion_over_raw/checkpoints/UWaveGestureLibraryAll/gated__raw_stats_gaf_stft__raw_stats_gaf_stft__seed_42.pt,0.949748743718593,0.9722222222222222,0.9496847315924207,0.9716039797561536,0.949741500584249,0.9721115103639753,0.949968483807853,0.9720788930648816,0.16949218338392968,0.2883571953295615
UWaveGestureLibraryAll,UWaveGestureLibraryAll,film__raw+stats+gaf+stft,film__raw+stats+gaf+stft,raw+stats+gaf+stft,42,716,180,3582,1,945,8,32,544986,8,84.18395320800482,results/fusion_over_raw/checkpoints/UWaveGestureLibraryAll/film__raw_stats_gaf_stft__raw_stats_gaf_stft__seed_42.pt,0.9338358458961474,0.9555555555555556,0.9339461389408918,0.953789970094318,0.9328664127613425,0.9558133209877606,0.9331115718490196,0.9551475065706054,0.1526170955610232,0.271482107506655
UWaveGestureLibraryAll,UWaveGestureLibraryAll,raw_centered_residual__raw+stats+gaf+stft,raw_centered_residual__raw+stats+gaf+stft,raw+stats+gaf+stft,42,716,180,3582,1,945,8,32,577754,28,151.82396133299335,results/fusion_over_raw/checkpoints/UWaveGestureLibraryAll/raw_centered_residual__raw_stats_gaf_stft__raw_stats_gaf_stft__seed_42.pt,0.9402568397543272,0.9611111111111111,0.9402319744939225,0.9620571658615137,0.9397081531143014,0.9622050430189966,0.939886654135039,0.9605104542313845,0.15945883591398213,0.27832384785961395
UWaveGestureLibraryAll,UWaveGestureLibraryAll,ordinary_bottleneck__raw+stats+gaf+stft,ordinary_bottleneck__raw+stats+gaf+stft,raw+stats+gaf+stft,42,716,180,3582,1,945,8,32,679002,7,81.02346200001193,results/fusion_over_raw/checkpoints/UWaveGestureLibraryAll/ordinary_bottleneck__raw_stats_gaf_stft__raw_stats_gaf_stft__seed_42.pt,0.943606923506421,0.9611111111111111,0.9435349408275473,0.9607344145387624,0.943433728376889,0.9621055344636213,0.9437849305889199,0.9611151507277665,0.16318441117656968,0.2820494231222015
UWaveGestureLibraryAll,UWaveGestureLibraryAll,raw_residual_bottleneck__raw+stats+gaf+stft,raw_residual_bottleneck__raw+stats+gaf+stft,raw+stats+gaf+stft,42,716,180,3582,1,945,8,32,761690,24,140.17968516700785,results/fusion_over_raw/checkpoints/UWaveGestureLibraryAll/raw_residual_bottleneck__raw_stats_gaf_stft__raw_stats_gaf_stft__seed_42.pt,0.9469570072585148,0.9666666666666667,0.947126367180563,0.9668737060041408,0.9467122553282565,0.9675777986633249,0.9469765055874388,0.9662168151861134,0.16646293812793722,0.28532795007356904
UWaveGestureLibraryAll,UWaveGestureLibraryAll,context_only_residual_bottleneck__raw+stats+gaf+stft,context_only_residual_bottleneck__raw+stats+gaf+stft,raw+stats+gaf+stft,42,716,180,3582,1,945,8,32,761562,12,98.74463808402652,results/fusion_over_raw/checkpoints/UWaveGestureLibraryAll/context_only_residual_bottleneck__raw_stats_gaf_stft__raw_stats_gaf_stft__seed_42.pt,0.9427694025683976,0.9611111111111111,0.942584077960184,0.9622440763745111,0.9421677261732883,0.9606513708794735,0.9424037544598355,0.9605559245200902,0.16191840897296894,0.28078342091860076
UWaveGestureLibraryAll,UWaveGestureLibraryAll,raw_conditioned_context_bottleneck__raw+stats+gaf+stft,raw_conditioned_context_bottleneck__raw+stats+gaf+stft,raw+stats+gaf+stft,42,716,180,3582,1,945,8,32,827866,8,83.62317112501478,results/fusion_over_raw/checkpoints/UWaveGestureLibraryAll/raw_conditioned_context_bottleneck__raw_stats_gaf_stft__raw_stats_gaf_stft__seed_42.pt,0.9399776661083193,0.95,0.9398233321769549,0.9524672187715666,0.9396449778365465,0.9507790220431198,0.9397375443086786,0.9496359443257941,0.15939566063622723,0.27826067258185905
UWaveGestureLibraryAll,UWaveGestureLibraryAll,raw_only,raw_only,raw,3407,716,180,3582,1,945,8,32,158408,87,41.42007199997897,results/fusion_over_raw/checkpoints/UWaveGestureLibraryAll/raw_only__raw__seed_3407.pt,0.8029034059184813,0.8111111111111111,0.8034651726132193,0.8168377919436272,0.8007319026623014,0.8133347156219266,0.8007667185384553,0.8068785328463017,0.0,
UWaveGestureLibraryAll,UWaveGestureLibraryAll,raw_larger,raw_larger,raw_larger,3407,716,180,3582,1,945,8,32,421384,26,43.48268033398199,results/fusion_over_raw/checkpoints/UWaveGestureLibraryAll/raw_larger__raw_larger__seed_3407.pt,0.6761585706309324,0.7444444444444445,0.677475570206775,0.749237147821244,0.6671362897734421,0.740182424699922,0.6666190290048915,0.7389899790323969,-0.13359561288885935,0.0
UWaveGestureLibraryAll,UWaveGestureLibraryAll,stats_only,stats_only,stats,3407,716,180,3582,1,945,8,32,52954,8,1.9895328329876065,results/fusion_over_raw/checkpoints/UWaveGestureLibraryAll/stats_only__stats__seed_3407.pt,0.9511446119486321,0.9888888888888889,0.9513055385983464,0.9903703703703703,0.9511407627120596,0.9900884882254788,0.9513612190297508,0.9888909442183581,0.15040886004975818,0.2840044729386175
UWaveGestureLibraryAll,UWaveGestureLibraryAll,gaf_only,gaf_only,gaf,3407,716,180,3582,1,945,8,32,127464,45,179.21401416699518,results/fusion_over_raw/checkpoints/UWaveGestureLibraryAll/gaf_only__gaf__seed_3407.pt,0.5544388609715243,0.5833333333333334,0.5564961055025017,0.5889153060792076,0.5419410659360754,0.5805383019058831,0.5410481873532322,0.5779997004847696,-0.25879083672622605,-0.1251952238373667
UWaveGestureLibraryAll,UWaveGestureLibraryAll,stft_only,stft_only,stft,3407,716,180,3582,1,945,8,32,127464,42,7.004431540990481,results/fusion_over_raw/checkpoints/UWaveGestureLibraryAll/stft_only__stft__seed_3407.pt,0.7696817420435511,0.8111111111111111,0.771651245836534,0.8047195509910041,0.7647320765643473,0.8078083342256929,0.7631814155176982,0.8104520311779725,-0.03599982609795416,0.09759578679090519
UWaveGestureLibraryAll,UWaveGestureLibraryAll,minirocket_ridge,minirocket_ridge,raw,3407,716,180,3582,1,945,8,32,79976,,4.812043124984484,,0.963428252372976,0.9777777777777777,0.9634502449977879,0.9795652173913043,0.9633044803099541,0.9785736734742285,0.9635325180418727,0.9775307631690611,0.16257257764765265,0.296168190536512
UWaveGestureLibraryAll,UWaveGestureLibraryAll,concat__raw+stats,concat__raw+stats,raw+stats,3407,716,180,3582,1,945,8,32,243482,19,14.681801833008649,results/fusion_over_raw/checkpoints/UWaveGestureLibraryAll/concat__raw_stats__raw_stats__seed_3407.pt,0.9584031267448353,0.9888888888888889,0.9583240811787676,0.9903703703703703,0.95819186047962,0.9888516298457634,0.9584035393183583,0.9889184299601297,0.15745995781731859,0.29105557070617794
UWaveGestureLibraryAll,UWaveGestureLibraryAll,gated__raw+stats,gated__raw+stats,raw+stats,3407,716,180,3582,1,945,8,32,226716,51,27.825447583018104,results/fusion_over_raw/checkpoints/UWaveGestureLibraryAll/gated__raw_stats__raw_stats__seed_3407.pt,0.9508654383026243,0.9833333333333333,0.9509228664609337,0.9853703703703703,0.9509200702581821,0.9838536306460834,0.9512078629525373,0.9833650975160408,0.15018816759588072,0.28378378048474007
UWaveGestureLibraryAll,UWaveGestureLibraryAll,raw_centered_residual__raw+stats,raw_centered_residual__raw+stats,raw+stats,3407,716,180,3582,1,945,8,32,325658,13,12.400179457996273,results/fusion_over_raw/checkpoints/UWaveGestureLibraryAll/raw_centered_residual__raw_stats__raw_stats__seed_3407.pt,0.9519821328866555,0.9833333333333333,0.9519863716532397,0.9853703703703703,0.9519527037074385,0.9835347424525082,0.952200034931349,0.9832471839203426,0.15122080104513702,0.28481641393399637
UWaveGestureLibraryAll,UWaveGestureLibraryAll,film__raw+stats,film__raw+stats,raw+stats,3407,716,180,3582,1,945,8,32,292890,53,29.050537500006612,results/fusion_over_raw/checkpoints/UWaveGestureLibraryAll/film__raw_stats__raw_stats__seed_3407.pt,0.9533780011166946,0.9777777777777777,0.9533875792259097,0.9797916666666666,0.953144680704574,0.9797550625666127,0.9534232249717958,0.977658214801072,0.1524127780422726,0.28600839093113195
UWaveGestureLibraryAll,UWaveGestureLibraryAll,concat__raw+gaf,concat__raw+gaf,raw+gaf,3407,716,180,3582,1,945,8,32,317992,55,234.02716925001005,results/fusion_over_raw/checkpoints/UWaveGestureLibraryAll/concat__raw_gaf__raw_gaf__seed_3407.pt,0.7331099944165271,0.7777777777777778,0.7341712129941576,0.7835920757509716,0.7308382408047125,0.7761671586150453,0.7305535926646967,0.7725110308420946,-0.06989366185758894,0.06370195103127041
UWaveGestureLibraryAll,UWaveGestureLibraryAll,gated__raw+gaf,gated__raw+gaf,raw+gaf,3407,716,180,3582,1,945,8,32,301226,45,204.61077970801853,results/fusion_over_raw/checkpoints/UWaveGestureLibraryAll/gated__raw_gaf__raw_gaf__seed_3407.pt,0.7836404243439419,0.7833333333333333,0.7841767789970049,0.7904521947985906,0.7838260334387168,0.7837729147842982,0.7839439199700556,0.7808314954875483,-0.016905869223584613,0.11668974366527474
UWaveGestureLibraryAll,UWaveGestureLibraryAll,raw_centered_residual__raw+gaf,raw_centered_residual__raw+gaf,raw+gaf,3407,716,180,3582,1,945,8,32,400168,60,251.42964179100818,results/fusion_over_raw/checkpoints/UWaveGestureLibraryAll/raw_centered_residual__raw_gaf__raw_gaf__seed_3407.pt,0.7906197654941374,0.8111111111111111,0.7912280067627673,0.8164392412189895,0.787925821644444,0.8137886311589289,0.7879055170297465,0.8114565418849214,-0.012806081017857407,0.12078953187100194
UWaveGestureLibraryAll,UWaveGestureLibraryAll,film__raw+gaf,film__raw+gaf,raw+gaf,3407,716,180,3582,1,945,8,32,367400,66,274.57882962498115,results/fusion_over_raw/checkpoints/UWaveGestureLibraryAll/film__raw_gaf__raw_gaf__seed_3407.pt,0.8001116694584032,0.8333333333333334,0.8000328998583508,0.8413084606140957,0.8000447072840496,0.8363085984922509,0.8002411406441847,0.8332949207402013,-0.0006871953782517926,0.13290841751060756
UWaveGestureLibraryAll,UWaveGestureLibraryAll,concat__raw+stft,concat__raw+stft,raw+stft,3407,716,180,3582,1,945,8,32,317992,64,41.087983791017905,results/fusion_over_raw/checkpoints/UWaveGestureLibraryAll/concat__raw_stft__raw_stft__seed_3407.pt,0.8749302065884981,0.9,0.8757880363393362,0.9040096618357488,0.8743490946881651,0.9018450387105286,0.8738992166742782,0.8987917562776561,0.0736171920258637,0.20721280491472305
UWaveGestureLibraryAll,UWaveGestureLibraryAll,gated__raw+stft,gated__raw+stft,raw+stft,3407,716,180,3582,1,945,8,32,301226,39,27.68221616698429,results/fusion_over_raw/checkpoints/UWaveGestureLibraryAll/gated__raw_stft__raw_stft__seed_3407.pt,0.8470128419877163,0.9055555555555556,0.8482259565698982,0.90198268921095,0.8449622126214824,0.9049259097015044,0.8443556017610737,0.9044623089769576,0.04423030995918098,0.17782592284804033
UWaveGestureLibraryAll,UWaveGestureLibraryAll,raw_centered_residual__raw+stft,raw_centered_residual__raw+stft,raw+stft,3407,716,180,3582,1,945,8,32,400168,48,32.49101016699569,results/fusion_over_raw/checkpoints/UWaveGestureLibraryAll/raw_centered_residual__raw_stft__raw_stft__seed_3407.pt,0.8344500279173646,0.8722222222222222,0.8351660534241265,0.8761294427191166,0.8345177073277534,0.8794366583122023,0.8342366879573299,0.8749538642702219,0.033785804665452,0.16738141755431135
UWaveGestureLibraryAll,UWaveGestureLibraryAll,film__raw+stft,film__raw+stft,raw+stft,3407,716,180,3582,1,945,8,32,367400,61,38.97817262500757,results/fusion_over_raw/checkpoints/UWaveGestureLibraryAll/film__raw_stft__raw_stft__seed_3407.pt,0.8344500279173646,0.8777777777777778,0.8351301276513801,0.8807623792270531,0.8318069218466996,0.8821051409536,0.8314134510307553,0.8779825642386282,0.031075019184398145,0.1646706320732575
UWaveGestureLibraryAll,UWaveGestureLibraryAll,concat__raw+stats+gaf,concat__raw+stats+gaf,raw+stats+gaf,3407,716,180,3582,1,945,8,32,369530,16,108.9958395420108,results/fusion_over_raw/checkpoints/UWaveGestureLibraryAll/concat__raw_stats_gaf__raw_stats_gaf__seed_3407.pt,0.9517029592406476,0.9888888888888889,0.9517170686377001,0.9903703703703703,0.9513550876116565,0.9900884882254788,0.9515438230232256,0.9888909442183581,0.15062318494935512,0.28421879783821447
UWaveGestureLibraryAll,UWaveGestureLibraryAll,gated__raw+stats+gaf,gated__raw+stats+gaf,raw+stats+gaf,3407,716,180,3582,1,945,8,32,352893,12,93.81422787500196,results/fusion_over_raw/checkpoints/UWaveGestureLibraryAll/gated__raw_stats_gaf__raw_stats_gaf__seed_3407.pt,0.9600781686208822,0.9777777777777777,0.9599829039627807,0.9803703703703703,0.9598000761549059,0.9784412156800971,0.9600231447740579,0.9778142660723523,0.1590681734926045,0.29266378638146384
UWaveGestureLibraryAll,UWaveGestureLibraryAll,raw_centered_residual__raw+stats+gaf,raw_centered_residual__raw+stats+gaf,raw+stats+gaf,3407,716,180,3582,1,945,8,32,451706,26,141.02632516701124,results/fusion_over_raw/checkpoints/UWaveGestureLibraryAll/raw_centered_residual__raw_stats_gaf__raw_stats_gaf__seed_3407.pt,0.9539363484087102,0.9888888888888889,0.9540089307033952,0.9903703703703703,0.9539196025154613,0.9900884882254788,0.9542224192668322,0.9888909442183581,0.15318769985315983,0.2867833127420192
UWaveGestureLibraryAll,UWaveGestureLibraryAll,film__raw+stats+gaf,film__raw+stats+gaf,raw+stats+gaf,3407,716,180,3582,1,945,8,32,418938,21,123.69223516600323,results/fusion_over_raw/checkpoints/UWaveGestureLibraryAll/film__raw_stats_gaf__raw_stats_gaf__seed_3407.pt,0.9556113902847572,0.9777777777777777,0.9555805889910831,0.9807407407407407,0.9553599336275833,0.9787448544363437,0.9556134751061648,0.977707379303124,0.15462803096528188,0.28822364385414123
UWaveGestureLibraryAll,UWaveGestureLibraryAll,concat__raw+stats+stft,concat__raw+stats+stft,raw+stats+stft,3407,716,180,3582,1,945,8,32,369530,28,22.60797700000694,results/fusion_over_raw/checkpoints/UWaveGestureLibraryAll/concat__raw_stats_stft__raw_stats_stft__seed_3407.pt,0.9564489112227805,0.9888888888888889,0.9564505203951427,0.9903703703703703,0.9565173274012684,0.9888516298457634,0.9566960624472921,0.9889184299601297,0.15578542473896695,0.2893810376278263
UWaveGestureLibraryAll,UWaveGestureLibraryAll,gated__raw+stats+stft,gated__raw+stats+stft,raw+stats+stft,3407,716,180,3582,1,945,8,32,352893,22,19.437485500006005,results/fusion_over_raw/checkpoints/UWaveGestureLibraryAll/gated__raw_stats_stft__raw_stats_stft__seed_3407.pt,0.9525404801786711,0.9888888888888889,0.9526267566102673,0.9903703703703703,0.9523965541522508,0.9888516298457634,0.9526873874240264,0.9889184299601297,0.15166465148994934,0.2852602643788087
UWaveGestureLibraryAll,UWaveGestureLibraryAll,raw_centered_residual__raw+stats+stft,raw_centered_residual__raw+stats+stft,raw+stats+stft,3407,716,180,3582,1,945,8,32,451706,14,15.591166666010395,results/fusion_over_raw/checkpoints/UWaveGestureLibraryAll/raw_centered_residual__raw_stats_stft__raw_stats_stft__seed_3407.pt,0.9517029592406476,0.9833333333333333,0.9516190720541369,0.9847916666666667,0.9515145105466339,0.9848596256684492,0.9517615326224776,0.9832068231332939,0.1507826078843325,0.28437822077319186
UWaveGestureLibraryAll,UWaveGestureLibraryAll,film__raw+stats+stft,film__raw+stats+stft,raw+stats+stft,3407,716,180,3582,1,945,8,32,418938,40,28.833456499996828,results/fusion_over_raw/checkpoints/UWaveGestureLibraryAll/film__raw_stats_stft__raw_stats_stft__seed_3407.pt,0.9609156895589056,0.9833333333333333,0.9608870867659332,0.9853703703703703,0.960676100908245,0.9850744633847733,0.9608705170349591,0.9833198055064633,0.15994419824594353,0.2935398111348029
UWaveGestureLibraryAll,UWaveGestureLibraryAll,concat__raw+gaf+stft,concat__raw+gaf+stft,raw+gaf+stft,3407,716,180,3582,1,945,8,32,444040,51,228.89373104198603,results/fusion_over_raw/checkpoints/UWaveGestureLibraryAll/concat__raw_gaf_stft__raw_gaf_stft__seed_3407.pt,0.8528754885538805,0.8722222222222222,0.853613325023012,0.8749506124913733,0.8534949409238274,0.8729807828928673,0.8530191726973256,0.8740504720406681,0.05276303826152595,0.1863586511503853
UWaveGestureLibraryAll,UWaveGestureLibraryAll,gated__raw+gaf+stft,gated__raw+gaf+stft,raw+gaf+stft,3407,716,180,3582,1,945,8,32,427403,28,152.28550004097633,results/fusion_over_raw/checkpoints/UWaveGestureLibraryAll/gated__raw_gaf_stft__raw_gaf_stft__seed_3407.pt,0.8023450586264657,0.85,0.802933412790962,0.8520092312605185,0.8013301444227504,0.8507403702236211,0.8007892715940683,0.8498186949285923,0.0005982417604489809,0.13419385464930833
UWaveGestureLibraryAll,UWaveGestureLibraryAll,raw_centered_residual__raw+gaf+stft,raw_centered_residual__raw+gaf+stft,raw+gaf+stft,3407,716,180,3582,1,945,8,32,526216,44,210.69969083397882,results/fusion_over_raw/checkpoints/UWaveGestureLibraryAll/raw_centered_residual__raw_gaf_stft__raw_gaf_stft__seed_3407.pt,0.8154662199888331,0.8611111111111112,0.8164020998057234,0.8640048452956062,0.8132940456771557,0.86384933072307,0.8128530970794219,0.8585352626806873,0.012562143014854255,0.1461577559037136
UWaveGestureLibraryAll,UWaveGestureLibraryAll,film__raw+gaf+stft,film__raw+gaf+stft,raw+gaf+stft,3407,716,180,3582,1,945,8,32,493448,57,249.52172929100925,results/fusion_over_raw/checkpoints/UWaveGestureLibraryAll/film__raw_gaf_stft__raw_gaf_stft__seed_3407.pt,0.8456169737576773,0.8666666666666667,0.8463740312882208,0.8730572808833679,0.8443680132358693,0.8693067139005761,0.8440043734010255,0.8654285812518268,0.043636110573567866,0.17723172346242722
UWaveGestureLibraryAll,UWaveGestureLibraryAll,concat__raw+stats+gaf+stft,concat__raw+stats+gaf+stft,raw+stats+gaf+stft,3407,716,180,3582,1,945,8,32,495578,37,184.15771237498848,results/fusion_over_raw/checkpoints/UWaveGestureLibraryAll/concat__raw_stats_gaf_stft__raw_stats_gaf_stft__seed_3407.pt,0.9578447794528197,0.9833333333333333,0.9577118330116641,0.985,0.9576862084498478,0.984779151022111,0.9579831792897032,0.9833243521995086,0.15695430578754632,0.29054991867640567
UWaveGestureLibraryAll,UWaveGestureLibraryAll,gated__raw+stats+gaf+stft,gated__raw+stats+gaf+stft,raw+stats+gaf+stft,3407,716,180,3582,1,945,8,32,479070,21,130.52885841598618,results/fusion_over_raw/checkpoints/UWaveGestureLibraryAll/gated__raw_stats_gaf_stft__raw_stats_gaf_stft__seed_3407.pt,0.9533780011166946,0.9833333333333333,0.9534350858562172,0.9853703703703703,0.953422481021764,0.9850744633847733,0.9536727306392959,0.9833198055064633,0.15269057835946254,0.2862861912483219
UWaveGestureLibraryAll,UWaveGestureLibraryAll,film__raw+stats+gaf+stft,film__raw+stats+gaf+stft,raw+stats+gaf+stft,3407,716,180,3582,1,945,8,32,544986,13,100.63077204098227,results/fusion_over_raw/checkpoints/UWaveGestureLibraryAll/film__raw_stats_gaf_stft__raw_stats_gaf_stft__seed_3407.pt,0.9475153545505304,0.9777777777777777,0.9476440903567298,0.9795833333333333,0.9475750318604756,0.9797289540658581,0.9478295194355447,0.9777525479398161,0.14684312919817422,0.28043874208703357
UWaveGestureLibraryAll,UWaveGestureLibraryAll,raw_centered_residual__raw+stats+gaf+stft,raw_centered_residual__raw+stats+gaf+stft,raw+stats+gaf+stft,3407,716,180,3582,1,945,8,32,577754,18,118.1155205409741,results/fusion_over_raw/checkpoints/UWaveGestureLibraryAll/raw_centered_residual__raw_stats_gaf_stft__raw_stats_gaf_stft__seed_3407.pt,0.9517029592406476,0.9833333333333333,0.9517428749322548,0.9853703703703703,0.95140547179077,0.985090489025799,0.9516308303786699,0.9833376117742694,0.15067356912846852,0.28426918201732787
UWaveGestureLibraryAll,UWaveGestureLibraryAll,ordinary_bottleneck__raw+stats+gaf+stft,ordinary_bottleneck__raw+stats+gaf+stft,raw+stats+gaf+stft,3407,716,180,3582,1,945,8,32,679002,7,80.22153341700323,results/fusion_over_raw/checkpoints/UWaveGestureLibraryAll/ordinary_bottleneck__raw_stats_gaf_stft__raw_stats_gaf_stft__seed_3407.pt,0.9536571747627024,0.9833333333333333,0.9535848684012811,0.985,0.9532159593947945,0.984779151022111,0.9534672445956482,0.9833243521995086,0.1524840567324931,0.28607966962135245
UWaveGestureLibraryAll,UWaveGestureLibraryAll,raw_residual_bottleneck__raw+stats+gaf+stft,raw_residual_bottleneck__raw+stats+gaf+stft,raw+stats+gaf+stft,3407,716,180,3582,1,945,8,32,761690,5,72.86468545900425,results/fusion_over_raw/checkpoints/UWaveGestureLibraryAll/raw_residual_bottleneck__raw_stats_gaf_stft__raw_stats_gaf_stft__seed_3407.pt,0.9332774986041318,0.9777777777777777,0.9333705905780725,0.9797272544283413,0.9333883329098156,0.978999289725566,0.9336237785587512,0.9777893297834104,0.13265643024751417,0.2662520431363735
UWaveGestureLibraryAll,UWaveGestureLibraryAll,context_only_residual_bottleneck__raw+stats+gaf+stft,context_only_residual_bottleneck__raw+stats+gaf+stft,raw+stats+gaf+stft,3407,716,180,3582,1,945,8,32,761562,22,132.23091874999227,results/fusion_over_raw/checkpoints/UWaveGestureLibraryAll/context_only_residual_bottleneck__raw_stats_gaf_stft__raw_stats_gaf_stft__seed_3407.pt,0.9578447794528197,0.9777777777777777,0.9578535785164719,0.9803703703703703,0.9577251598233762,0.9785409949535087,0.9578860176196564,0.9776985755881207,0.15699325716107482,0.29058887004993417
UWaveGestureLibraryAll,UWaveGestureLibraryAll,raw_conditioned_context_bottleneck__raw+stats+gaf+stft,raw_conditioned_context_bottleneck__raw+stats+gaf+stft,raw+stats+gaf+stft,3407,716,180,3582,1,945,8,32,827866,18,118.27586229197914,results/fusion_over_raw/checkpoints/UWaveGestureLibraryAll/raw_conditioned_context_bottleneck__raw_stats_gaf_stft__raw_stats_gaf_stft__seed_3407.pt,0.9514237855946399,0.9777777777777777,0.9513645407737784,0.9797916666666666,0.9514296186307614,0.9798468492812986,0.951664100170303,0.9777602000396118,0.15069771596845993,0.2842933288573193
UWaveGestureLibraryAll,UWaveGestureLibraryAll,raw_only,raw_only,raw,2025,716,180,3582,1,945,8,32,158408,50,28.1155656670162,results/fusion_over_raw/checkpoints/UWaveGestureLibraryAll/raw_only__raw__seed_2025.pt,0.7624232272473479,0.7777777777777778,0.7628809960080167,0.7852488091618526,0.7592988256941885,0.7698246641943093,0.7591795887250982,0.7653157371041228,0.0,
UWaveGestureLibraryAll,UWaveGestureLibraryAll,raw_larger,raw_larger,raw_larger,2025,716,180,3582,1,945,8,32,421384,91,106.4607553750102,results/fusion_over_raw/checkpoints/UWaveGestureLibraryAll/raw_larger__raw_larger__seed_2025.pt,0.8101619207146845,0.8444444444444444,0.8107270839742371,0.8515829279416236,0.8102798442860902,0.8454928017718715,0.8102772885813757,0.8425820105820107,0.05098101859190174,0.0
UWaveGestureLibraryAll,UWaveGestureLibraryAll,stats_only,stats_only,stats,2025,716,180,3582,1,945,8,32,52954,21,3.1937830410024617,results/fusion_over_raw/checkpoints/UWaveGestureLibraryAll/stats_only__stats__seed_2025.pt,0.9578447794528197,0.9777777777777777,0.9577786667598414,0.9786409242930982,0.9577312355576101,0.9782518697259489,0.9578392852740628,0.9777552613656869,0.1984324098634216,0.14745139127151985
UWaveGestureLibraryAll,UWaveGestureLibraryAll,gaf_only,gaf_only,gaf,2025,716,180,3582,1,945,8,32,127464,65,241.45379954198143,results/fusion_over_raw/checkpoints/UWaveGestureLibraryAll/gaf_only__gaf__seed_2025.pt,0.5742601898380792,0.5777777777777777,0.5760109818620889,0.5794374556602817,0.5660206628287723,0.5696947333153776,0.5653410059720017,0.5688556551319215,-0.19327816286541621,-0.24425918145731795
UWaveGestureLibraryAll,UWaveGestureLibraryAll,stft_only,stft_only,stft,2025,716,180,3582,1,945,8,32,127464,60,9.483574000012595,results/fusion_over_raw/checkpoints/UWaveGestureLibraryAll/stft_only__stft__seed_2025.pt,0.7755443886097152,0.8,0.7765663709916146,0.8084641355021789,0.7740118383913139,0.8036884536775653,0.7733586887484883,0.7975879311680706,0.014713012697125438,-0.0362680058947763
UWaveGestureLibraryAll,UWaveGestureLibraryAll,minirocket_ridge,minirocket_ridge,raw,2025,716,180,3582,1,945,8,32,79976,,4.755643375014188,,0.9659408151870463,0.9777777777777777,0.9659934476134524,0.978713768115942,0.9658294822014646,0.9776092996837678,0.9660290045886076,0.9776742262203255,0.2065306565072761,0.15554963791537435
UWaveGestureLibraryAll,UWaveGestureLibraryAll,concat__raw+stats,concat__raw+stats,raw+stats,2025,716,180,3582,1,945,8,32,243482,8,10.271999291988323,results/fusion_over_raw/checkpoints/UWaveGestureLibraryAll/concat__raw_stats__raw_stats__seed_2025.pt,0.9544946957007259,0.9666666666666667,0.9544870354250332,0.9686838071348941,0.9542465216817355,0.9671201291242038,0.9544768446545959,0.9664805446674624,0.19494769598754702,0.14396667739564528
UWaveGestureLibraryAll,UWaveGestureLibraryAll,gated__raw+stats,gated__raw+stats,raw+stats,2025,716,180,3582,1,945,8,32,226716,5,9.030521167005645,results/fusion_over_raw/checkpoints/UWaveGestureLibraryAll/gated__raw_stats__raw_stats__seed_2025.pt,0.9500279173646008,0.9722222222222222,0.9498566230967025,0.975334448160535,0.9496876915560087,0.9733404164953362,0.949942949926225,0.9716522177976881,0.19038886586182024,0.1394078472699185
UWaveGestureLibraryAll,UWaveGestureLibraryAll,raw_centered_residual__raw+stats,raw_centered_residual__raw+stats,raw+stats,2025,716,180,3582,1,945,8,32,325658,16,14.076792458014097,results/fusion_over_raw/checkpoints/UWaveGestureLibraryAll/raw_centered_residual__raw_stats__raw_stats__seed_2025.pt,0.949748743718593,0.9833333333333333,0.9498804189823693,0.9849498327759197,0.9496164177530384,0.9836102668017561,0.9498713634805653,0.983373034635446,0.1903175920588499,0.13933657346694817
UWaveGestureLibraryAll,UWaveGestureLibraryAll,film__raw+stats,film__raw+stats,raw+stats,2025,716,180,3582,1,945,8,32,292890,32,20.756830500002252,results/fusion_over_raw/checkpoints/UWaveGestureLibraryAll/film__raw_stats__raw_stats__seed_2025.pt,0.9511446119486321,0.9833333333333333,0.9513179230798835,0.9840757069017939,0.9513077884077774,0.9833608637253352,0.9516129025098816,0.9834737788310844,0.19200896271358892,0.14102794412168718
UWaveGestureLibraryAll,UWaveGestureLibraryAll,concat__raw+gaf,concat__raw+gaf,raw+gaf,2025,716,180,3582,1,945,8,32,317992,59,251.33818204098498,results/fusion_over_raw/checkpoints/UWaveGestureLibraryAll/concat__raw_gaf__raw_gaf__seed_2025.pt,0.7269681742043551,0.7444444444444445,0.7276930129019569,0.7531842251950948,0.7240047179409216,0.745928384906161,0.723899493173722,0.7416034029925165,-0.03529410775326691,-0.08627512634516865
UWaveGestureLibraryAll,UWaveGestureLibraryAll,gated__raw+gaf,gated__raw+gaf,raw+gaf,2025,716,180,3582,1,945,8,32,301226,43,196.7309330420103,results/fusion_over_raw/checkpoints/UWaveGestureLibraryAll/gated__raw_gaf__raw_gaf__seed_2025.pt,0.7534896705750977,0.7611111111111111,0.7537039578625593,0.7683138871997568,0.7494094589610648,0.76583661452547,0.7494647234173195,0.761613315256197,-0.009889366733123683,-0.06087038532502542
UWaveGestureLibraryAll,UWaveGestureLibraryAll,raw_centered_residual__raw+gaf,raw_centered_residual__raw+gaf,raw+gaf,2025,716,180,3582,1,945,8,32,400168,69,277.5896468750143,results/fusion_over_raw/checkpoints/UWaveGestureLibraryAll/raw_centered_residual__raw_gaf__raw_gaf__seed_2025.pt,0.7934115019542155,0.8055555555555556,0.7934411491790901,0.8108223750886794,0.7943788272819494,0.8065679129513008,0.7944260267514216,0.8032302237601154,0.03508000158776092,-0.015901017004140816
UWaveGestureLibraryAll,UWaveGestureLibraryAll,film__raw+gaf,film__raw+gaf,raw+gaf,2025,716,180,3582,1,945,8,32,367400,75,297.8518198340025,results/fusion_over_raw/checkpoints/UWaveGestureLibraryAll/film__raw_gaf__raw_gaf__seed_2025.pt,0.7908989391401452,0.8111111111111111,0.7914103113842967,0.8159908026755853,0.7885363419690065,0.8126718989031019,0.788610971135655,0.8101445442610857,0.029237516274817965,-0.021743502317083774
UWaveGestureLibraryAll,UWaveGestureLibraryAll,concat__raw+stft,concat__raw+stft,raw+stft,2025,716,180,3582,1,945,8,32,317992,43,30.603645916999085,results/fusion_over_raw/checkpoints/UWaveGestureLibraryAll/concat__raw_stft__raw_stft__seed_2025.pt,0.8431044109436069,0.8555555555555555,0.8440075956660373,0.8625817117664945,0.843008038485228,0.8571953236080443,0.8423994088055257,0.8529691956459806,0.08370921279103949,0.03272819419913775
UWaveGestureLibraryAll,UWaveGestureLibraryAll,gated__raw+stft,gated__raw+stft,raw+stft,2025,716,180,3582,1,945,8,32,301226,39,28.027602874994045,results/fusion_over_raw/checkpoints/UWaveGestureLibraryAll/gated__raw_stft__raw_stft__seed_2025.pt,0.844500279173646,0.8833333333333333,0.8444892515135801,0.8896954494780582,0.845113363007433,0.8859441275413193,0.8447170874989938,0.8812823117643528,0.08581453731324451,0.03483351872134277
UWaveGestureLibraryAll,UWaveGestureLibraryAll,raw_centered_residual__raw+stft,raw_centered_residual__raw+stft,raw+stft,2025,716,180,3582,1,945,8,32,400168,34,25.477973792003468,results/fusion_over_raw/checkpoints/UWaveGestureLibraryAll/raw_centered_residual__raw_stft__raw_stft__seed_2025.pt,0.7844779452819653,0.8111111111111111,0.7845357891711188,0.8158989561163474,0.7828532171365821,0.811272365727755,0.7824404563231321,0.8081213154522406,0.023554391442393574,-0.027426627149508165
UWaveGestureLibraryAll,UWaveGestureLibraryAll,film__raw+stft,film__raw+stft,raw+stft,2025,716,180,3582,1,945,8,32,367400,87,51.36808312498033,results/fusion_over_raw/checkpoints/UWaveGestureLibraryAll/film__raw_stft__raw_stft__seed_2025.pt,0.8447794528196538,0.8722222222222222,0.8451489132297987,0.8796338172696869,0.8433662592641704,0.8733198243836542,0.8431027121774897,0.8708311756538706,0.08406743356998192,0.03308641497808018
UWaveGestureLibraryAll,UWaveGestureLibraryAll,concat__raw+stats+gaf,concat__raw+stats+gaf,raw+stats+gaf,2025,716,180,3582,1,945,8,32,369530,14,101.55633329201373,results/fusion_over_raw/checkpoints/UWaveGestureLibraryAll/concat__raw_stats_gaf__raw_stats_gaf__seed_2025.pt,0.9503070910106086,0.9722222222222222,0.9503153601988177,0.9747073578595318,0.9500700718885333,0.9735306338866405,0.9502906770288158,0.9719022177976882,0.19077124619434482,0.13979022760244308
UWaveGestureLibraryAll,UWaveGestureLibraryAll,gated__raw+stats+gaf,gated__raw+stats+gaf,raw+stats+gaf,2025,716,180,3582,1,945,8,32,352893,15,105.0735756669892,results/fusion_over_raw/checkpoints/UWaveGestureLibraryAll/gated__raw_stats_gaf__raw_stats_gaf__seed_2025.pt,0.9455611390284757,0.9833333333333333,0.9458131495555437,0.9845491917502788,0.945658523839247,0.9836105275443512,0.9459365845302965,0.983481688971885,0.18635969814505848,0.13537867955315674
UWaveGestureLibraryAll,UWaveGestureLibraryAll,raw_centered_residual__raw+stats+gaf,raw_centered_residual__raw+stats+gaf,raw+stats+gaf,2025,716,180,3582,1,945,8,32,451706,50,221.57342999998946,results/fusion_over_raw/checkpoints/UWaveGestureLibraryAll/raw_centered_residual__raw_stats_gaf__raw_stats_gaf__seed_2025.pt,0.9556113902847572,0.9722222222222222,0.9557429555232904,0.9747073578595318,0.9555242920409323,0.9729764523003459,0.9557365622543462,0.9717721030252228,0.19622546634674376,0.14524444775484202
UWaveGestureLibraryAll,UWaveGestureLibraryAll,film__raw+stats+gaf,film__raw+stats+gaf,raw+stats+gaf,2025,716,180,3582,1,945,8,32,418938,23,133.0098057090072,results/fusion_over_raw/checkpoints/UWaveGestureLibraryAll/film__raw_stats_gaf__raw_stats_gaf__seed_2025.pt,0.948073701842546,0.9777777777777777,0.947979821122789,0.9801421404682273,0.9478488051258195,0.9782635747830415,0.9480574817932671,0.9774597643935623,0.188549979431631,0.13756896083972925
UWaveGestureLibraryAll,UWaveGestureLibraryAll,concat__raw+stats+stft,concat__raw+stats+stft,raw+stats+stft,2025,716,180,3582,1,945,8,32,369530,11,14.40021570798126,results/fusion_over_raw/checkpoints/UWaveGestureLibraryAll/concat__raw_stats_stft__raw_stats_stft__seed_2025.pt,0.9522613065326633,0.9777777777777777,0.9523490916562207,0.9801421404682273,0.9521424236661078,0.9784260234331468,0.9523582096519231,0.97745615442356,0.1928435979719193,0.14186257938001756
UWaveGestureLibraryAll,UWaveGestureLibraryAll,gated__raw+stats+stft,gated__raw+stats+stft,raw+stats+stft,2025,716,180,3582,1,945,8,32,352893,29,23.140884583001025,results/fusion_over_raw/checkpoints/UWaveGestureLibraryAll/gated__raw_stats_stft__raw_stats_stft__seed_2025.pt,0.954215522054718,0.9833333333333333,0.954247211411642,0.9849498327759197,0.9540911354536359,0.9839654164953362,0.9543137409200396,0.9832355511310215,0.1947923097594474,0.14381129116754565
UWaveGestureLibraryAll,UWaveGestureLibraryAll,raw_centered_residual__raw+stats+stft,raw_centered_residual__raw+stats+stft,raw+stats+stft,2025,716,180,3582,1,945,8,32,451706,54,36.837122541997815,results/fusion_over_raw/checkpoints/UWaveGestureLibraryAll/raw_centered_residual__raw_stats_stft__raw_stats_stft__seed_2025.pt,0.9530988274706867,0.9777777777777777,0.9530758931532692,0.9795150501672241,0.9528274642430652,0.9782890879929207,0.9530394230488595,0.9775565387853425,0.1935286385488767,0.14254761995697496
UWaveGestureLibraryAll,UWaveGestureLibraryAll,film__raw+stats+stft,film__raw+stats+stft,raw+stats+stft,2025,716,180,3582,1,945,8,32,418938,45,31.694715833000373,results/fusion_over_raw/checkpoints/UWaveGestureLibraryAll/film__raw_stats_stft__raw_stats_stft__seed_2025.pt,0.9522613065326633,0.9833333333333333,0.9522590061870735,0.9845491917502788,0.9521617451834724,0.9836105275443512,0.9524074052268287,0.983481688971885,0.1928629194892839,0.14188190089738217
UWaveGestureLibraryAll,UWaveGestureLibraryAll,concat__raw+gaf+stft,concat__raw+gaf+stft,raw+gaf+stft,2025,716,180,3582,1,945,8,32,444040,52,234.51940487499814,results/fusion_over_raw/checkpoints/UWaveGestureLibraryAll/concat__raw_gaf_stft__raw_gaf_stft__seed_2025.pt,0.8592964824120602,0.8555555555555555,0.8598846342240032,0.8608746326137631,0.8596904461910293,0.8557795862861061,0.8592521383494239,0.8524992799179526,0.1003916204968408,0.04941060190493907
UWaveGestureLibraryAll,UWaveGestureLibraryAll,gated__raw+gaf+stft,gated__raw+gaf+stft,raw+gaf+stft,2025,716,180,3582,1,945,8,32,427403,62,268.0773003750073,results/fusion_over_raw/checkpoints/UWaveGestureLibraryAll/gated__raw_gaf_stft__raw_gaf_stft__seed_2025.pt,0.8721384701284198,0.8833333333333333,0.8730322232361236,0.8896688456471066,0.8718707265490973,0.8855960476803755,0.8713212080421918,0.8811606940755781,0.11257190085490876,0.06159088226300702
UWaveGestureLibraryAll,UWaveGestureLibraryAll,raw_centered_residual__raw+gaf+stft,raw_centered_residual__raw+gaf+stft,raw+gaf+stft,2025,716,180,3582,1,945,8,32,526216,36,179.96597162500257,results/fusion_over_raw/checkpoints/UWaveGestureLibraryAll/raw_centered_residual__raw_gaf_stft__raw_gaf_stft__seed_2025.pt,0.8126744835287549,0.8388888888888889,0.8131581972894091,0.8395459612850917,0.8129252166352214,0.8406379423243993,0.812502316815391,0.8395005214440386,0.05362639094103294,0.002645372349131203
UWaveGestureLibraryAll,UWaveGestureLibraryAll,film__raw+gaf+stft,film__raw+gaf+stft,raw+gaf+stft,2025,716,180,3582,1,945,8,32,493448,38,182.8015992080036,results/fusion_over_raw/checkpoints/UWaveGestureLibraryAll/film__raw_gaf_stft__raw_gaf_stft__seed_2025.pt,0.8098827470686767,0.8277777777777777,0.8109627670651216,0.835717543326239,0.8087942976257549,0.8321439915208237,0.8085266650139371,0.8274594829167822,0.04949547193156645,-0.0014855466603352907
UWaveGestureLibraryAll,UWaveGestureLibraryAll,concat__raw+stats+gaf+stft,concat__raw+stats+gaf+stft,raw+stats+gaf+stft,2025,716,180,3582,1,945,8,32,495578,26,143.03906750000897,results/fusion_over_raw/checkpoints/UWaveGestureLibraryAll/concat__raw_stats_gaf_stft__raw_stats_gaf_stft__seed_2025.pt,0.9570072585147962,0.9833333333333333,0.9569927953687029,0.9845491917502788,0.956911172501955,0.9836105275443512,0.9571719919019894,0.983481688971885,0.19761234680776651,0.14663132821586478
UWaveGestureLibraryAll,UWaveGestureLibraryAll,gated__raw+stats+gaf+stft,gated__raw+stats+gaf+stft,raw+stats+gaf+stft,2025,716,180,3582,1,945,8,32,479070,21,128.21160599999712,results/fusion_over_raw/checkpoints/UWaveGestureLibraryAll/gated__raw_stats_gaf_stft__raw_stats_gaf_stft__seed_2025.pt,0.9558905639307649,0.9833333333333333,0.9559081048646448,0.9849498327759197,0.955665645048918,0.9833468834688347,0.9559363650424445,0.9832466124661245,0.19636681935472955,0.1453858007628278
UWaveGestureLibraryAll,UWaveGestureLibraryAll,film__raw+stats+gaf+stft,film__raw+stats+gaf+stft,raw+stats+gaf+stft,2025,716,180,3582,1,945,8,32,544986,18,118.04221449999022,results/fusion_over_raw/checkpoints/UWaveGestureLibraryAll/film__raw_stats_gaf_stft__raw_stats_gaf_stft__seed_2025.pt,0.9500279173646008,0.9722222222222222,0.9499138351483047,0.9740802675585285,0.9500550529395346,0.9728285676153615,0.9502884392771879,0.9720443020846077,0.19075622724534613,0.1397752086534444
UWaveGestureLibraryAll,UWaveGestureLibraryAll,raw_centered_residual__raw+stats+gaf+stft,raw_centered_residual__raw+stats+gaf+stft,raw+stats+gaf+stft,2025,716,180,3582,1,945,8,32,577754,35,175.66063662501983,results/fusion_over_raw/checkpoints/UWaveGestureLibraryAll/raw_centered_residual__raw_stats_gaf_stft__raw_stats_gaf_stft__seed_2025.pt,0.9558905639307649,0.9722222222222222,0.9557960313418211,0.9736796265328874,0.9558125693829853,0.9724312982910212,0.9560552622553641,0.9722222222222222,0.19651374368879682,0.14553272509689508
UWaveGestureLibraryAll,UWaveGestureLibraryAll,ordinary_bottleneck__raw+stats+gaf+stft,ordinary_bottleneck__raw+stats+gaf+stft,raw+stats+gaf+stft,2025,716,180,3582,1,945,8,32,679002,30,160.24327141602407,results/fusion_over_raw/checkpoints/UWaveGestureLibraryAll/ordinary_bottleneck__raw_stats_gaf_stft__raw_stats_gaf_stft__seed_2025.pt,0.9528196538246789,0.9833333333333333,0.9528594543431087,0.9849498327759197,0.9526614143651533,0.9835736408384492,0.95295392217147,0.9832415734134666,0.19336258867096479,0.14238157007906305
UWaveGestureLibraryAll,UWaveGestureLibraryAll,raw_residual_bottleneck__raw+stats+gaf+stft,raw_residual_bottleneck__raw+stats+gaf+stft,raw+stats+gaf+stft,2025,716,180,3582,1,945,8,32,761690,17,117.42411070800154,results/fusion_over_raw/checkpoints/UWaveGestureLibraryAll/raw_residual_bottleneck__raw_stats_gaf_stft__raw_stats_gaf_stft__seed_2025.pt,0.9564489112227805,0.9722222222222222,0.9564422242748494,0.9743067168338908,0.9562431476859037,0.9731449518879118,0.9565011783798114,0.9721299501962831,0.1969443219917152,0.14596330339981345
UWaveGestureLibraryAll,UWaveGestureLibraryAll,context_only_residual_bottleneck__raw+stats+gaf+stft,context_only_residual_bottleneck__raw+stats+gaf+stft,raw+stats+gaf+stft,2025,716,180,3582,1,945,8,32,761562,35,178.35897675002343,results/fusion_over_raw/checkpoints/UWaveGestureLibraryAll/context_only_residual_bottleneck__raw_stats_gaf_stft__raw_stats_gaf_stft__seed_2025.pt,0.9620323841429369,0.9722222222222222,0.9619006963157639,0.9743067168338908,0.9618302276248059,0.9727557458681921,0.9620250863280657,0.9721385992189435,0.20253140193061736,0.15155038333871562
UWaveGestureLibraryAll,UWaveGestureLibraryAll,raw_conditioned_context_bottleneck__raw+stats+gaf+stft,raw_conditioned_context_bottleneck__raw+stats+gaf+stft,raw+stats+gaf+stft,2025,716,180,3582,1,945,8,32,827866,29,158.24957479099976,results/fusion_over_raw/checkpoints/UWaveGestureLibraryAll/raw_conditioned_context_bottleneck__raw_stats_gaf_stft__raw_stats_gaf_stft__seed_2025.pt,0.9514237855946399,0.9777777777777777,0.9515060100725408,0.9788879598662208,0.9512138572481823,0.9784225969719447,0.9513759861433871,0.9774863553286695,0.1919150315539938,0.14093401296209207
