dataset_name,method,family,modality_combo,latent,modality,attention_mean,attention_std,note
ECG5000,raw_residual_bottleneck__raw_STFT,raw_residual_bottleneck,raw_STFT,Z1,raw,0.153813898563385,0.3603534996509552,Attention is a diagnostic view of latent-token interactions with modality tokens; it is not absolute causal importance.
ECG5000,raw_residual_bottleneck__raw_STFT,raw_residual_bottleneck,raw_STFT,Z1,stft,0.8461862206459045,0.3603534996509552,Attention is a diagnostic view of latent-token interactions with modality tokens; it is not absolute causal importance.
ECG5000,raw_residual_bottleneck__raw_STFT,raw_residual_bottleneck,raw_STFT,Z2,raw,0.15381936728954315,0.3604556918144226,Attention is a diagnostic view of latent-token interactions with modality tokens; it is not absolute causal importance.
ECG5000,raw_residual_bottleneck__raw_STFT,raw_residual_bottleneck,raw_STFT,Z2,stft,0.8461806178092957,0.3604556918144226,Attention is a diagnostic view of latent-token interactions with modality tokens; it is not absolute causal importance.
ECG5000,raw_residual_bottleneck__raw_STFT,raw_residual_bottleneck,raw_STFT,Z3,raw,0.15361034870147705,0.36028289794921875,Attention is a diagnostic view of latent-token interactions with modality tokens; it is not absolute causal importance.
ECG5000,raw_residual_bottleneck__raw_STFT,raw_residual_bottleneck,raw_STFT,Z3,stft,0.8463897109031677,0.36028289794921875,Attention is a diagnostic view of latent-token interactions with modality tokens; it is not absolute causal importance.
ECG5000,raw_residual_bottleneck__raw_STFT,raw_residual_bottleneck,raw_STFT,Z4,raw,0.15364386141300201,0.36025357246398926,Attention is a diagnostic view of latent-token interactions with modality tokens; it is not absolute causal importance.
ECG5000,raw_residual_bottleneck__raw_STFT,raw_residual_bottleneck,raw_STFT,Z4,stft,0.8463560938835144,0.36025357246398926,Attention is a diagnostic view of latent-token interactions with modality tokens; it is not absolute causal importance.
ECG5000,raw_residual_bottleneck__raw_GAF,raw_residual_bottleneck,raw_GAF,Z1,raw,0.21263837814331055,0.38489556312561035,Attention is a diagnostic view of latent-token interactions with modality tokens; it is not absolute causal importance.
ECG5000,raw_residual_bottleneck__raw_GAF,raw_residual_bottleneck,raw_GAF,Z1,gaf,0.7873616814613342,0.38489556312561035,Attention is a diagnostic view of latent-token interactions with modality tokens; it is not absolute causal importance.
ECG5000,raw_residual_bottleneck__raw_GAF,raw_residual_bottleneck,raw_GAF,Z2,raw,0.1158120408654213,0.3143894672393799,Attention is a diagnostic view of latent-token interactions with modality tokens; it is not absolute causal importance.
ECG5000,raw_residual_bottleneck__raw_GAF,raw_residual_bottleneck,raw_GAF,Z2,gaf,0.8841879367828369,0.3143894672393799,Attention is a diagnostic view of latent-token interactions with modality tokens; it is not absolute causal importance.
ECG5000,raw_residual_bottleneck__raw_GAF,raw_residual_bottleneck,raw_GAF,Z3,raw,0.11824753135442734,0.31500452756881714,Attention is a diagnostic view of latent-token interactions with modality tokens; it is not absolute causal importance.
ECG5000,raw_residual_bottleneck__raw_GAF,raw_residual_bottleneck,raw_GAF,Z3,gaf,0.8817524909973145,0.31500452756881714,Attention is a diagnostic view of latent-token interactions with modality tokens; it is not absolute causal importance.
ECG5000,raw_residual_bottleneck__raw_GAF,raw_residual_bottleneck,raw_GAF,Z4,raw,0.11723147332668304,0.31466740369796753,Attention is a diagnostic view of latent-token interactions with modality tokens; it is not absolute causal importance.
ECG5000,raw_residual_bottleneck__raw_GAF,raw_residual_bottleneck,raw_GAF,Z4,gaf,0.8827685713768005,0.31466740369796753,Attention is a diagnostic view of latent-token interactions with modality tokens; it is not absolute causal importance.
ECG5000,raw_residual_bottleneck__raw_stats_STFT,raw_residual_bottleneck,raw_stats_STFT,Z1,raw,0.051559362560510635,0.1911814659833908,Attention is a diagnostic view of latent-token interactions with modality tokens; it is not absolute causal importance.
ECG5000,raw_residual_bottleneck__raw_stats_STFT,raw_residual_bottleneck,raw_stats_STFT,Z1,stats,0.49690157175064087,0.49754753708839417,Attention is a diagnostic view of latent-token interactions with modality tokens; it is not absolute causal importance.
ECG5000,raw_residual_bottleneck__raw_stats_STFT,raw_residual_bottleneck,raw_stats_STFT,Z1,stft,0.4515390992164612,0.4855402708053589,Attention is a diagnostic view of latent-token interactions with modality tokens; it is not absolute causal importance.
ECG5000,raw_residual_bottleneck__raw_stats_STFT,raw_residual_bottleneck,raw_stats_STFT,Z2,raw,0.05245588347315788,0.19202497601509094,Attention is a diagnostic view of latent-token interactions with modality tokens; it is not absolute causal importance.
ECG5000,raw_residual_bottleneck__raw_stats_STFT,raw_residual_bottleneck,raw_stats_STFT,Z2,stats,0.49665120244026184,0.49734941124916077,Attention is a diagnostic view of latent-token interactions with modality tokens; it is not absolute causal importance.
ECG5000,raw_residual_bottleneck__raw_stats_STFT,raw_residual_bottleneck,raw_stats_STFT,Z2,stft,0.45089295506477356,0.4842970371246338,Attention is a diagnostic view of latent-token interactions with modality tokens; it is not absolute causal importance.
ECG5000,raw_residual_bottleneck__raw_stats_STFT,raw_residual_bottleneck,raw_stats_STFT,Z3,raw,0.07038115710020065,0.21987392008304596,Attention is a diagnostic view of latent-token interactions with modality tokens; it is not absolute causal importance.
ECG5000,raw_residual_bottleneck__raw_stats_STFT,raw_residual_bottleneck,raw_stats_STFT,Z3,stats,0.4986172020435333,0.4988056719303131,Attention is a diagnostic view of latent-token interactions with modality tokens; it is not absolute causal importance.
ECG5000,raw_residual_bottleneck__raw_stats_STFT,raw_residual_bottleneck,raw_stats_STFT,Z3,stft,0.4310016930103302,0.477580726146698,Attention is a diagnostic view of latent-token interactions with modality tokens; it is not absolute causal importance.
ECG5000,raw_residual_bottleneck__raw_stats_STFT,raw_residual_bottleneck,raw_stats_STFT,Z4,raw,0.07334541529417038,0.22034955024719238,Attention is a diagnostic view of latent-token interactions with modality tokens; it is not absolute causal importance.
ECG5000,raw_residual_bottleneck__raw_stats_STFT,raw_residual_bottleneck,raw_stats_STFT,Z4,stats,0.49678218364715576,0.49689602851867676,Attention is a diagnostic view of latent-token interactions with modality tokens; it is not absolute causal importance.
ECG5000,raw_residual_bottleneck__raw_stats_STFT,raw_residual_bottleneck,raw_stats_STFT,Z4,stft,0.42987242341041565,0.4749898612499237,Attention is a diagnostic view of latent-token interactions with modality tokens; it is not absolute causal importance.
ECG5000,raw_residual_bottleneck__raw_stats_GAF_STFT,raw_residual_bottleneck,raw_stats_GAF_STFT,Z1,raw,0.07916127890348434,0.19346828758716583,Attention is a diagnostic view of latent-token interactions with modality tokens; it is not absolute causal importance.
ECG5000,raw_residual_bottleneck__raw_stats_GAF_STFT,raw_residual_bottleneck,raw_stats_GAF_STFT,Z1,stats,0.5259279608726501,0.48571905493736267,Attention is a diagnostic view of latent-token interactions with modality tokens; it is not absolute causal importance.
ECG5000,raw_residual_bottleneck__raw_stats_GAF_STFT,raw_residual_bottleneck,raw_stats_GAF_STFT,Z1,gaf,0.3086477816104889,0.42555418610572815,Attention is a diagnostic view of latent-token interactions with modality tokens; it is not absolute causal importance.
ECG5000,raw_residual_bottleneck__raw_stats_GAF_STFT,raw_residual_bottleneck,raw_stats_GAF_STFT,Z1,stft,0.08626303821802139,0.2690691649913788,Attention is a diagnostic view of latent-token interactions with modality tokens; it is not absolute causal importance.
ECG5000,raw_residual_bottleneck__raw_stats_GAF_STFT,raw_residual_bottleneck,raw_stats_GAF_STFT,Z2,raw,0.12151772528886795,0.2577700614929199,Attention is a diagnostic view of latent-token interactions with modality tokens; it is not absolute causal importance.
ECG5000,raw_residual_bottleneck__raw_stats_GAF_STFT,raw_residual_bottleneck,raw_stats_GAF_STFT,Z2,stats,0.39983317255973816,0.45684489607810974,Attention is a diagnostic view of latent-token interactions with modality tokens; it is not absolute causal importance.
ECG5000,raw_residual_bottleneck__raw_stats_GAF_STFT,raw_residual_bottleneck,raw_stats_GAF_STFT,Z2,gaf,0.004031204618513584,0.02913896180689335,Attention is a diagnostic view of latent-token interactions with modality tokens; it is not absolute causal importance.
ECG5000,raw_residual_bottleneck__raw_stats_GAF_STFT,raw_residual_bottleneck,raw_stats_GAF_STFT,Z2,stft,0.4746178984642029,0.43479835987091064,Attention is a diagnostic view of latent-token interactions with modality tokens; it is not absolute causal importance.
ECG5000,raw_residual_bottleneck__raw_stats_GAF_STFT,raw_residual_bottleneck,raw_stats_GAF_STFT,Z3,raw,0.021121535450220108,0.0840478464961052,Attention is a diagnostic view of latent-token interactions with modality tokens; it is not absolute causal importance.
ECG5000,raw_residual_bottleneck__raw_stats_GAF_STFT,raw_residual_bottleneck,raw_stats_GAF_STFT,Z3,stats,0.3100486695766449,0.44401800632476807,Attention is a diagnostic view of latent-token interactions with modality tokens; it is not absolute causal importance.
ECG5000,raw_residual_bottleneck__raw_stats_GAF_STFT,raw_residual_bottleneck,raw_stats_GAF_STFT,Z3,gaf,7.897133036749437e-05,0.0003511569811962545,Attention is a diagnostic view of latent-token interactions with modality tokens; it is not absolute causal importance.
ECG5000,raw_residual_bottleneck__raw_stats_GAF_STFT,raw_residual_bottleneck,raw_stats_GAF_STFT,Z3,stft,0.6687508821487427,0.45919692516326904,Attention is a diagnostic view of latent-token interactions with modality tokens; it is not absolute causal importance.
ECG5000,raw_residual_bottleneck__raw_stats_GAF_STFT,raw_residual_bottleneck,raw_stats_GAF_STFT,Z4,raw,0.0767274722456932,0.2485572099685669,Attention is a diagnostic view of latent-token interactions with modality tokens; it is not absolute causal importance.
ECG5000,raw_residual_bottleneck__raw_stats_GAF_STFT,raw_residual_bottleneck,raw_stats_GAF_STFT,Z4,stats,0.3190511167049408,0.423397421836853,Attention is a diagnostic view of latent-token interactions with modality tokens; it is not absolute causal importance.
ECG5000,raw_residual_bottleneck__raw_stats_GAF_STFT,raw_residual_bottleneck,raw_stats_GAF_STFT,Z4,gaf,0.15095174312591553,0.3457215130329132,Attention is a diagnostic view of latent-token interactions with modality tokens; it is not absolute causal importance.
ECG5000,raw_residual_bottleneck__raw_stats_GAF_STFT,raw_residual_bottleneck,raw_stats_GAF_STFT,Z4,stft,0.4532696306705475,0.46777573227882385,Attention is a diagnostic view of latent-token interactions with modality tokens; it is not absolute causal importance.
ECG5000,context_only_residual_bottleneck__raw_STFT,context_only_residual_bottleneck,raw_STFT,Z1,stft,1.0,0.0,Attention is a diagnostic view of latent-token interactions with modality tokens; it is not absolute causal importance.
ECG5000,context_only_residual_bottleneck__raw_STFT,context_only_residual_bottleneck,raw_STFT,Z2,stft,1.0,0.0,Attention is a diagnostic view of latent-token interactions with modality tokens; it is not absolute causal importance.
ECG5000,context_only_residual_bottleneck__raw_STFT,context_only_residual_bottleneck,raw_STFT,Z3,stft,1.0,0.0,Attention is a diagnostic view of latent-token interactions with modality tokens; it is not absolute causal importance.
ECG5000,context_only_residual_bottleneck__raw_STFT,context_only_residual_bottleneck,raw_STFT,Z4,stft,1.0,0.0,Attention is a diagnostic view of latent-token interactions with modality tokens; it is not absolute causal importance.
ECG5000,context_only_residual_bottleneck__raw_GAF,context_only_residual_bottleneck,raw_GAF,Z1,gaf,1.0,0.0,Attention is a diagnostic view of latent-token interactions with modality tokens; it is not absolute causal importance.
ECG5000,context_only_residual_bottleneck__raw_GAF,context_only_residual_bottleneck,raw_GAF,Z2,gaf,1.0,0.0,Attention is a diagnostic view of latent-token interactions with modality tokens; it is not absolute causal importance.
ECG5000,context_only_residual_bottleneck__raw_GAF,context_only_residual_bottleneck,raw_GAF,Z3,gaf,1.0,0.0,Attention is a diagnostic view of latent-token interactions with modality tokens; it is not absolute causal importance.
ECG5000,context_only_residual_bottleneck__raw_GAF,context_only_residual_bottleneck,raw_GAF,Z4,gaf,1.0,0.0,Attention is a diagnostic view of latent-token interactions with modality tokens; it is not absolute causal importance.
ECG5000,context_only_residual_bottleneck__raw_stats_STFT,context_only_residual_bottleneck,raw_stats_STFT,Z1,stats,0.5114673972129822,0.4612048268318176,Attention is a diagnostic view of latent-token interactions with modality tokens; it is not absolute causal importance.
ECG5000,context_only_residual_bottleneck__raw_stats_STFT,context_only_residual_bottleneck,raw_stats_STFT,Z1,stft,0.4885326027870178,0.4612048268318176,Attention is a diagnostic view of latent-token interactions with modality tokens; it is not absolute causal importance.
ECG5000,context_only_residual_bottleneck__raw_stats_STFT,context_only_residual_bottleneck,raw_stats_STFT,Z2,stats,0.2938407063484192,0.3900083601474762,Attention is a diagnostic view of latent-token interactions with modality tokens; it is not absolute causal importance.
ECG5000,context_only_residual_bottleneck__raw_stats_STFT,context_only_residual_bottleneck,raw_stats_STFT,Z2,stft,0.706159234046936,0.3900083601474762,Attention is a diagnostic view of latent-token interactions with modality tokens; it is not absolute causal importance.
ECG5000,context_only_residual_bottleneck__raw_stats_STFT,context_only_residual_bottleneck,raw_stats_STFT,Z3,stats,0.3404497504234314,0.4617149233818054,Attention is a diagnostic view of latent-token interactions with modality tokens; it is not absolute causal importance.
ECG5000,context_only_residual_bottleneck__raw_stats_STFT,context_only_residual_bottleneck,raw_stats_STFT,Z3,stft,0.6595502495765686,0.4617149233818054,Attention is a diagnostic view of latent-token interactions with modality tokens; it is not absolute causal importance.
ECG5000,context_only_residual_bottleneck__raw_stats_STFT,context_only_residual_bottleneck,raw_stats_STFT,Z4,stats,0.5959816575050354,0.4320252239704132,Attention is a diagnostic view of latent-token interactions with modality tokens; it is not absolute causal importance.
ECG5000,context_only_residual_bottleneck__raw_stats_STFT,context_only_residual_bottleneck,raw_stats_STFT,Z4,stft,0.404018372297287,0.4320252239704132,Attention is a diagnostic view of latent-token interactions with modality tokens; it is not absolute causal importance.
ECG5000,context_only_residual_bottleneck__raw_stats_GAF_STFT,context_only_residual_bottleneck,raw_stats_GAF_STFT,Z1,stats,0.46255502104759216,0.4931550920009613,Attention is a diagnostic view of latent-token interactions with modality tokens; it is not absolute causal importance.
ECG5000,context_only_residual_bottleneck__raw_stats_GAF_STFT,context_only_residual_bottleneck,raw_stats_GAF_STFT,Z1,gaf,0.28174564242362976,0.44353586435317993,Attention is a diagnostic view of latent-token interactions with modality tokens; it is not absolute causal importance.
ECG5000,context_only_residual_bottleneck__raw_stats_GAF_STFT,context_only_residual_bottleneck,raw_stats_GAF_STFT,Z1,stft,0.2556994557380676,0.4337666630744934,Attention is a diagnostic view of latent-token interactions with modality tokens; it is not absolute causal importance.
ECG5000,context_only_residual_bottleneck__raw_stats_GAF_STFT,context_only_residual_bottleneck,raw_stats_GAF_STFT,Z2,stats,0.24992528557777405,0.4304252564907074,Attention is a diagnostic view of latent-token interactions with modality tokens; it is not absolute causal importance.
ECG5000,context_only_residual_bottleneck__raw_stats_GAF_STFT,context_only_residual_bottleneck,raw_stats_GAF_STFT,Z2,gaf,0.21435381472110748,0.4044969379901886,Attention is a diagnostic view of latent-token interactions with modality tokens; it is not absolute causal importance.
ECG5000,context_only_residual_bottleneck__raw_stats_GAF_STFT,context_only_residual_bottleneck,raw_stats_GAF_STFT,Z2,stft,0.535720944404602,0.49203309416770935,Attention is a diagnostic view of latent-token interactions with modality tokens; it is not absolute causal importance.
ECG5000,context_only_residual_bottleneck__raw_stats_GAF_STFT,context_only_residual_bottleneck,raw_stats_GAF_STFT,Z3,stats,0.46028581261634827,0.49015378952026367,Attention is a diagnostic view of latent-token interactions with modality tokens; it is not absolute causal importance.
ECG5000,context_only_residual_bottleneck__raw_stats_GAF_STFT,context_only_residual_bottleneck,raw_stats_GAF_STFT,Z3,gaf,0.19140182435512543,0.3789447247982025,Attention is a diagnostic view of latent-token interactions with modality tokens; it is not absolute causal importance.
ECG5000,context_only_residual_bottleneck__raw_stats_GAF_STFT,context_only_residual_bottleneck,raw_stats_GAF_STFT,Z3,stft,0.3483123779296875,0.46102046966552734,Attention is a diagnostic view of latent-token interactions with modality tokens; it is not absolute causal importance.
ECG5000,context_only_residual_bottleneck__raw_stats_GAF_STFT,context_only_residual_bottleneck,raw_stats_GAF_STFT,Z4,stats,0.4740990698337555,0.4933028221130371,Attention is a diagnostic view of latent-token interactions with modality tokens; it is not absolute causal importance.
ECG5000,context_only_residual_bottleneck__raw_stats_GAF_STFT,context_only_residual_bottleneck,raw_stats_GAF_STFT,Z4,gaf,0.18038445711135864,0.3804824650287628,Attention is a diagnostic view of latent-token interactions with modality tokens; it is not absolute causal importance.
ECG5000,context_only_residual_bottleneck__raw_stats_GAF_STFT,context_only_residual_bottleneck,raw_stats_GAF_STFT,Z4,stft,0.3455164432525635,0.47128552198410034,Attention is a diagnostic view of latent-token interactions with modality tokens; it is not absolute causal importance.
ECG5000,raw_conditioned_context_bottleneck__raw_STFT,raw_conditioned_context_bottleneck,raw_STFT,Z1,stft,1.0,0.0,Attention is a diagnostic view of latent-token interactions with modality tokens; it is not absolute causal importance.
ECG5000,raw_conditioned_context_bottleneck__raw_STFT,raw_conditioned_context_bottleneck,raw_STFT,Z2,stft,1.0,0.0,Attention is a diagnostic view of latent-token interactions with modality tokens; it is not absolute causal importance.
ECG5000,raw_conditioned_context_bottleneck__raw_STFT,raw_conditioned_context_bottleneck,raw_STFT,Z3,stft,1.0,0.0,Attention is a diagnostic view of latent-token interactions with modality tokens; it is not absolute causal importance.
ECG5000,raw_conditioned_context_bottleneck__raw_STFT,raw_conditioned_context_bottleneck,raw_STFT,Z4,stft,1.0,0.0,Attention is a diagnostic view of latent-token interactions with modality tokens; it is not absolute causal importance.
ECG5000,raw_conditioned_context_bottleneck__raw_GAF,raw_conditioned_context_bottleneck,raw_GAF,Z1,gaf,1.0,0.0,Attention is a diagnostic view of latent-token interactions with modality tokens; it is not absolute causal importance.
ECG5000,raw_conditioned_context_bottleneck__raw_GAF,raw_conditioned_context_bottleneck,raw_GAF,Z2,gaf,1.0,0.0,Attention is a diagnostic view of latent-token interactions with modality tokens; it is not absolute causal importance.
ECG5000,raw_conditioned_context_bottleneck__raw_GAF,raw_conditioned_context_bottleneck,raw_GAF,Z3,gaf,1.0,0.0,Attention is a diagnostic view of latent-token interactions with modality tokens; it is not absolute causal importance.
ECG5000,raw_conditioned_context_bottleneck__raw_GAF,raw_conditioned_context_bottleneck,raw_GAF,Z4,gaf,1.0,0.0,Attention is a diagnostic view of latent-token interactions with modality tokens; it is not absolute causal importance.
ECG5000,raw_conditioned_context_bottleneck__raw_stats_STFT,raw_conditioned_context_bottleneck,raw_stats_STFT,Z1,stats,0.9979692697525024,0.021419836208224297,Attention is a diagnostic view of latent-token interactions with modality tokens; it is not absolute causal importance.
ECG5000,raw_conditioned_context_bottleneck__raw_stats_STFT,raw_conditioned_context_bottleneck,raw_stats_STFT,Z1,stft,0.002030694857239723,0.021419836208224297,Attention is a diagnostic view of latent-token interactions with modality tokens; it is not absolute causal importance.
ECG5000,raw_conditioned_context_bottleneck__raw_stats_STFT,raw_conditioned_context_bottleneck,raw_stats_STFT,Z2,stats,0.9922953844070435,0.03615759313106537,Attention is a diagnostic view of latent-token interactions with modality tokens; it is not absolute causal importance.
ECG5000,raw_conditioned_context_bottleneck__raw_stats_STFT,raw_conditioned_context_bottleneck,raw_stats_STFT,Z2,stft,0.007704701740294695,0.03615759313106537,Attention is a diagnostic view of latent-token interactions with modality tokens; it is not absolute causal importance.
ECG5000,raw_conditioned_context_bottleneck__raw_stats_STFT,raw_conditioned_context_bottleneck,raw_stats_STFT,Z3,stats,0.948699951171875,0.19398324191570282,Attention is a diagnostic view of latent-token interactions with modality tokens; it is not absolute causal importance.
ECG5000,raw_conditioned_context_bottleneck__raw_stats_STFT,raw_conditioned_context_bottleneck,raw_stats_STFT,Z3,stft,0.0513000525534153,0.19398324191570282,Attention is a diagnostic view of latent-token interactions with modality tokens; it is not absolute causal importance.
ECG5000,raw_conditioned_context_bottleneck__raw_stats_STFT,raw_conditioned_context_bottleneck,raw_stats_STFT,Z4,stats,0.4322299659252167,0.47339287400245667,Attention is a diagnostic view of latent-token interactions with modality tokens; it is not absolute causal importance.
ECG5000,raw_conditioned_context_bottleneck__raw_stats_STFT,raw_conditioned_context_bottleneck,raw_stats_STFT,Z4,stft,0.5677700042724609,0.47339287400245667,Attention is a diagnostic view of latent-token interactions with modality tokens; it is not absolute causal importance.
ECG5000,raw_conditioned_context_bottleneck__raw_stats_GAF_STFT,raw_conditioned_context_bottleneck,raw_stats_GAF_STFT,Z1,stats,0.3587688207626343,0.4461851716041565,Attention is a diagnostic view of latent-token interactions with modality tokens; it is not absolute causal importance.
ECG5000,raw_conditioned_context_bottleneck__raw_stats_GAF_STFT,raw_conditioned_context_bottleneck,raw_stats_GAF_STFT,Z1,gaf,0.10685588419437408,0.29746657609939575,Attention is a diagnostic view of latent-token interactions with modality tokens; it is not absolute causal importance.
ECG5000,raw_conditioned_context_bottleneck__raw_stats_GAF_STFT,raw_conditioned_context_bottleneck,raw_stats_GAF_STFT,Z1,stft,0.5343752503395081,0.46775245666503906,Attention is a diagnostic view of latent-token interactions with modality tokens; it is not absolute causal importance.
ECG5000,raw_conditioned_context_bottleneck__raw_stats_GAF_STFT,raw_conditioned_context_bottleneck,raw_stats_GAF_STFT,Z2,stats,0.39887896180152893,0.4381747543811798,Attention is a diagnostic view of latent-token interactions with modality tokens; it is not absolute causal importance.
ECG5000,raw_conditioned_context_bottleneck__raw_stats_GAF_STFT,raw_conditioned_context_bottleneck,raw_stats_GAF_STFT,Z2,gaf,0.15639911592006683,0.3387424945831299,Attention is a diagnostic view of latent-token interactions with modality tokens; it is not absolute causal importance.
ECG5000,raw_conditioned_context_bottleneck__raw_stats_GAF_STFT,raw_conditioned_context_bottleneck,raw_stats_GAF_STFT,Z2,stft,0.44472193717956543,0.4571034610271454,Attention is a diagnostic view of latent-token interactions with modality tokens; it is not absolute causal importance.
ECG5000,raw_conditioned_context_bottleneck__raw_stats_GAF_STFT,raw_conditioned_context_bottleneck,raw_stats_GAF_STFT,Z3,stats,0.18286895751953125,0.3621068000793457,Attention is a diagnostic view of latent-token interactions with modality tokens; it is not absolute causal importance.
ECG5000,raw_conditioned_context_bottleneck__raw_stats_GAF_STFT,raw_conditioned_context_bottleneck,raw_stats_GAF_STFT,Z3,gaf,0.27805429697036743,0.43622416257858276,Attention is a diagnostic view of latent-token interactions with modality tokens; it is not absolute causal importance.
ECG5000,raw_conditioned_context_bottleneck__raw_stats_GAF_STFT,raw_conditioned_context_bottleneck,raw_stats_GAF_STFT,Z3,stft,0.5390768051147461,0.4893396198749542,Attention is a diagnostic view of latent-token interactions with modality tokens; it is not absolute causal importance.
ECG5000,raw_conditioned_context_bottleneck__raw_stats_GAF_STFT,raw_conditioned_context_bottleneck,raw_stats_GAF_STFT,Z4,stats,0.26161620020866394,0.4067593216896057,Attention is a diagnostic view of latent-token interactions with modality tokens; it is not absolute causal importance.
ECG5000,raw_conditioned_context_bottleneck__raw_stats_GAF_STFT,raw_conditioned_context_bottleneck,raw_stats_GAF_STFT,Z4,gaf,0.5319542288780212,0.4831300973892212,Attention is a diagnostic view of latent-token interactions with modality tokens; it is not absolute causal importance.
ECG5000,raw_conditioned_context_bottleneck__raw_stats_GAF_STFT,raw_conditioned_context_bottleneck,raw_stats_GAF_STFT,Z4,stft,0.2064296007156372,0.3720054030418396,Attention is a diagnostic view of latent-token interactions with modality tokens; it is not absolute causal importance.
MedicalImages,raw_residual_bottleneck__raw_STFT,raw_residual_bottleneck,raw_STFT,Z1,raw,0.357207715511322,0.45504239201545715,Attention is a diagnostic view of latent-token interactions with modality tokens; it is not absolute causal importance.
MedicalImages,raw_residual_bottleneck__raw_STFT,raw_residual_bottleneck,raw_STFT,Z1,stft,0.6427922248840332,0.45504239201545715,Attention is a diagnostic view of latent-token interactions with modality tokens; it is not absolute causal importance.
MedicalImages,raw_residual_bottleneck__raw_STFT,raw_residual_bottleneck,raw_STFT,Z2,raw,0.23671507835388184,0.4167777895927429,Attention is a diagnostic view of latent-token interactions with modality tokens; it is not absolute causal importance.
MedicalImages,raw_residual_bottleneck__raw_STFT,raw_residual_bottleneck,raw_STFT,Z2,stft,0.7632849216461182,0.4167777895927429,Attention is a diagnostic view of latent-token interactions with modality tokens; it is not absolute causal importance.
MedicalImages,raw_residual_bottleneck__raw_STFT,raw_residual_bottleneck,raw_STFT,Z3,raw,0.25270572304725647,0.4240347743034363,Attention is a diagnostic view of latent-token interactions with modality tokens; it is not absolute causal importance.
MedicalImages,raw_residual_bottleneck__raw_STFT,raw_residual_bottleneck,raw_STFT,Z3,stft,0.7472941875457764,0.4240347743034363,Attention is a diagnostic view of latent-token interactions with modality tokens; it is not absolute causal importance.
MedicalImages,raw_residual_bottleneck__raw_STFT,raw_residual_bottleneck,raw_STFT,Z4,raw,0.23686188459396362,0.41833245754241943,Attention is a diagnostic view of latent-token interactions with modality tokens; it is not absolute causal importance.
MedicalImages,raw_residual_bottleneck__raw_STFT,raw_residual_bottleneck,raw_STFT,Z4,stft,0.7631381154060364,0.41833245754241943,Attention is a diagnostic view of latent-token interactions with modality tokens; it is not absolute causal importance.
MedicalImages,raw_residual_bottleneck__raw_GAF,raw_residual_bottleneck,raw_GAF,Z1,raw,0.15925422310829163,0.3550163805484772,Attention is a diagnostic view of latent-token interactions with modality tokens; it is not absolute causal importance.
MedicalImages,raw_residual_bottleneck__raw_GAF,raw_residual_bottleneck,raw_GAF,Z1,gaf,0.8407458066940308,0.3550163805484772,Attention is a diagnostic view of latent-token interactions with modality tokens; it is not absolute causal importance.
MedicalImages,raw_residual_bottleneck__raw_GAF,raw_residual_bottleneck,raw_GAF,Z2,raw,0.15389728546142578,0.35116592049598694,Attention is a diagnostic view of latent-token interactions with modality tokens; it is not absolute causal importance.
MedicalImages,raw_residual_bottleneck__raw_GAF,raw_residual_bottleneck,raw_GAF,Z2,gaf,0.846102774143219,0.35116592049598694,Attention is a diagnostic view of latent-token interactions with modality tokens; it is not absolute causal importance.
MedicalImages,raw_residual_bottleneck__raw_GAF,raw_residual_bottleneck,raw_GAF,Z3,raw,0.14874377846717834,0.3449570834636688,Attention is a diagnostic view of latent-token interactions with modality tokens; it is not absolute causal importance.
MedicalImages,raw_residual_bottleneck__raw_GAF,raw_residual_bottleneck,raw_GAF,Z3,gaf,0.8512561917304993,0.3449570834636688,Attention is a diagnostic view of latent-token interactions with modality tokens; it is not absolute causal importance.
MedicalImages,raw_residual_bottleneck__raw_GAF,raw_residual_bottleneck,raw_GAF,Z4,raw,0.13667415082454681,0.3332858681678772,Attention is a diagnostic view of latent-token interactions with modality tokens; it is not absolute causal importance.
MedicalImages,raw_residual_bottleneck__raw_GAF,raw_residual_bottleneck,raw_GAF,Z4,gaf,0.863325834274292,0.3332858681678772,Attention is a diagnostic view of latent-token interactions with modality tokens; it is not absolute causal importance.
MedicalImages,raw_residual_bottleneck__raw_stats_STFT,raw_residual_bottleneck,raw_stats_STFT,Z1,raw,0.07904662936925888,0.2436036914587021,Attention is a diagnostic view of latent-token interactions with modality tokens; it is not absolute causal importance.
MedicalImages,raw_residual_bottleneck__raw_stats_STFT,raw_residual_bottleneck,raw_stats_STFT,Z1,stats,0.5611938834190369,0.4774266481399536,Attention is a diagnostic view of latent-token interactions with modality tokens; it is not absolute causal importance.
MedicalImages,raw_residual_bottleneck__raw_stats_STFT,raw_residual_bottleneck,raw_stats_STFT,Z1,stft,0.35975947976112366,0.4587665796279907,Attention is a diagnostic view of latent-token interactions with modality tokens; it is not absolute causal importance.
MedicalImages,raw_residual_bottleneck__raw_stats_STFT,raw_residual_bottleneck,raw_stats_STFT,Z2,raw,0.12190254777669907,0.31308481097221375,Attention is a diagnostic view of latent-token interactions with modality tokens; it is not absolute causal importance.
MedicalImages,raw_residual_bottleneck__raw_stats_STFT,raw_residual_bottleneck,raw_stats_STFT,Z2,stats,0.6923812627792358,0.44932466745376587,Attention is a diagnostic view of latent-token interactions with modality tokens; it is not absolute causal importance.
MedicalImages,raw_residual_bottleneck__raw_stats_STFT,raw_residual_bottleneck,raw_stats_STFT,Z2,stft,0.18571622669696808,0.3724866807460785,Attention is a diagnostic view of latent-token interactions with modality tokens; it is not absolute causal importance.
MedicalImages,raw_residual_bottleneck__raw_stats_STFT,raw_residual_bottleneck,raw_stats_STFT,Z3,raw,0.030163180083036423,0.15584711730480194,Attention is a diagnostic view of latent-token interactions with modality tokens; it is not absolute causal importance.
MedicalImages,raw_residual_bottleneck__raw_stats_STFT,raw_residual_bottleneck,raw_stats_STFT,Z3,stats,0.8677210807800293,0.3266408443450928,Attention is a diagnostic view of latent-token interactions with modality tokens; it is not absolute causal importance.
MedicalImages,raw_residual_bottleneck__raw_stats_STFT,raw_residual_bottleneck,raw_stats_STFT,Z3,stft,0.102115698158741,0.2950083911418915,Attention is a diagnostic view of latent-token interactions with modality tokens; it is not absolute causal importance.
MedicalImages,raw_residual_bottleneck__raw_stats_STFT,raw_residual_bottleneck,raw_stats_STFT,Z4,raw,0.058270033448934555,0.220819354057312,Attention is a diagnostic view of latent-token interactions with modality tokens; it is not absolute causal importance.
MedicalImages,raw_residual_bottleneck__raw_stats_STFT,raw_residual_bottleneck,raw_stats_STFT,Z4,stats,0.6703757047653198,0.46116697788238525,Attention is a diagnostic view of latent-token interactions with modality tokens; it is not absolute causal importance.
MedicalImages,raw_residual_bottleneck__raw_stats_STFT,raw_residual_bottleneck,raw_stats_STFT,Z4,stft,0.2713542878627777,0.4362460672855377,Attention is a diagnostic view of latent-token interactions with modality tokens; it is not absolute causal importance.
MedicalImages,raw_residual_bottleneck__raw_stats_GAF_STFT,raw_residual_bottleneck,raw_stats_GAF_STFT,Z1,raw,0.19231900572776794,0.36828070878982544,Attention is a diagnostic view of latent-token interactions with modality tokens; it is not absolute causal importance.
MedicalImages,raw_residual_bottleneck__raw_stats_GAF_STFT,raw_residual_bottleneck,raw_stats_GAF_STFT,Z1,stats,0.1621294617652893,0.3516467213630676,Attention is a diagnostic view of latent-token interactions with modality tokens; it is not absolute causal importance.
MedicalImages,raw_residual_bottleneck__raw_stats_GAF_STFT,raw_residual_bottleneck,raw_stats_GAF_STFT,Z1,gaf,0.45390066504478455,0.4838937520980835,Attention is a diagnostic view of latent-token interactions with modality tokens; it is not absolute causal importance.
MedicalImages,raw_residual_bottleneck__raw_stats_GAF_STFT,raw_residual_bottleneck,raw_stats_GAF_STFT,Z1,stft,0.1916508674621582,0.37637633085250854,Attention is a diagnostic view of latent-token interactions with modality tokens; it is not absolute causal importance.
MedicalImages,raw_residual_bottleneck__raw_stats_GAF_STFT,raw_residual_bottleneck,raw_stats_GAF_STFT,Z2,raw,0.09436991810798645,0.2578451931476593,Attention is a diagnostic view of latent-token interactions with modality tokens; it is not absolute causal importance.
MedicalImages,raw_residual_bottleneck__raw_stats_GAF_STFT,raw_residual_bottleneck,raw_stats_GAF_STFT,Z2,stats,0.1934308111667633,0.38168588280677795,Attention is a diagnostic view of latent-token interactions with modality tokens; it is not absolute causal importance.
MedicalImages,raw_residual_bottleneck__raw_stats_GAF_STFT,raw_residual_bottleneck,raw_stats_GAF_STFT,Z2,gaf,0.459520161151886,0.47823479771614075,Attention is a diagnostic view of latent-token interactions with modality tokens; it is not absolute causal importance.
MedicalImages,raw_residual_bottleneck__raw_stats_GAF_STFT,raw_residual_bottleneck,raw_stats_GAF_STFT,Z2,stft,0.25267907977104187,0.42810744047164917,Attention is a diagnostic view of latent-token interactions with modality tokens; it is not absolute causal importance.
MedicalImages,raw_residual_bottleneck__raw_stats_GAF_STFT,raw_residual_bottleneck,raw_stats_GAF_STFT,Z3,raw,0.19582217931747437,0.3662028908729553,Attention is a diagnostic view of latent-token interactions with modality tokens; it is not absolute causal importance.
MedicalImages,raw_residual_bottleneck__raw_stats_GAF_STFT,raw_residual_bottleneck,raw_stats_GAF_STFT,Z3,stats,0.15560844540596008,0.3355391323566437,Attention is a diagnostic view of latent-token interactions with modality tokens; it is not absolute causal importance.
MedicalImages,raw_residual_bottleneck__raw_stats_GAF_STFT,raw_residual_bottleneck,raw_stats_GAF_STFT,Z3,gaf,0.35796236991882324,0.450901061296463,Attention is a diagnostic view of latent-token interactions with modality tokens; it is not absolute causal importance.
MedicalImages,raw_residual_bottleneck__raw_stats_GAF_STFT,raw_residual_bottleneck,raw_stats_GAF_STFT,Z3,stft,0.2906070053577423,0.44175437092781067,Attention is a diagnostic view of latent-token interactions with modality tokens; it is not absolute causal importance.
MedicalImages,raw_residual_bottleneck__raw_stats_GAF_STFT,raw_residual_bottleneck,raw_stats_GAF_STFT,Z4,raw,0.16884081065654755,0.34979623556137085,Attention is a diagnostic view of latent-token interactions with modality tokens; it is not absolute causal importance.
MedicalImages,raw_residual_bottleneck__raw_stats_GAF_STFT,raw_residual_bottleneck,raw_stats_GAF_STFT,Z4,stats,0.1670701950788498,0.3616529703140259,Attention is a diagnostic view of latent-token interactions with modality tokens; it is not absolute causal importance.
MedicalImages,raw_residual_bottleneck__raw_stats_GAF_STFT,raw_residual_bottleneck,raw_stats_GAF_STFT,Z4,gaf,0.49520882964134216,0.47646772861480713,Attention is a diagnostic view of latent-token interactions with modality tokens; it is not absolute causal importance.
MedicalImages,raw_residual_bottleneck__raw_stats_GAF_STFT,raw_residual_bottleneck,raw_stats_GAF_STFT,Z4,stft,0.16888011991977692,0.350656658411026,Attention is a diagnostic view of latent-token interactions with modality tokens; it is not absolute causal importance.
MedicalImages,context_only_residual_bottleneck__raw_STFT,context_only_residual_bottleneck,raw_STFT,Z1,stft,1.0,0.0,Attention is a diagnostic view of latent-token interactions with modality tokens; it is not absolute causal importance.
MedicalImages,context_only_residual_bottleneck__raw_STFT,context_only_residual_bottleneck,raw_STFT,Z2,stft,1.0,0.0,Attention is a diagnostic view of latent-token interactions with modality tokens; it is not absolute causal importance.
MedicalImages,context_only_residual_bottleneck__raw_STFT,context_only_residual_bottleneck,raw_STFT,Z3,stft,1.0,0.0,Attention is a diagnostic view of latent-token interactions with modality tokens; it is not absolute causal importance.
MedicalImages,context_only_residual_bottleneck__raw_STFT,context_only_residual_bottleneck,raw_STFT,Z4,stft,1.0,0.0,Attention is a diagnostic view of latent-token interactions with modality tokens; it is not absolute causal importance.
MedicalImages,context_only_residual_bottleneck__raw_GAF,context_only_residual_bottleneck,raw_GAF,Z1,gaf,1.0,0.0,Attention is a diagnostic view of latent-token interactions with modality tokens; it is not absolute causal importance.
MedicalImages,context_only_residual_bottleneck__raw_GAF,context_only_residual_bottleneck,raw_GAF,Z2,gaf,1.0,0.0,Attention is a diagnostic view of latent-token interactions with modality tokens; it is not absolute causal importance.
MedicalImages,context_only_residual_bottleneck__raw_GAF,context_only_residual_bottleneck,raw_GAF,Z3,gaf,1.0,0.0,Attention is a diagnostic view of latent-token interactions with modality tokens; it is not absolute causal importance.
MedicalImages,context_only_residual_bottleneck__raw_GAF,context_only_residual_bottleneck,raw_GAF,Z4,gaf,1.0,0.0,Attention is a diagnostic view of latent-token interactions with modality tokens; it is not absolute causal importance.
MedicalImages,context_only_residual_bottleneck__raw_stats_STFT,context_only_residual_bottleneck,raw_stats_STFT,Z1,stats,0.4417691230773926,0.49055808782577515,Attention is a diagnostic view of latent-token interactions with modality tokens; it is not absolute causal importance.
MedicalImages,context_only_residual_bottleneck__raw_stats_STFT,context_only_residual_bottleneck,raw_stats_STFT,Z1,stft,0.5582309365272522,0.49055808782577515,Attention is a diagnostic view of latent-token interactions with modality tokens; it is not absolute causal importance.
MedicalImages,context_only_residual_bottleneck__raw_stats_STFT,context_only_residual_bottleneck,raw_stats_STFT,Z2,stats,0.8725119233131409,0.32751306891441345,Attention is a diagnostic view of latent-token interactions with modality tokens; it is not absolute causal importance.
MedicalImages,context_only_residual_bottleneck__raw_stats_STFT,context_only_residual_bottleneck,raw_stats_STFT,Z2,stft,0.1274881511926651,0.32751306891441345,Attention is a diagnostic view of latent-token interactions with modality tokens; it is not absolute causal importance.
MedicalImages,context_only_residual_bottleneck__raw_stats_STFT,context_only_residual_bottleneck,raw_stats_STFT,Z3,stats,0.6587537527084351,0.46463555097579956,Attention is a diagnostic view of latent-token interactions with modality tokens; it is not absolute causal importance.
MedicalImages,context_only_residual_bottleneck__raw_stats_STFT,context_only_residual_bottleneck,raw_stats_STFT,Z3,stft,0.34124627709388733,0.46463555097579956,Attention is a diagnostic view of latent-token interactions with modality tokens; it is not absolute causal importance.
MedicalImages,context_only_residual_bottleneck__raw_stats_STFT,context_only_residual_bottleneck,raw_stats_STFT,Z4,stats,0.8369836211204529,0.3594405949115753,Attention is a diagnostic view of latent-token interactions with modality tokens; it is not absolute causal importance.
MedicalImages,context_only_residual_bottleneck__raw_stats_STFT,context_only_residual_bottleneck,raw_stats_STFT,Z4,stft,0.1630164235830307,0.3594405949115753,Attention is a diagnostic view of latent-token interactions with modality tokens; it is not absolute causal importance.
MedicalImages,context_only_residual_bottleneck__raw_stats_GAF_STFT,context_only_residual_bottleneck,raw_stats_GAF_STFT,Z1,stats,0.010857658460736275,0.06485137343406677,Attention is a diagnostic view of latent-token interactions with modality tokens; it is not absolute causal importance.
MedicalImages,context_only_residual_bottleneck__raw_stats_GAF_STFT,context_only_residual_bottleneck,raw_stats_GAF_STFT,Z1,gaf,0.7794800400733948,0.38990214467048645,Attention is a diagnostic view of latent-token interactions with modality tokens; it is not absolute causal importance.
MedicalImages,context_only_residual_bottleneck__raw_stats_GAF_STFT,context_only_residual_bottleneck,raw_stats_GAF_STFT,Z1,stft,0.2096622735261917,0.3786611258983612,Attention is a diagnostic view of latent-token interactions with modality tokens; it is not absolute causal importance.
MedicalImages,context_only_residual_bottleneck__raw_stats_GAF_STFT,context_only_residual_bottleneck,raw_stats_GAF_STFT,Z2,stats,0.5073052048683167,0.48884040117263794,Attention is a diagnostic view of latent-token interactions with modality tokens; it is not absolute causal importance.
MedicalImages,context_only_residual_bottleneck__raw_stats_GAF_STFT,context_only_residual_bottleneck,raw_stats_GAF_STFT,Z2,gaf,0.10982897877693176,0.2878921329975128,Attention is a diagnostic view of latent-token interactions with modality tokens; it is not absolute causal importance.
MedicalImages,context_only_residual_bottleneck__raw_stats_GAF_STFT,context_only_residual_bottleneck,raw_stats_GAF_STFT,Z2,stft,0.3828658163547516,0.4692772328853607,Attention is a diagnostic view of latent-token interactions with modality tokens; it is not absolute causal importance.
MedicalImages,context_only_residual_bottleneck__raw_stats_GAF_STFT,context_only_residual_bottleneck,raw_stats_GAF_STFT,Z3,stats,0.2595863938331604,0.4343426525592804,Attention is a diagnostic view of latent-token interactions with modality tokens; it is not absolute causal importance.
MedicalImages,context_only_residual_bottleneck__raw_stats_GAF_STFT,context_only_residual_bottleneck,raw_stats_GAF_STFT,Z3,gaf,0.39638805389404297,0.4827808439731598,Attention is a diagnostic view of latent-token interactions with modality tokens; it is not absolute causal importance.
MedicalImages,context_only_residual_bottleneck__raw_stats_GAF_STFT,context_only_residual_bottleneck,raw_stats_GAF_STFT,Z3,stft,0.3440256118774414,0.4674006700515747,Attention is a diagnostic view of latent-token interactions with modality tokens; it is not absolute causal importance.
MedicalImages,context_only_residual_bottleneck__raw_stats_GAF_STFT,context_only_residual_bottleneck,raw_stats_GAF_STFT,Z4,stats,0.25805142521858215,0.4338851571083069,Attention is a diagnostic view of latent-token interactions with modality tokens; it is not absolute causal importance.
MedicalImages,context_only_residual_bottleneck__raw_stats_GAF_STFT,context_only_residual_bottleneck,raw_stats_GAF_STFT,Z4,gaf,0.38892391324043274,0.4793395698070526,Attention is a diagnostic view of latent-token interactions with modality tokens; it is not absolute causal importance.
MedicalImages,context_only_residual_bottleneck__raw_stats_GAF_STFT,context_only_residual_bottleneck,raw_stats_GAF_STFT,Z4,stft,0.3530246615409851,0.4693589210510254,Attention is a diagnostic view of latent-token interactions with modality tokens; it is not absolute causal importance.
MedicalImages,raw_conditioned_context_bottleneck__raw_STFT,raw_conditioned_context_bottleneck,raw_STFT,Z1,stft,1.0,0.0,Attention is a diagnostic view of latent-token interactions with modality tokens; it is not absolute causal importance.
MedicalImages,raw_conditioned_context_bottleneck__raw_STFT,raw_conditioned_context_bottleneck,raw_STFT,Z2,stft,1.0,0.0,Attention is a diagnostic view of latent-token interactions with modality tokens; it is not absolute causal importance.
MedicalImages,raw_conditioned_context_bottleneck__raw_STFT,raw_conditioned_context_bottleneck,raw_STFT,Z3,stft,1.0,0.0,Attention is a diagnostic view of latent-token interactions with modality tokens; it is not absolute causal importance.
MedicalImages,raw_conditioned_context_bottleneck__raw_STFT,raw_conditioned_context_bottleneck,raw_STFT,Z4,stft,1.0,0.0,Attention is a diagnostic view of latent-token interactions with modality tokens; it is not absolute causal importance.
MedicalImages,raw_conditioned_context_bottleneck__raw_GAF,raw_conditioned_context_bottleneck,raw_GAF,Z1,gaf,1.0,0.0,Attention is a diagnostic view of latent-token interactions with modality tokens; it is not absolute causal importance.
MedicalImages,raw_conditioned_context_bottleneck__raw_GAF,raw_conditioned_context_bottleneck,raw_GAF,Z2,gaf,1.0,0.0,Attention is a diagnostic view of latent-token interactions with modality tokens; it is not absolute causal importance.
MedicalImages,raw_conditioned_context_bottleneck__raw_GAF,raw_conditioned_context_bottleneck,raw_GAF,Z3,gaf,1.0,0.0,Attention is a diagnostic view of latent-token interactions with modality tokens; it is not absolute causal importance.
MedicalImages,raw_conditioned_context_bottleneck__raw_GAF,raw_conditioned_context_bottleneck,raw_GAF,Z4,gaf,1.0,0.0,Attention is a diagnostic view of latent-token interactions with modality tokens; it is not absolute causal importance.
MedicalImages,raw_conditioned_context_bottleneck__raw_stats_STFT,raw_conditioned_context_bottleneck,raw_stats_STFT,Z1,stats,0.6161669492721558,0.4453589618206024,Attention is a diagnostic view of latent-token interactions with modality tokens; it is not absolute causal importance.
MedicalImages,raw_conditioned_context_bottleneck__raw_stats_STFT,raw_conditioned_context_bottleneck,raw_stats_STFT,Z1,stft,0.38383299112319946,0.4453589618206024,Attention is a diagnostic view of latent-token interactions with modality tokens; it is not absolute causal importance.
MedicalImages,raw_conditioned_context_bottleneck__raw_stats_STFT,raw_conditioned_context_bottleneck,raw_stats_STFT,Z2,stats,0.6827415823936462,0.42487794160842896,Attention is a diagnostic view of latent-token interactions with modality tokens; it is not absolute causal importance.
MedicalImages,raw_conditioned_context_bottleneck__raw_stats_STFT,raw_conditioned_context_bottleneck,raw_stats_STFT,Z2,stft,0.31725844740867615,0.42487794160842896,Attention is a diagnostic view of latent-token interactions with modality tokens; it is not absolute causal importance.
MedicalImages,raw_conditioned_context_bottleneck__raw_stats_STFT,raw_conditioned_context_bottleneck,raw_stats_STFT,Z3,stats,0.6099065542221069,0.45146211981773376,Attention is a diagnostic view of latent-token interactions with modality tokens; it is not absolute causal importance.
MedicalImages,raw_conditioned_context_bottleneck__raw_stats_STFT,raw_conditioned_context_bottleneck,raw_stats_STFT,Z3,stft,0.39009347558021545,0.45146211981773376,Attention is a diagnostic view of latent-token interactions with modality tokens; it is not absolute causal importance.
MedicalImages,raw_conditioned_context_bottleneck__raw_stats_STFT,raw_conditioned_context_bottleneck,raw_stats_STFT,Z4,stats,0.5838114023208618,0.4623120427131653,Attention is a diagnostic view of latent-token interactions with modality tokens; it is not absolute causal importance.
MedicalImages,raw_conditioned_context_bottleneck__raw_stats_STFT,raw_conditioned_context_bottleneck,raw_stats_STFT,Z4,stft,0.4161885678768158,0.4623120427131653,Attention is a diagnostic view of latent-token interactions with modality tokens; it is not absolute causal importance.
MedicalImages,raw_conditioned_context_bottleneck__raw_stats_GAF_STFT,raw_conditioned_context_bottleneck,raw_stats_GAF_STFT,Z1,stats,0.20695865154266357,0.3695997893810272,Attention is a diagnostic view of latent-token interactions with modality tokens; it is not absolute causal importance.
MedicalImages,raw_conditioned_context_bottleneck__raw_stats_GAF_STFT,raw_conditioned_context_bottleneck,raw_stats_GAF_STFT,Z1,gaf,0.4916572868824005,0.4659334123134613,Attention is a diagnostic view of latent-token interactions with modality tokens; it is not absolute causal importance.
MedicalImages,raw_conditioned_context_bottleneck__raw_stats_GAF_STFT,raw_conditioned_context_bottleneck,raw_stats_GAF_STFT,Z1,stft,0.3013840615749359,0.42533305287361145,Attention is a diagnostic view of latent-token interactions with modality tokens; it is not absolute causal importance.
MedicalImages,raw_conditioned_context_bottleneck__raw_stats_GAF_STFT,raw_conditioned_context_bottleneck,raw_stats_GAF_STFT,Z2,stats,0.20470461249351501,0.3720305860042572,Attention is a diagnostic view of latent-token interactions with modality tokens; it is not absolute causal importance.
MedicalImages,raw_conditioned_context_bottleneck__raw_stats_GAF_STFT,raw_conditioned_context_bottleneck,raw_stats_GAF_STFT,Z2,gaf,0.48033833503723145,0.46432211995124817,Attention is a diagnostic view of latent-token interactions with modality tokens; it is not absolute causal importance.
MedicalImages,raw_conditioned_context_bottleneck__raw_stats_GAF_STFT,raw_conditioned_context_bottleneck,raw_stats_GAF_STFT,Z2,stft,0.3149570822715759,0.43354901671409607,Attention is a diagnostic view of latent-token interactions with modality tokens; it is not absolute causal importance.
MedicalImages,raw_conditioned_context_bottleneck__raw_stats_GAF_STFT,raw_conditioned_context_bottleneck,raw_stats_GAF_STFT,Z3,stats,0.21954061090946198,0.3806304633617401,Attention is a diagnostic view of latent-token interactions with modality tokens; it is not absolute causal importance.
MedicalImages,raw_conditioned_context_bottleneck__raw_stats_GAF_STFT,raw_conditioned_context_bottleneck,raw_stats_GAF_STFT,Z3,gaf,0.5215620994567871,0.47087985277175903,Attention is a diagnostic view of latent-token interactions with modality tokens; it is not absolute causal importance.
MedicalImages,raw_conditioned_context_bottleneck__raw_stats_GAF_STFT,raw_conditioned_context_bottleneck,raw_stats_GAF_STFT,Z3,stft,0.25889724493026733,0.41285979747772217,Attention is a diagnostic view of latent-token interactions with modality tokens; it is not absolute causal importance.
MedicalImages,raw_conditioned_context_bottleneck__raw_stats_GAF_STFT,raw_conditioned_context_bottleneck,raw_stats_GAF_STFT,Z4,stats,0.16580909490585327,0.34364622831344604,Attention is a diagnostic view of latent-token interactions with modality tokens; it is not absolute causal importance.
MedicalImages,raw_conditioned_context_bottleneck__raw_stats_GAF_STFT,raw_conditioned_context_bottleneck,raw_stats_GAF_STFT,Z4,gaf,0.3713778555393219,0.45514002442359924,Attention is a diagnostic view of latent-token interactions with modality tokens; it is not absolute causal importance.
MedicalImages,raw_conditioned_context_bottleneck__raw_stats_GAF_STFT,raw_conditioned_context_bottleneck,raw_stats_GAF_STFT,Z4,stft,0.46281304955482483,0.47492340207099915,Attention is a diagnostic view of latent-token interactions with modality tokens; it is not absolute causal importance.
FacesUCR,raw_residual_bottleneck__raw_STFT,raw_residual_bottleneck,raw_STFT,Z1,raw,0.19313524663448334,0.3774143159389496,Attention is a diagnostic view of latent-token interactions with modality tokens; it is not absolute causal importance.
FacesUCR,raw_residual_bottleneck__raw_STFT,raw_residual_bottleneck,raw_STFT,Z1,stft,0.8068647384643555,0.3774143159389496,Attention is a diagnostic view of latent-token interactions with modality tokens; it is not absolute causal importance.
FacesUCR,raw_residual_bottleneck__raw_STFT,raw_residual_bottleneck,raw_STFT,Z2,raw,0.2331220656633377,0.40292030572891235,Attention is a diagnostic view of latent-token interactions with modality tokens; it is not absolute causal importance.
FacesUCR,raw_residual_bottleneck__raw_STFT,raw_residual_bottleneck,raw_STFT,Z2,stft,0.7668779492378235,0.40292030572891235,Attention is a diagnostic view of latent-token interactions with modality tokens; it is not absolute causal importance.
FacesUCR,raw_residual_bottleneck__raw_STFT,raw_residual_bottleneck,raw_STFT,Z3,raw,0.3318724036216736,0.4555525481700897,Attention is a diagnostic view of latent-token interactions with modality tokens; it is not absolute causal importance.
FacesUCR,raw_residual_bottleneck__raw_STFT,raw_residual_bottleneck,raw_STFT,Z3,stft,0.6681275963783264,0.4555525481700897,Attention is a diagnostic view of latent-token interactions with modality tokens; it is not absolute causal importance.
FacesUCR,raw_residual_bottleneck__raw_STFT,raw_residual_bottleneck,raw_STFT,Z4,raw,0.2438119798898697,0.4113771319389343,Attention is a diagnostic view of latent-token interactions with modality tokens; it is not absolute causal importance.
FacesUCR,raw_residual_bottleneck__raw_STFT,raw_residual_bottleneck,raw_STFT,Z4,stft,0.7561880350112915,0.4113771319389343,Attention is a diagnostic view of latent-token interactions with modality tokens; it is not absolute causal importance.
FacesUCR,raw_residual_bottleneck__raw_GAF,raw_residual_bottleneck,raw_GAF,Z1,raw,0.3426394462585449,0.44431957602500916,Attention is a diagnostic view of latent-token interactions with modality tokens; it is not absolute causal importance.
FacesUCR,raw_residual_bottleneck__raw_GAF,raw_residual_bottleneck,raw_GAF,Z1,gaf,0.6573605537414551,0.44431957602500916,Attention is a diagnostic view of latent-token interactions with modality tokens; it is not absolute causal importance.
FacesUCR,raw_residual_bottleneck__raw_GAF,raw_residual_bottleneck,raw_GAF,Z2,raw,0.35988563299179077,0.44890260696411133,Attention is a diagnostic view of latent-token interactions with modality tokens; it is not absolute causal importance.
FacesUCR,raw_residual_bottleneck__raw_GAF,raw_residual_bottleneck,raw_GAF,Z2,gaf,0.6401143074035645,0.44890260696411133,Attention is a diagnostic view of latent-token interactions with modality tokens; it is not absolute causal importance.
FacesUCR,raw_residual_bottleneck__raw_GAF,raw_residual_bottleneck,raw_GAF,Z3,raw,0.3400613069534302,0.43919989466667175,Attention is a diagnostic view of latent-token interactions with modality tokens; it is not absolute causal importance.
FacesUCR,raw_residual_bottleneck__raw_GAF,raw_residual_bottleneck,raw_GAF,Z3,gaf,0.6599387526512146,0.43919989466667175,Attention is a diagnostic view of latent-token interactions with modality tokens; it is not absolute causal importance.
FacesUCR,raw_residual_bottleneck__raw_GAF,raw_residual_bottleneck,raw_GAF,Z4,raw,0.3554042875766754,0.43417611718177795,Attention is a diagnostic view of latent-token interactions with modality tokens; it is not absolute causal importance.
FacesUCR,raw_residual_bottleneck__raw_GAF,raw_residual_bottleneck,raw_GAF,Z4,gaf,0.6445956826210022,0.43417611718177795,Attention is a diagnostic view of latent-token interactions with modality tokens; it is not absolute causal importance.
FacesUCR,raw_residual_bottleneck__raw_stats_STFT,raw_residual_bottleneck,raw_stats_STFT,Z1,raw,0.24957886338233948,0.4137386679649353,Attention is a diagnostic view of latent-token interactions with modality tokens; it is not absolute causal importance.
FacesUCR,raw_residual_bottleneck__raw_stats_STFT,raw_residual_bottleneck,raw_stats_STFT,Z1,stats,0.6355807781219482,0.46566975116729736,Attention is a diagnostic view of latent-token interactions with modality tokens; it is not absolute causal importance.
FacesUCR,raw_residual_bottleneck__raw_stats_STFT,raw_residual_bottleneck,raw_stats_STFT,Z1,stft,0.11484050005674362,0.31182780861854553,Attention is a diagnostic view of latent-token interactions with modality tokens; it is not absolute causal importance.
FacesUCR,raw_residual_bottleneck__raw_stats_STFT,raw_residual_bottleneck,raw_stats_STFT,Z2,raw,0.22104240953922272,0.38872212171554565,Attention is a diagnostic view of latent-token interactions with modality tokens; it is not absolute causal importance.
FacesUCR,raw_residual_bottleneck__raw_stats_STFT,raw_residual_bottleneck,raw_stats_STFT,Z2,stats,0.6530194878578186,0.4543781280517578,Attention is a diagnostic view of latent-token interactions with modality tokens; it is not absolute causal importance.
FacesUCR,raw_residual_bottleneck__raw_stats_STFT,raw_residual_bottleneck,raw_stats_STFT,Z2,stft,0.12593811750411987,0.3227214515209198,Attention is a diagnostic view of latent-token interactions with modality tokens; it is not absolute causal importance.
FacesUCR,raw_residual_bottleneck__raw_stats_STFT,raw_residual_bottleneck,raw_stats_STFT,Z3,raw,0.26749086380004883,0.3931546211242676,Attention is a diagnostic view of latent-token interactions with modality tokens; it is not absolute causal importance.
FacesUCR,raw_residual_bottleneck__raw_stats_STFT,raw_residual_bottleneck,raw_stats_STFT,Z3,stats,0.616314172744751,0.44500717520713806,Attention is a diagnostic view of latent-token interactions with modality tokens; it is not absolute causal importance.
FacesUCR,raw_residual_bottleneck__raw_stats_STFT,raw_residual_bottleneck,raw_stats_STFT,Z3,stft,0.116194948554039,0.30553138256073,Attention is a diagnostic view of latent-token interactions with modality tokens; it is not absolute causal importance.
FacesUCR,raw_residual_bottleneck__raw_stats_STFT,raw_residual_bottleneck,raw_stats_STFT,Z4,raw,0.2262600064277649,0.39350420236587524,Attention is a diagnostic view of latent-token interactions with modality tokens; it is not absolute causal importance.
FacesUCR,raw_residual_bottleneck__raw_stats_STFT,raw_residual_bottleneck,raw_stats_STFT,Z4,stats,0.6512121558189392,0.4563569128513336,Attention is a diagnostic view of latent-token interactions with modality tokens; it is not absolute causal importance.
FacesUCR,raw_residual_bottleneck__raw_stats_STFT,raw_residual_bottleneck,raw_stats_STFT,Z4,stft,0.12252791970968246,0.32103660702705383,Attention is a diagnostic view of latent-token interactions with modality tokens; it is not absolute causal importance.
FacesUCR,raw_residual_bottleneck__raw_stats_GAF_STFT,raw_residual_bottleneck,raw_stats_GAF_STFT,Z1,raw,0.09289558976888657,0.24013741314411163,Attention is a diagnostic view of latent-token interactions with modality tokens; it is not absolute causal importance.
FacesUCR,raw_residual_bottleneck__raw_stats_GAF_STFT,raw_residual_bottleneck,raw_stats_GAF_STFT,Z1,stats,0.6584925651550293,0.4416307210922241,Attention is a diagnostic view of latent-token interactions with modality tokens; it is not absolute causal importance.
FacesUCR,raw_residual_bottleneck__raw_stats_GAF_STFT,raw_residual_bottleneck,raw_stats_GAF_STFT,Z1,gaf,0.0059538353234529495,0.04597940295934677,Attention is a diagnostic view of latent-token interactions with modality tokens; it is not absolute causal importance.
FacesUCR,raw_residual_bottleneck__raw_stats_GAF_STFT,raw_residual_bottleneck,raw_stats_GAF_STFT,Z1,stft,0.24265798926353455,0.41741180419921875,Attention is a diagnostic view of latent-token interactions with modality tokens; it is not absolute causal importance.
FacesUCR,raw_residual_bottleneck__raw_stats_GAF_STFT,raw_residual_bottleneck,raw_stats_GAF_STFT,Z2,raw,0.019236572086811066,0.10100831091403961,Attention is a diagnostic view of latent-token interactions with modality tokens; it is not absolute causal importance.
FacesUCR,raw_residual_bottleneck__raw_stats_GAF_STFT,raw_residual_bottleneck,raw_stats_GAF_STFT,Z2,stats,0.5391503572463989,0.4857836961746216,Attention is a diagnostic view of latent-token interactions with modality tokens; it is not absolute causal importance.
FacesUCR,raw_residual_bottleneck__raw_stats_GAF_STFT,raw_residual_bottleneck,raw_stats_GAF_STFT,Z2,gaf,0.020732218399643898,0.1321508139371872,Attention is a diagnostic view of latent-token interactions with modality tokens; it is not absolute causal importance.
FacesUCR,raw_residual_bottleneck__raw_stats_GAF_STFT,raw_residual_bottleneck,raw_stats_GAF_STFT,Z2,stft,0.42088082432746887,0.48220571875572205,Attention is a diagnostic view of latent-token interactions with modality tokens; it is not absolute causal importance.
FacesUCR,raw_residual_bottleneck__raw_stats_GAF_STFT,raw_residual_bottleneck,raw_stats_GAF_STFT,Z3,raw,0.02355574443936348,0.11905285716056824,Attention is a diagnostic view of latent-token interactions with modality tokens; it is not absolute causal importance.
FacesUCR,raw_residual_bottleneck__raw_stats_GAF_STFT,raw_residual_bottleneck,raw_stats_GAF_STFT,Z3,stats,0.5529703497886658,0.48539745807647705,Attention is a diagnostic view of latent-token interactions with modality tokens; it is not absolute causal importance.
FacesUCR,raw_residual_bottleneck__raw_stats_GAF_STFT,raw_residual_bottleneck,raw_stats_GAF_STFT,Z3,gaf,0.013345981016755104,0.09425176680088043,Attention is a diagnostic view of latent-token interactions with modality tokens; it is not absolute causal importance.
FacesUCR,raw_residual_bottleneck__raw_stats_GAF_STFT,raw_residual_bottleneck,raw_stats_GAF_STFT,Z3,stft,0.4101278781890869,0.4808698892593384,Attention is a diagnostic view of latent-token interactions with modality tokens; it is not absolute causal importance.
FacesUCR,raw_residual_bottleneck__raw_stats_GAF_STFT,raw_residual_bottleneck,raw_stats_GAF_STFT,Z4,raw,0.04019840434193611,0.15476690232753754,Attention is a diagnostic view of latent-token interactions with modality tokens; it is not absolute causal importance.
FacesUCR,raw_residual_bottleneck__raw_stats_GAF_STFT,raw_residual_bottleneck,raw_stats_GAF_STFT,Z4,stats,0.5611086487770081,0.468842476606369,Attention is a diagnostic view of latent-token interactions with modality tokens; it is not absolute causal importance.
FacesUCR,raw_residual_bottleneck__raw_stats_GAF_STFT,raw_residual_bottleneck,raw_stats_GAF_STFT,Z4,gaf,0.027477087453007698,0.15850894153118134,Attention is a diagnostic view of latent-token interactions with modality tokens; it is not absolute causal importance.
FacesUCR,raw_residual_bottleneck__raw_stats_GAF_STFT,raw_residual_bottleneck,raw_stats_GAF_STFT,Z4,stft,0.37121590971946716,0.4567795991897583,Attention is a diagnostic view of latent-token interactions with modality tokens; it is not absolute causal importance.
FacesUCR,context_only_residual_bottleneck__raw_STFT,context_only_residual_bottleneck,raw_STFT,Z1,stft,1.0,0.0,Attention is a diagnostic view of latent-token interactions with modality tokens; it is not absolute causal importance.
FacesUCR,context_only_residual_bottleneck__raw_STFT,context_only_residual_bottleneck,raw_STFT,Z2,stft,1.0,0.0,Attention is a diagnostic view of latent-token interactions with modality tokens; it is not absolute causal importance.
FacesUCR,context_only_residual_bottleneck__raw_STFT,context_only_residual_bottleneck,raw_STFT,Z3,stft,1.0,0.0,Attention is a diagnostic view of latent-token interactions with modality tokens; it is not absolute causal importance.
FacesUCR,context_only_residual_bottleneck__raw_STFT,context_only_residual_bottleneck,raw_STFT,Z4,stft,1.0,0.0,Attention is a diagnostic view of latent-token interactions with modality tokens; it is not absolute causal importance.
FacesUCR,context_only_residual_bottleneck__raw_GAF,context_only_residual_bottleneck,raw_GAF,Z1,gaf,1.0,0.0,Attention is a diagnostic view of latent-token interactions with modality tokens; it is not absolute causal importance.
FacesUCR,context_only_residual_bottleneck__raw_GAF,context_only_residual_bottleneck,raw_GAF,Z2,gaf,1.0,0.0,Attention is a diagnostic view of latent-token interactions with modality tokens; it is not absolute causal importance.
FacesUCR,context_only_residual_bottleneck__raw_GAF,context_only_residual_bottleneck,raw_GAF,Z3,gaf,1.0,0.0,Attention is a diagnostic view of latent-token interactions with modality tokens; it is not absolute causal importance.
FacesUCR,context_only_residual_bottleneck__raw_GAF,context_only_residual_bottleneck,raw_GAF,Z4,gaf,1.0,0.0,Attention is a diagnostic view of latent-token interactions with modality tokens; it is not absolute causal importance.
FacesUCR,context_only_residual_bottleneck__raw_stats_STFT,context_only_residual_bottleneck,raw_stats_STFT,Z1,stats,0.7102389931678772,0.4283358156681061,Attention is a diagnostic view of latent-token interactions with modality tokens; it is not absolute causal importance.
FacesUCR,context_only_residual_bottleneck__raw_stats_STFT,context_only_residual_bottleneck,raw_stats_STFT,Z1,stft,0.2897609770298004,0.4283358156681061,Attention is a diagnostic view of latent-token interactions with modality tokens; it is not absolute causal importance.
FacesUCR,context_only_residual_bottleneck__raw_stats_STFT,context_only_residual_bottleneck,raw_stats_STFT,Z2,stats,0.7721783518791199,0.40373098850250244,Attention is a diagnostic view of latent-token interactions with modality tokens; it is not absolute causal importance.
FacesUCR,context_only_residual_bottleneck__raw_stats_STFT,context_only_residual_bottleneck,raw_stats_STFT,Z2,stft,0.22782160341739655,0.40373098850250244,Attention is a diagnostic view of latent-token interactions with modality tokens; it is not absolute causal importance.
FacesUCR,context_only_residual_bottleneck__raw_stats_STFT,context_only_residual_bottleneck,raw_stats_STFT,Z3,stats,0.7489728331565857,0.41667625308036804,Attention is a diagnostic view of latent-token interactions with modality tokens; it is not absolute causal importance.
FacesUCR,context_only_residual_bottleneck__raw_stats_STFT,context_only_residual_bottleneck,raw_stats_STFT,Z3,stft,0.2510271668434143,0.41667625308036804,Attention is a diagnostic view of latent-token interactions with modality tokens; it is not absolute causal importance.
FacesUCR,context_only_residual_bottleneck__raw_stats_STFT,context_only_residual_bottleneck,raw_stats_STFT,Z4,stats,0.7778506278991699,0.3999311029911041,Attention is a diagnostic view of latent-token interactions with modality tokens; it is not absolute causal importance.
FacesUCR,context_only_residual_bottleneck__raw_stats_STFT,context_only_residual_bottleneck,raw_stats_STFT,Z4,stft,0.22214941680431366,0.3999311029911041,Attention is a diagnostic view of latent-token interactions with modality tokens; it is not absolute causal importance.
FacesUCR,context_only_residual_bottleneck__raw_stats_GAF_STFT,context_only_residual_bottleneck,raw_stats_GAF_STFT,Z1,stats,0.593766450881958,0.4667354226112366,Attention is a diagnostic view of latent-token interactions with modality tokens; it is not absolute causal importance.
FacesUCR,context_only_residual_bottleneck__raw_stats_GAF_STFT,context_only_residual_bottleneck,raw_stats_GAF_STFT,Z1,gaf,0.0062407441437244415,0.051272861659526825,Attention is a diagnostic view of latent-token interactions with modality tokens; it is not absolute causal importance.
FacesUCR,context_only_residual_bottleneck__raw_stats_GAF_STFT,context_only_residual_bottleneck,raw_stats_GAF_STFT,Z1,stft,0.39999282360076904,0.4664595127105713,Attention is a diagnostic view of latent-token interactions with modality tokens; it is not absolute causal importance.
FacesUCR,context_only_residual_bottleneck__raw_stats_GAF_STFT,context_only_residual_bottleneck,raw_stats_GAF_STFT,Z2,stats,0.5890119075775146,0.47590526938438416,Attention is a diagnostic view of latent-token interactions with modality tokens; it is not absolute causal importance.
FacesUCR,context_only_residual_bottleneck__raw_stats_GAF_STFT,context_only_residual_bottleneck,raw_stats_GAF_STFT,Z2,gaf,0.00872612465173006,0.06102950498461723,Attention is a diagnostic view of latent-token interactions with modality tokens; it is not absolute causal importance.
FacesUCR,context_only_residual_bottleneck__raw_stats_GAF_STFT,context_only_residual_bottleneck,raw_stats_GAF_STFT,Z2,stft,0.40226200222969055,0.4729668200016022,Attention is a diagnostic view of latent-token interactions with modality tokens; it is not absolute causal importance.
FacesUCR,context_only_residual_bottleneck__raw_stats_GAF_STFT,context_only_residual_bottleneck,raw_stats_GAF_STFT,Z3,stats,0.6663430333137512,0.42767783999443054,Attention is a diagnostic view of latent-token interactions with modality tokens; it is not absolute causal importance.
FacesUCR,context_only_residual_bottleneck__raw_stats_GAF_STFT,context_only_residual_bottleneck,raw_stats_GAF_STFT,Z3,gaf,0.06887738406658173,0.17554588615894318,Attention is a diagnostic view of latent-token interactions with modality tokens; it is not absolute causal importance.
FacesUCR,context_only_residual_bottleneck__raw_stats_GAF_STFT,context_only_residual_bottleneck,raw_stats_GAF_STFT,Z3,stft,0.26477959752082825,0.3726034462451935,Attention is a diagnostic view of latent-token interactions with modality tokens; it is not absolute causal importance.
FacesUCR,context_only_residual_bottleneck__raw_stats_GAF_STFT,context_only_residual_bottleneck,raw_stats_GAF_STFT,Z4,stats,0.7559507489204407,0.367665559053421,Attention is a diagnostic view of latent-token interactions with modality tokens; it is not absolute causal importance.
FacesUCR,context_only_residual_bottleneck__raw_stats_GAF_STFT,context_only_residual_bottleneck,raw_stats_GAF_STFT,Z4,gaf,0.15329454839229584,0.30933767557144165,Attention is a diagnostic view of latent-token interactions with modality tokens; it is not absolute causal importance.
FacesUCR,context_only_residual_bottleneck__raw_stats_GAF_STFT,context_only_residual_bottleneck,raw_stats_GAF_STFT,Z4,stft,0.09075470268726349,0.25106075406074524,Attention is a diagnostic view of latent-token interactions with modality tokens; it is not absolute causal importance.
FacesUCR,raw_conditioned_context_bottleneck__raw_STFT,raw_conditioned_context_bottleneck,raw_STFT,Z1,stft,1.0,0.0,Attention is a diagnostic view of latent-token interactions with modality tokens; it is not absolute causal importance.
FacesUCR,raw_conditioned_context_bottleneck__raw_STFT,raw_conditioned_context_bottleneck,raw_STFT,Z2,stft,1.0,0.0,Attention is a diagnostic view of latent-token interactions with modality tokens; it is not absolute causal importance.
FacesUCR,raw_conditioned_context_bottleneck__raw_STFT,raw_conditioned_context_bottleneck,raw_STFT,Z3,stft,1.0,0.0,Attention is a diagnostic view of latent-token interactions with modality tokens; it is not absolute causal importance.
FacesUCR,raw_conditioned_context_bottleneck__raw_STFT,raw_conditioned_context_bottleneck,raw_STFT,Z4,stft,1.0,0.0,Attention is a diagnostic view of latent-token interactions with modality tokens; it is not absolute causal importance.
FacesUCR,raw_conditioned_context_bottleneck__raw_GAF,raw_conditioned_context_bottleneck,raw_GAF,Z1,gaf,1.0,0.0,Attention is a diagnostic view of latent-token interactions with modality tokens; it is not absolute causal importance.
FacesUCR,raw_conditioned_context_bottleneck__raw_GAF,raw_conditioned_context_bottleneck,raw_GAF,Z2,gaf,1.0,0.0,Attention is a diagnostic view of latent-token interactions with modality tokens; it is not absolute causal importance.
FacesUCR,raw_conditioned_context_bottleneck__raw_GAF,raw_conditioned_context_bottleneck,raw_GAF,Z3,gaf,1.0,0.0,Attention is a diagnostic view of latent-token interactions with modality tokens; it is not absolute causal importance.
FacesUCR,raw_conditioned_context_bottleneck__raw_GAF,raw_conditioned_context_bottleneck,raw_GAF,Z4,gaf,1.0,0.0,Attention is a diagnostic view of latent-token interactions with modality tokens; it is not absolute causal importance.
FacesUCR,raw_conditioned_context_bottleneck__raw_stats_STFT,raw_conditioned_context_bottleneck,raw_stats_STFT,Z1,stats,0.7820187211036682,0.35411277413368225,Attention is a diagnostic view of latent-token interactions with modality tokens; it is not absolute causal importance.
FacesUCR,raw_conditioned_context_bottleneck__raw_stats_STFT,raw_conditioned_context_bottleneck,raw_stats_STFT,Z1,stft,0.21798129379749298,0.35411277413368225,Attention is a diagnostic view of latent-token interactions with modality tokens; it is not absolute causal importance.
FacesUCR,raw_conditioned_context_bottleneck__raw_stats_STFT,raw_conditioned_context_bottleneck,raw_stats_STFT,Z2,stats,0.8808870315551758,0.2721209228038788,Attention is a diagnostic view of latent-token interactions with modality tokens; it is not absolute causal importance.
FacesUCR,raw_conditioned_context_bottleneck__raw_stats_STFT,raw_conditioned_context_bottleneck,raw_stats_STFT,Z2,stft,0.11911296099424362,0.2721209228038788,Attention is a diagnostic view of latent-token interactions with modality tokens; it is not absolute causal importance.
FacesUCR,raw_conditioned_context_bottleneck__raw_stats_STFT,raw_conditioned_context_bottleneck,raw_stats_STFT,Z3,stats,0.8818783164024353,0.2773800194263458,Attention is a diagnostic view of latent-token interactions with modality tokens; it is not absolute causal importance.
FacesUCR,raw_conditioned_context_bottleneck__raw_stats_STFT,raw_conditioned_context_bottleneck,raw_stats_STFT,Z3,stft,0.11812170594930649,0.2773800194263458,Attention is a diagnostic view of latent-token interactions with modality tokens; it is not absolute causal importance.
FacesUCR,raw_conditioned_context_bottleneck__raw_stats_STFT,raw_conditioned_context_bottleneck,raw_stats_STFT,Z4,stats,0.5796895623207092,0.4335281252861023,Attention is a diagnostic view of latent-token interactions with modality tokens; it is not absolute causal importance.
FacesUCR,raw_conditioned_context_bottleneck__raw_stats_STFT,raw_conditioned_context_bottleneck,raw_stats_STFT,Z4,stft,0.4203104078769684,0.4335281252861023,Attention is a diagnostic view of latent-token interactions with modality tokens; it is not absolute causal importance.
FacesUCR,raw_conditioned_context_bottleneck__raw_stats_GAF_STFT,raw_conditioned_context_bottleneck,raw_stats_GAF_STFT,Z1,stats,0.8753349781036377,0.30396217107772827,Attention is a diagnostic view of latent-token interactions with modality tokens; it is not absolute causal importance.
FacesUCR,raw_conditioned_context_bottleneck__raw_stats_GAF_STFT,raw_conditioned_context_bottleneck,raw_stats_GAF_STFT,Z1,gaf,0.03640071302652359,0.14891909062862396,Attention is a diagnostic view of latent-token interactions with modality tokens; it is not absolute causal importance.
FacesUCR,raw_conditioned_context_bottleneck__raw_stats_GAF_STFT,raw_conditioned_context_bottleneck,raw_stats_GAF_STFT,Z1,stft,0.0882643312215805,0.2551744282245636,Attention is a diagnostic view of latent-token interactions with modality tokens; it is not absolute causal importance.
FacesUCR,raw_conditioned_context_bottleneck__raw_stats_GAF_STFT,raw_conditioned_context_bottleneck,raw_stats_GAF_STFT,Z2,stats,0.8399430513381958,0.33488404750823975,Attention is a diagnostic view of latent-token interactions with modality tokens; it is not absolute causal importance.
FacesUCR,raw_conditioned_context_bottleneck__raw_stats_GAF_STFT,raw_conditioned_context_bottleneck,raw_stats_GAF_STFT,Z2,gaf,0.027578668668866158,0.09591293334960938,Attention is a diagnostic view of latent-token interactions with modality tokens; it is not absolute causal importance.
FacesUCR,raw_conditioned_context_bottleneck__raw_stats_GAF_STFT,raw_conditioned_context_bottleneck,raw_stats_GAF_STFT,Z2,stft,0.132478266954422,0.30345502495765686,Attention is a diagnostic view of latent-token interactions with modality tokens; it is not absolute causal importance.
FacesUCR,raw_conditioned_context_bottleneck__raw_stats_GAF_STFT,raw_conditioned_context_bottleneck,raw_stats_GAF_STFT,Z3,stats,0.9061505794525146,0.26956093311309814,Attention is a diagnostic view of latent-token interactions with modality tokens; it is not absolute causal importance.
FacesUCR,raw_conditioned_context_bottleneck__raw_stats_GAF_STFT,raw_conditioned_context_bottleneck,raw_stats_GAF_STFT,Z3,gaf,0.009428039193153381,0.04811546951532364,Attention is a diagnostic view of latent-token interactions with modality tokens; it is not absolute causal importance.
FacesUCR,raw_conditioned_context_bottleneck__raw_stats_GAF_STFT,raw_conditioned_context_bottleneck,raw_stats_GAF_STFT,Z3,stft,0.08442143350839615,0.2520207166671753,Attention is a diagnostic view of latent-token interactions with modality tokens; it is not absolute causal importance.
FacesUCR,raw_conditioned_context_bottleneck__raw_stats_GAF_STFT,raw_conditioned_context_bottleneck,raw_stats_GAF_STFT,Z4,stats,0.6365740299224854,0.4544145166873932,Attention is a diagnostic view of latent-token interactions with modality tokens; it is not absolute causal importance.
FacesUCR,raw_conditioned_context_bottleneck__raw_stats_GAF_STFT,raw_conditioned_context_bottleneck,raw_stats_GAF_STFT,Z4,gaf,0.0906737744808197,0.21290276944637299,Attention is a diagnostic view of latent-token interactions with modality tokens; it is not absolute causal importance.
FacesUCR,raw_conditioned_context_bottleneck__raw_stats_GAF_STFT,raw_conditioned_context_bottleneck,raw_stats_GAF_STFT,Z4,stft,0.2727521061897278,0.39866703748703003,Attention is a diagnostic view of latent-token interactions with modality tokens; it is not absolute causal importance.
SwedishLeaf,raw_residual_bottleneck__raw_STFT,raw_residual_bottleneck,raw_STFT,Z1,raw,0.40860849618911743,0.4731135666370392,Attention is a diagnostic view of latent-token interactions with modality tokens; it is not absolute causal importance.
SwedishLeaf,raw_residual_bottleneck__raw_STFT,raw_residual_bottleneck,raw_STFT,Z1,stft,0.5913915038108826,0.4731135666370392,Attention is a diagnostic view of latent-token interactions with modality tokens; it is not absolute causal importance.
SwedishLeaf,raw_residual_bottleneck__raw_STFT,raw_residual_bottleneck,raw_STFT,Z2,raw,0.4396754503250122,0.4883004426956177,Attention is a diagnostic view of latent-token interactions with modality tokens; it is not absolute causal importance.
SwedishLeaf,raw_residual_bottleneck__raw_STFT,raw_residual_bottleneck,raw_STFT,Z2,stft,0.5603246092796326,0.4883004426956177,Attention is a diagnostic view of latent-token interactions with modality tokens; it is not absolute causal importance.
SwedishLeaf,raw_residual_bottleneck__raw_STFT,raw_residual_bottleneck,raw_STFT,Z3,raw,0.3838941752910614,0.4722106158733368,Attention is a diagnostic view of latent-token interactions with modality tokens; it is not absolute causal importance.
SwedishLeaf,raw_residual_bottleneck__raw_STFT,raw_residual_bottleneck,raw_STFT,Z3,stft,0.6161057353019714,0.4722106158733368,Attention is a diagnostic view of latent-token interactions with modality tokens; it is not absolute causal importance.
SwedishLeaf,raw_residual_bottleneck__raw_STFT,raw_residual_bottleneck,raw_STFT,Z4,raw,0.4429245591163635,0.4880797564983368,Attention is a diagnostic view of latent-token interactions with modality tokens; it is not absolute causal importance.
SwedishLeaf,raw_residual_bottleneck__raw_STFT,raw_residual_bottleneck,raw_STFT,Z4,stft,0.5570754408836365,0.4880797564983368,Attention is a diagnostic view of latent-token interactions with modality tokens; it is not absolute causal importance.
SwedishLeaf,raw_residual_bottleneck__raw_GAF,raw_residual_bottleneck,raw_GAF,Z1,raw,0.3008466362953186,0.42477595806121826,Attention is a diagnostic view of latent-token interactions with modality tokens; it is not absolute causal importance.
SwedishLeaf,raw_residual_bottleneck__raw_GAF,raw_residual_bottleneck,raw_GAF,Z1,gaf,0.6991533637046814,0.42477595806121826,Attention is a diagnostic view of latent-token interactions with modality tokens; it is not absolute causal importance.
SwedishLeaf,raw_residual_bottleneck__raw_GAF,raw_residual_bottleneck,raw_GAF,Z2,raw,0.31198495626449585,0.4407828748226166,Attention is a diagnostic view of latent-token interactions with modality tokens; it is not absolute causal importance.
SwedishLeaf,raw_residual_bottleneck__raw_GAF,raw_residual_bottleneck,raw_GAF,Z2,gaf,0.6880150437355042,0.4407828748226166,Attention is a diagnostic view of latent-token interactions with modality tokens; it is not absolute causal importance.
SwedishLeaf,raw_residual_bottleneck__raw_GAF,raw_residual_bottleneck,raw_GAF,Z3,raw,0.3059535026550293,0.4424900412559509,Attention is a diagnostic view of latent-token interactions with modality tokens; it is not absolute causal importance.
SwedishLeaf,raw_residual_bottleneck__raw_GAF,raw_residual_bottleneck,raw_GAF,Z3,gaf,0.6940464973449707,0.4424900412559509,Attention is a diagnostic view of latent-token interactions with modality tokens; it is not absolute causal importance.
SwedishLeaf,raw_residual_bottleneck__raw_GAF,raw_residual_bottleneck,raw_GAF,Z4,raw,0.34433862566947937,0.4433143138885498,Attention is a diagnostic view of latent-token interactions with modality tokens; it is not absolute causal importance.
SwedishLeaf,raw_residual_bottleneck__raw_GAF,raw_residual_bottleneck,raw_GAF,Z4,gaf,0.655661404132843,0.4433143138885498,Attention is a diagnostic view of latent-token interactions with modality tokens; it is not absolute causal importance.
SwedishLeaf,raw_residual_bottleneck__raw_stats_STFT,raw_residual_bottleneck,raw_stats_STFT,Z1,raw,0.10272844135761261,0.288450688123703,Attention is a diagnostic view of latent-token interactions with modality tokens; it is not absolute causal importance.
SwedishLeaf,raw_residual_bottleneck__raw_stats_STFT,raw_residual_bottleneck,raw_stats_STFT,Z1,stats,0.8972579836845398,0.28846850991249084,Attention is a diagnostic view of latent-token interactions with modality tokens; it is not absolute causal importance.
SwedishLeaf,raw_residual_bottleneck__raw_stats_STFT,raw_residual_bottleneck,raw_stats_STFT,Z1,stft,1.3611461326945573e-05,0.00016905357188079506,Attention is a diagnostic view of latent-token interactions with modality tokens; it is not absolute causal importance.
SwedishLeaf,raw_residual_bottleneck__raw_stats_STFT,raw_residual_bottleneck,raw_stats_STFT,Z2,raw,0.10853035748004913,0.2990580201148987,Attention is a diagnostic view of latent-token interactions with modality tokens; it is not absolute causal importance.
SwedishLeaf,raw_residual_bottleneck__raw_stats_STFT,raw_residual_bottleneck,raw_stats_STFT,Z2,stats,0.8914559483528137,0.2990744113922119,Attention is a diagnostic view of latent-token interactions with modality tokens; it is not absolute causal importance.
SwedishLeaf,raw_residual_bottleneck__raw_stats_STFT,raw_residual_bottleneck,raw_stats_STFT,Z2,stft,1.3667754501511808e-05,0.00018357858061790466,Attention is a diagnostic view of latent-token interactions with modality tokens; it is not absolute causal importance.
SwedishLeaf,raw_residual_bottleneck__raw_stats_STFT,raw_residual_bottleneck,raw_stats_STFT,Z3,raw,0.09142618626356125,0.276932954788208,Attention is a diagnostic view of latent-token interactions with modality tokens; it is not absolute causal importance.
SwedishLeaf,raw_residual_bottleneck__raw_stats_STFT,raw_residual_bottleneck,raw_stats_STFT,Z3,stats,0.9085694551467896,0.2769390046596527,Attention is a diagnostic view of latent-token interactions with modality tokens; it is not absolute causal importance.
SwedishLeaf,raw_residual_bottleneck__raw_stats_STFT,raw_residual_bottleneck,raw_stats_STFT,Z3,stft,4.411358531797305e-06,6.799421680625528e-05,Attention is a diagnostic view of latent-token interactions with modality tokens; it is not absolute causal importance.
SwedishLeaf,raw_residual_bottleneck__raw_stats_STFT,raw_residual_bottleneck,raw_stats_STFT,Z4,raw,0.11657533049583435,0.30970272421836853,Attention is a diagnostic view of latent-token interactions with modality tokens; it is not absolute causal importance.
SwedishLeaf,raw_residual_bottleneck__raw_stats_STFT,raw_residual_bottleneck,raw_stats_STFT,Z4,stats,0.8834186792373657,0.309710294008255,Attention is a diagnostic view of latent-token interactions with modality tokens; it is not absolute causal importance.
SwedishLeaf,raw_residual_bottleneck__raw_stats_STFT,raw_residual_bottleneck,raw_stats_STFT,Z4,stft,6.01520969212288e-06,7.948921120259911e-05,Attention is a diagnostic view of latent-token interactions with modality tokens; it is not absolute causal importance.
SwedishLeaf,raw_residual_bottleneck__raw_stats_GAF_STFT,raw_residual_bottleneck,raw_stats_GAF_STFT,Z1,raw,0.017283707857131958,0.1092332974076271,Attention is a diagnostic view of latent-token interactions with modality tokens; it is not absolute causal importance.
SwedishLeaf,raw_residual_bottleneck__raw_stats_GAF_STFT,raw_residual_bottleneck,raw_stats_GAF_STFT,Z1,stats,0.2511283755302429,0.43270546197891235,Attention is a diagnostic view of latent-token interactions with modality tokens; it is not absolute causal importance.
SwedishLeaf,raw_residual_bottleneck__raw_stats_GAF_STFT,raw_residual_bottleneck,raw_stats_GAF_STFT,Z1,gaf,0.4825596213340759,0.49549078941345215,Attention is a diagnostic view of latent-token interactions with modality tokens; it is not absolute causal importance.
SwedishLeaf,raw_residual_bottleneck__raw_stats_GAF_STFT,raw_residual_bottleneck,raw_stats_GAF_STFT,Z1,stft,0.24902833998203278,0.43106693029403687,Attention is a diagnostic view of latent-token interactions with modality tokens; it is not absolute causal importance.
SwedishLeaf,raw_residual_bottleneck__raw_stats_GAF_STFT,raw_residual_bottleneck,raw_stats_GAF_STFT,Z2,raw,0.03344546630978584,0.15893922746181488,Attention is a diagnostic view of latent-token interactions with modality tokens; it is not absolute causal importance.
SwedishLeaf,raw_residual_bottleneck__raw_stats_GAF_STFT,raw_residual_bottleneck,raw_stats_GAF_STFT,Z2,stats,0.2501033842563629,0.4328874945640564,Attention is a diagnostic view of latent-token interactions with modality tokens; it is not absolute causal importance.
SwedishLeaf,raw_residual_bottleneck__raw_stats_GAF_STFT,raw_residual_bottleneck,raw_stats_GAF_STFT,Z2,gaf,0.46406352519989014,0.49085596203804016,Attention is a diagnostic view of latent-token interactions with modality tokens; it is not absolute causal importance.
SwedishLeaf,raw_residual_bottleneck__raw_stats_GAF_STFT,raw_residual_bottleneck,raw_stats_GAF_STFT,Z2,stft,0.2523876130580902,0.43236035108566284,Attention is a diagnostic view of latent-token interactions with modality tokens; it is not absolute causal importance.
SwedishLeaf,raw_residual_bottleneck__raw_stats_GAF_STFT,raw_residual_bottleneck,raw_stats_GAF_STFT,Z3,raw,0.07265514880418777,0.24180960655212402,Attention is a diagnostic view of latent-token interactions with modality tokens; it is not absolute causal importance.
SwedishLeaf,raw_residual_bottleneck__raw_stats_GAF_STFT,raw_residual_bottleneck,raw_stats_GAF_STFT,Z3,stats,0.4605180621147156,0.4884894788265228,Attention is a diagnostic view of latent-token interactions with modality tokens; it is not absolute causal importance.
SwedishLeaf,raw_residual_bottleneck__raw_stats_GAF_STFT,raw_residual_bottleneck,raw_stats_GAF_STFT,Z3,gaf,0.0006535814027301967,0.010084539651870728,Attention is a diagnostic view of latent-token interactions with modality tokens; it is not absolute causal importance.
SwedishLeaf,raw_residual_bottleneck__raw_stats_GAF_STFT,raw_residual_bottleneck,raw_stats_GAF_STFT,Z3,stft,0.4661731421947479,0.4874841570854187,Attention is a diagnostic view of latent-token interactions with modality tokens; it is not absolute causal importance.
SwedishLeaf,raw_residual_bottleneck__raw_stats_GAF_STFT,raw_residual_bottleneck,raw_stats_GAF_STFT,Z4,raw,0.0508686788380146,0.19779033958911896,Attention is a diagnostic view of latent-token interactions with modality tokens; it is not absolute causal importance.
SwedishLeaf,raw_residual_bottleneck__raw_stats_GAF_STFT,raw_residual_bottleneck,raw_stats_GAF_STFT,Z4,stats,0.25305116176605225,0.43330085277557373,Attention is a diagnostic view of latent-token interactions with modality tokens; it is not absolute causal importance.
SwedishLeaf,raw_residual_bottleneck__raw_stats_GAF_STFT,raw_residual_bottleneck,raw_stats_GAF_STFT,Z4,gaf,0.40984857082366943,0.4832912087440491,Attention is a diagnostic view of latent-token interactions with modality tokens; it is not absolute causal importance.
SwedishLeaf,raw_residual_bottleneck__raw_stats_GAF_STFT,raw_residual_bottleneck,raw_stats_GAF_STFT,Z4,stft,0.2862315773963928,0.4461521506309509,Attention is a diagnostic view of latent-token interactions with modality tokens; it is not absolute causal importance.
SwedishLeaf,context_only_residual_bottleneck__raw_STFT,context_only_residual_bottleneck,raw_STFT,Z1,stft,1.0,0.0,Attention is a diagnostic view of latent-token interactions with modality tokens; it is not absolute causal importance.
SwedishLeaf,context_only_residual_bottleneck__raw_STFT,context_only_residual_bottleneck,raw_STFT,Z2,stft,1.0,0.0,Attention is a diagnostic view of latent-token interactions with modality tokens; it is not absolute causal importance.
SwedishLeaf,context_only_residual_bottleneck__raw_STFT,context_only_residual_bottleneck,raw_STFT,Z3,stft,1.0,0.0,Attention is a diagnostic view of latent-token interactions with modality tokens; it is not absolute causal importance.
SwedishLeaf,context_only_residual_bottleneck__raw_STFT,context_only_residual_bottleneck,raw_STFT,Z4,stft,1.0,0.0,Attention is a diagnostic view of latent-token interactions with modality tokens; it is not absolute causal importance.
SwedishLeaf,context_only_residual_bottleneck__raw_GAF,context_only_residual_bottleneck,raw_GAF,Z1,gaf,1.0,0.0,Attention is a diagnostic view of latent-token interactions with modality tokens; it is not absolute causal importance.
SwedishLeaf,context_only_residual_bottleneck__raw_GAF,context_only_residual_bottleneck,raw_GAF,Z2,gaf,1.0,0.0,Attention is a diagnostic view of latent-token interactions with modality tokens; it is not absolute causal importance.
SwedishLeaf,context_only_residual_bottleneck__raw_GAF,context_only_residual_bottleneck,raw_GAF,Z3,gaf,1.0,0.0,Attention is a diagnostic view of latent-token interactions with modality tokens; it is not absolute causal importance.
SwedishLeaf,context_only_residual_bottleneck__raw_GAF,context_only_residual_bottleneck,raw_GAF,Z4,gaf,1.0,0.0,Attention is a diagnostic view of latent-token interactions with modality tokens; it is not absolute causal importance.
SwedishLeaf,context_only_residual_bottleneck__raw_stats_STFT,context_only_residual_bottleneck,raw_stats_STFT,Z1,stats,0.7338894009590149,0.4415840804576874,Attention is a diagnostic view of latent-token interactions with modality tokens; it is not absolute causal importance.
SwedishLeaf,context_only_residual_bottleneck__raw_stats_STFT,context_only_residual_bottleneck,raw_stats_STFT,Z1,stft,0.2661105990409851,0.4415840804576874,Attention is a diagnostic view of latent-token interactions with modality tokens; it is not absolute causal importance.
SwedishLeaf,context_only_residual_bottleneck__raw_stats_STFT,context_only_residual_bottleneck,raw_stats_STFT,Z2,stats,0.9761910438537598,0.15013107657432556,Attention is a diagnostic view of latent-token interactions with modality tokens; it is not absolute causal importance.
SwedishLeaf,context_only_residual_bottleneck__raw_stats_STFT,context_only_residual_bottleneck,raw_stats_STFT,Z2,stft,0.02380901761353016,0.15013107657432556,Attention is a diagnostic view of latent-token interactions with modality tokens; it is not absolute causal importance.
SwedishLeaf,context_only_residual_bottleneck__raw_stats_STFT,context_only_residual_bottleneck,raw_stats_STFT,Z3,stats,0.2664104104042053,0.4417281150817871,Attention is a diagnostic view of latent-token interactions with modality tokens; it is not absolute causal importance.
SwedishLeaf,context_only_residual_bottleneck__raw_stats_STFT,context_only_residual_bottleneck,raw_stats_STFT,Z3,stft,0.7335895895957947,0.4417281150817871,Attention is a diagnostic view of latent-token interactions with modality tokens; it is not absolute causal importance.
SwedishLeaf,context_only_residual_bottleneck__raw_stats_STFT,context_only_residual_bottleneck,raw_stats_STFT,Z4,stats,0.983892560005188,0.12443070113658905,Attention is a diagnostic view of latent-token interactions with modality tokens; it is not absolute causal importance.
SwedishLeaf,context_only_residual_bottleneck__raw_stats_STFT,context_only_residual_bottleneck,raw_stats_STFT,Z4,stft,0.0161074697971344,0.12443070113658905,Attention is a diagnostic view of latent-token interactions with modality tokens; it is not absolute causal importance.
SwedishLeaf,context_only_residual_bottleneck__raw_stats_GAF_STFT,context_only_residual_bottleneck,raw_stats_GAF_STFT,Z1,stats,0.38338497281074524,0.4724076986312866,Attention is a diagnostic view of latent-token interactions with modality tokens; it is not absolute causal importance.
SwedishLeaf,context_only_residual_bottleneck__raw_stats_GAF_STFT,context_only_residual_bottleneck,raw_stats_GAF_STFT,Z1,gaf,0.33910971879959106,0.4605977237224579,Attention is a diagnostic view of latent-token interactions with modality tokens; it is not absolute causal importance.
SwedishLeaf,context_only_residual_bottleneck__raw_stats_GAF_STFT,context_only_residual_bottleneck,raw_stats_GAF_STFT,Z1,stft,0.2775053381919861,0.43909844756126404,Attention is a diagnostic view of latent-token interactions with modality tokens; it is not absolute causal importance.
SwedishLeaf,context_only_residual_bottleneck__raw_stats_GAF_STFT,context_only_residual_bottleneck,raw_stats_GAF_STFT,Z2,stats,0.26233211159706116,0.43588975071907043,Attention is a diagnostic view of latent-token interactions with modality tokens; it is not absolute causal importance.
SwedishLeaf,context_only_residual_bottleneck__raw_stats_GAF_STFT,context_only_residual_bottleneck,raw_stats_GAF_STFT,Z2,gaf,0.4876476526260376,0.4963010549545288,Attention is a diagnostic view of latent-token interactions with modality tokens; it is not absolute causal importance.
SwedishLeaf,context_only_residual_bottleneck__raw_stats_GAF_STFT,context_only_residual_bottleneck,raw_stats_GAF_STFT,Z2,stft,0.25002023577690125,0.43300119042396545,Attention is a diagnostic view of latent-token interactions with modality tokens; it is not absolute causal importance.
SwedishLeaf,context_only_residual_bottleneck__raw_stats_GAF_STFT,context_only_residual_bottleneck,raw_stats_GAF_STFT,Z3,stats,0.25045448541641235,0.43283140659332275,Attention is a diagnostic view of latent-token interactions with modality tokens; it is not absolute causal importance.
SwedishLeaf,context_only_residual_bottleneck__raw_stats_GAF_STFT,context_only_residual_bottleneck,raw_stats_GAF_STFT,Z3,gaf,0.47167661786079407,0.49531152844429016,Attention is a diagnostic view of latent-token interactions with modality tokens; it is not absolute causal importance.
SwedishLeaf,context_only_residual_bottleneck__raw_stats_GAF_STFT,context_only_residual_bottleneck,raw_stats_GAF_STFT,Z3,stft,0.2778688371181488,0.4440365135669708,Attention is a diagnostic view of latent-token interactions with modality tokens; it is not absolute causal importance.
SwedishLeaf,context_only_residual_bottleneck__raw_stats_GAF_STFT,context_only_residual_bottleneck,raw_stats_GAF_STFT,Z4,stats,0.31332677602767944,0.45168641209602356,Attention is a diagnostic view of latent-token interactions with modality tokens; it is not absolute causal importance.
SwedishLeaf,context_only_residual_bottleneck__raw_stats_GAF_STFT,context_only_residual_bottleneck,raw_stats_GAF_STFT,Z4,gaf,0.5356201529502869,0.48827704787254333,Attention is a diagnostic view of latent-token interactions with modality tokens; it is not absolute causal importance.
SwedishLeaf,context_only_residual_bottleneck__raw_stats_GAF_STFT,context_only_residual_bottleneck,raw_stats_GAF_STFT,Z4,stft,0.15105310082435608,0.3373444676399231,Attention is a diagnostic view of latent-token interactions with modality tokens; it is not absolute causal importance.
SwedishLeaf,raw_conditioned_context_bottleneck__raw_STFT,raw_conditioned_context_bottleneck,raw_STFT,Z1,stft,1.0,0.0,Attention is a diagnostic view of latent-token interactions with modality tokens; it is not absolute causal importance.
SwedishLeaf,raw_conditioned_context_bottleneck__raw_STFT,raw_conditioned_context_bottleneck,raw_STFT,Z2,stft,1.0,0.0,Attention is a diagnostic view of latent-token interactions with modality tokens; it is not absolute causal importance.
SwedishLeaf,raw_conditioned_context_bottleneck__raw_STFT,raw_conditioned_context_bottleneck,raw_STFT,Z3,stft,1.0,0.0,Attention is a diagnostic view of latent-token interactions with modality tokens; it is not absolute causal importance.
SwedishLeaf,raw_conditioned_context_bottleneck__raw_STFT,raw_conditioned_context_bottleneck,raw_STFT,Z4,stft,1.0,0.0,Attention is a diagnostic view of latent-token interactions with modality tokens; it is not absolute causal importance.
SwedishLeaf,raw_conditioned_context_bottleneck__raw_GAF,raw_conditioned_context_bottleneck,raw_GAF,Z1,gaf,1.0,0.0,Attention is a diagnostic view of latent-token interactions with modality tokens; it is not absolute causal importance.
SwedishLeaf,raw_conditioned_context_bottleneck__raw_GAF,raw_conditioned_context_bottleneck,raw_GAF,Z2,gaf,1.0,0.0,Attention is a diagnostic view of latent-token interactions with modality tokens; it is not absolute causal importance.
SwedishLeaf,raw_conditioned_context_bottleneck__raw_GAF,raw_conditioned_context_bottleneck,raw_GAF,Z3,gaf,1.0,0.0,Attention is a diagnostic view of latent-token interactions with modality tokens; it is not absolute causal importance.
SwedishLeaf,raw_conditioned_context_bottleneck__raw_GAF,raw_conditioned_context_bottleneck,raw_GAF,Z4,gaf,1.0,0.0,Attention is a diagnostic view of latent-token interactions with modality tokens; it is not absolute causal importance.
SwedishLeaf,raw_conditioned_context_bottleneck__raw_stats_STFT,raw_conditioned_context_bottleneck,raw_stats_STFT,Z1,stats,0.9463496208190918,0.20993530750274658,Attention is a diagnostic view of latent-token interactions with modality tokens; it is not absolute causal importance.
SwedishLeaf,raw_conditioned_context_bottleneck__raw_stats_STFT,raw_conditioned_context_bottleneck,raw_stats_STFT,Z1,stft,0.05365043506026268,0.20993530750274658,Attention is a diagnostic view of latent-token interactions with modality tokens; it is not absolute causal importance.
SwedishLeaf,raw_conditioned_context_bottleneck__raw_stats_STFT,raw_conditioned_context_bottleneck,raw_stats_STFT,Z2,stats,0.7461472153663635,0.4255359172821045,Attention is a diagnostic view of latent-token interactions with modality tokens; it is not absolute causal importance.
SwedishLeaf,raw_conditioned_context_bottleneck__raw_stats_STFT,raw_conditioned_context_bottleneck,raw_stats_STFT,Z2,stft,0.2538527846336365,0.4255359172821045,Attention is a diagnostic view of latent-token interactions with modality tokens; it is not absolute causal importance.
SwedishLeaf,raw_conditioned_context_bottleneck__raw_stats_STFT,raw_conditioned_context_bottleneck,raw_stats_STFT,Z3,stats,0.896833598613739,0.2930584251880646,Attention is a diagnostic view of latent-token interactions with modality tokens; it is not absolute causal importance.
SwedishLeaf,raw_conditioned_context_bottleneck__raw_stats_STFT,raw_conditioned_context_bottleneck,raw_stats_STFT,Z3,stft,0.10316643118858337,0.2930584251880646,Attention is a diagnostic view of latent-token interactions with modality tokens; it is not absolute causal importance.
SwedishLeaf,raw_conditioned_context_bottleneck__raw_stats_STFT,raw_conditioned_context_bottleneck,raw_stats_STFT,Z4,stats,0.7360836267471313,0.4276959002017975,Attention is a diagnostic view of latent-token interactions with modality tokens; it is not absolute causal importance.
SwedishLeaf,raw_conditioned_context_bottleneck__raw_stats_STFT,raw_conditioned_context_bottleneck,raw_stats_STFT,Z4,stft,0.26391634345054626,0.4276959002017975,Attention is a diagnostic view of latent-token interactions with modality tokens; it is not absolute causal importance.
SwedishLeaf,raw_conditioned_context_bottleneck__raw_stats_GAF_STFT,raw_conditioned_context_bottleneck,raw_stats_GAF_STFT,Z1,stats,0.18760612607002258,0.35133448243141174,Attention is a diagnostic view of latent-token interactions with modality tokens; it is not absolute causal importance.
SwedishLeaf,raw_conditioned_context_bottleneck__raw_stats_GAF_STFT,raw_conditioned_context_bottleneck,raw_stats_GAF_STFT,Z1,gaf,0.4620986878871918,0.46908506751060486,Attention is a diagnostic view of latent-token interactions with modality tokens; it is not absolute causal importance.
SwedishLeaf,raw_conditioned_context_bottleneck__raw_stats_GAF_STFT,raw_conditioned_context_bottleneck,raw_stats_GAF_STFT,Z1,stft,0.3502952456474304,0.45006945729255676,Attention is a diagnostic view of latent-token interactions with modality tokens; it is not absolute causal importance.
SwedishLeaf,raw_conditioned_context_bottleneck__raw_stats_GAF_STFT,raw_conditioned_context_bottleneck,raw_stats_GAF_STFT,Z2,stats,0.2157004326581955,0.38364213705062866,Attention is a diagnostic view of latent-token interactions with modality tokens; it is not absolute causal importance.
SwedishLeaf,raw_conditioned_context_bottleneck__raw_stats_GAF_STFT,raw_conditioned_context_bottleneck,raw_stats_GAF_STFT,Z2,gaf,0.3599974513053894,0.46242088079452515,Attention is a diagnostic view of latent-token interactions with modality tokens; it is not absolute causal importance.
SwedishLeaf,raw_conditioned_context_bottleneck__raw_stats_GAF_STFT,raw_conditioned_context_bottleneck,raw_stats_GAF_STFT,Z2,stft,0.4243021011352539,0.47148990631103516,Attention is a diagnostic view of latent-token interactions with modality tokens; it is not absolute causal importance.
SwedishLeaf,raw_conditioned_context_bottleneck__raw_stats_GAF_STFT,raw_conditioned_context_bottleneck,raw_stats_GAF_STFT,Z3,stats,0.16960345208644867,0.34543129801750183,Attention is a diagnostic view of latent-token interactions with modality tokens; it is not absolute causal importance.
SwedishLeaf,raw_conditioned_context_bottleneck__raw_stats_GAF_STFT,raw_conditioned_context_bottleneck,raw_stats_GAF_STFT,Z3,gaf,0.4178370237350464,0.4710197150707245,Attention is a diagnostic view of latent-token interactions with modality tokens; it is not absolute causal importance.
SwedishLeaf,raw_conditioned_context_bottleneck__raw_stats_GAF_STFT,raw_conditioned_context_bottleneck,raw_stats_GAF_STFT,Z3,stft,0.41255950927734375,0.47513875365257263,Attention is a diagnostic view of latent-token interactions with modality tokens; it is not absolute causal importance.
SwedishLeaf,raw_conditioned_context_bottleneck__raw_stats_GAF_STFT,raw_conditioned_context_bottleneck,raw_stats_GAF_STFT,Z4,stats,0.21192874014377594,0.3683432638645172,Attention is a diagnostic view of latent-token interactions with modality tokens; it is not absolute causal importance.
SwedishLeaf,raw_conditioned_context_bottleneck__raw_stats_GAF_STFT,raw_conditioned_context_bottleneck,raw_stats_GAF_STFT,Z4,gaf,0.41127583384513855,0.45824965834617615,Attention is a diagnostic view of latent-token interactions with modality tokens; it is not absolute causal importance.
SwedishLeaf,raw_conditioned_context_bottleneck__raw_stats_GAF_STFT,raw_conditioned_context_bottleneck,raw_stats_GAF_STFT,Z4,stft,0.3767954707145691,0.4568050801753998,Attention is a diagnostic view of latent-token interactions with modality tokens; it is not absolute causal importance.
